Speed_kmh,Acceleration_ms2,EngineLoad_pct,RPM,Throttle_pct,Congestion,TrafficSignals,StopGoFrequency,Temperature_C,Slope_deg,Distance_km,Elevation_m,Brake,RoadType,Weather,Horsepower,VehicleClass,FuelType,City,FuelRate_Lph
63.49,1.66,62.2,2638,61.1,0,4,3,33.0,4.62,0.13,18.4,0,0,0,187,SUV,Petrol,Jaipur,4.09
54.4,0.13,53.8,1668,27.3,1,11,30,25.4,2.34,3.09,666.6,1,1,2,104,MUV,Petrol,Bangalore,2.36
94.06,2.35,73.6,3491,72.2,1,4,1,37.7,-0.9,2.0,217.1,1,0,0,194,SUV,Petrol,Jaipur,4.37
31.74,1.85,59.0,1985,49.2,2,15,28,25.2,-4.52,0.41,248.8,1,1,0,120,MUV,Petrol,Mumbai,2.68
102.79,1.95,63.3,3649,66.6,0,0,4,38.0,-0.9,1.64,406.9,0,0,0,123,MUV,Diesel,Hyderabad,2.79
30.2,0.62,50.5,1564,31.3,0,10,10,23.2,-0.98,4.54,217.7,0,2,0,86,Hatchback,Petrol,Pune,1.15
39.39,0.69,52.5,1607,27.0,1,5,28,23.8,-0.44,1.34,197.5,0,1,0,165,SUV,Diesel,Lucknow,2.26
80.7,1.37,66.7,3217,57.1,1,0,2,37.7,-0.64,1.29,642.5,0,0,0,78,Hatchback,Petrol,Mumbai,2.84
54.33,2.04,62.8,2174,62.3,2,8,28,27.0,2.78,3.7,167.3,0,1,0,88,Hatchback,Diesel,Mumbai,4.17
34.14,0.55,51.1,1799,29.1,2,6,9,30.0,-0.86,4.45,680.7,0,2,0,179,SUV,Diesel,Lucknow,2.35
34.34,1.76,58.2,1900,47.2,1,3,18,32.5,-3.39,3.76,519.7,1,2,0,74,Hatchback,CNG,Kolkata,2.01
19.83,2.01,57.0,1775,67.1,1,7,12,26.8,1.88,1.48,19.5,0,2,0,86,Hatchback,Diesel,Hyderabad,3.12
18.27,0.28,43.4,1142,7.1,2,6,7,39.9,-0.8,2.03,675.4,0,2,1,71,Hatchback,CNG,Chennai,1.95
102.53,2.04,68.3,3553,72.3,1,4,9,26.7,4.31,3.28,561.6,1,0,1,148,SUV,Diesel,Delhi,4.41
87.94,0.17,57.8,2847,28.4,0,4,5,20.5,-3.23,3.87,172.7,0,0,0,92,MUV,CNG,Delhi,0.5
22.91,1.14,51.1,1509,33.7,0,4,21,28.9,-0.41,3.47,46.6,1,2,1,75,Hatchback,Petrol,Bangalore,1.88
58.19,1.11,61.5,2238,44.1,1,11,14,34.9,2.32,2.42,78.3,0,1,1,107,Sedan,Petrol,Hyderabad,3.18
82.48,2.16,64.9,3134,67.2,0,1,2,34.8,1.94,2.92,310.5,1,0,1,83,Hatchback,Diesel,Ahmedabad,3.14
28.27,0.14,45.1,1463,22.0,0,17,21,35.3,-1.39,0.21,651.6,0,1,1,96,MUV,Diesel,Chennai,0.87
27.1,2.48,57.0,2299,61.1,2,13,33,37.1,1.64,4.31,343.2,0,1,1,80,Hatchback,CNG,Jaipur,4.6
31.91,2.4,59.8,2166,62.3,0,23,26,31.9,6.07,2.52,66.6,1,1,0,92,Hatchback,Petrol,Mumbai,4.86
34.36,1.41,51.8,1952,44.3,1,11,9,32.1,-0.78,1.19,317.3,1,2,0,123,MUV,Diesel,Pune,2.21
32.01,1.91,50.1,2274,52.0,2,2,11,28.2,-0.01,2.4,45.0,0,2,0,182,SUV,Petrol,Chennai,4.05
52.08,2.24,64.4,2627,63.7,0,17,22,26.1,6.83,3.51,363.6,0,1,0,77,Hatchback,Petrol,Mumbai,4.97
32.26,1.65,52.7,1836,41.8,0,13,12,18.8,-2.31,2.32,25.9,0,2,0,90,Hatchback,Petrol,Pune,1.85
44.54,2.18,55.4,2370,59.6,2,6,19,31.5,0.89,1.97,775.9,0,1,2,90,Hatchback,Petrol,Bangalore,4.23
111.88,2.49,74.4,3971,73.1,2,0,4,27.0,-0.43,4.77,484.9,0,0,0,174,SUV,Petrol,Lucknow,5.32
23.0,1.45,48.6,1560,41.4,1,13,5,30.1,4.47,1.14,109.1,1,2,0,92,MUV,Petrol,Pune,3.61
18.71,1.05,44.0,1496,36.1,1,7,5,28.6,-0.1,2.51,263.0,0,2,0,139,MUV,Diesel,Delhi,1.87
36.47,0.51,52.2,1591,23.6,2,7,36,34.6,-4.3,1.88,402.7,0,1,0,172,SUV,Petrol,Hyderabad,2.09
82.64,0.3,58.8,2659,29.7,1,0,9,34.9,0.17,3.82,425.0,0,0,0,79,Hatchback,Petrol,Lucknow,2.05
86.84,0.75,62.2,2736,34.0,0,2,2,27.2,5.06,3.97,398.8,0,0,0,155,SUV,Diesel,Pune,3.15
33.5,0.69,51.9,1674,28.3,1,24,35,32.6,-6.83,4.27,70.3,0,1,0,175,SUV,Diesel,Jaipur,1.11
41.4,0.55,51.8,1869,14.2,2,23,22,36.7,-1.38,3.09,230.9,0,1,1,189,SUV,Petrol,Jaipur,2.92
63.8,2.04,66.8,2858,57.9,0,3,1,20.7,7.3,2.12,279.1,0,0,0,85,Hatchback,CNG,Bangalore,4.45
28.76,2.05,56.5,1684,57.7,0,13,7,22.9,-0.81,4.1,351.3,1,2,1,108,MUV,CNG,Hyderabad,2.57
113.97,1.6,72.2,3739,56.6,2,1,4,34.7,-1.2,3.99,496.1,0,0,0,144,Sedan,Diesel,Mumbai,3.71
102.84,2.07,72.0,3756,66.3,0,4,9,38.0,-1.28,3.64,576.0,0,0,0,139,MUV,Diesel,Chennai,3.1
114.51,1.31,70.8,3688,57.8,0,1,9,26.0,0.67,3.57,122.0,0,0,0,175,SUV,Diesel,Ahmedabad,3.42
119.09,0.9,73.3,3630,41.0,1,3,5,41.8,4.19,1.11,630.2,0,0,0,103,Sedan,Petrol,Lucknow,4.62
39.23,2.29,56.0,2346,58.8,0,21,20,40.0,2.72,1.18,170.1,0,1,2,116,Sedan,Petrol,Lucknow,4.51
105.0,0.59,64.9,3160,36.6,1,2,7,30.1,-2.14,3.9,362.6,0,0,0,74,Hatchback,Petrol,Jaipur,2.05
23.02,1.65,55.8,1963,50.4,1,7,19,35.8,-3.39,0.2,83.3,0,1,0,126,Sedan,Petrol,Hyderabad,2.51
30.76,0.59,50.8,1367,35.8,1,5,24,23.4,-3.72,1.96,472.2,0,2,1,86,Hatchback,Diesel,Bangalore,0.98
29.09,1.27,51.4,1988,51.0,2,9,21,27.6,2.02,1.36,111.5,1,2,0,131,MUV,Petrol,Lucknow,3.39
84.31,0.44,60.0,2824,28.2,0,1,6,38.7,2.13,2.52,458.6,0,0,0,180,SUV,Diesel,Chennai,2.34
14.61,0.26,46.8,1164,21.5,1,6,8,30.1,4.5,4.75,317.3,1,2,0,82,Hatchback,Petrol,Ahmedabad,2.4
50.84,1.85,59.5,2319,64.5,0,25,18,31.5,2.12,4.02,555.8,0,1,0,155,SUV,Diesel,Mumbai,3.14
117.01,1.63,75.1,3933,68.9,1,0,7,25.6,3.09,0.35,535.9,1,0,2,100,Sedan,Petrol,Chennai,4.82
27.7,2.01,54.2,1969,51.5,1,12,27,27.5,6.57,3.29,291.8,1,1,0,75,Hatchback,Diesel,Ahmedabad,4.09
42.9,1.69,49.4,2309,49.8,1,28,26,33.5,2.99,2.36,792.3,1,1,0,96,MUV,Petrol,Chennai,3.64
54.95,1.1,56.4,2144,45.2,2,19,34,30.2,-0.9,1.51,237.0,0,1,0,199,SUV,Petrol,Mumbai,3.47
47.19,1.99,62.7,2347,57.4,2,16,36,41.8,2.02,3.11,133.6,0,1,0,129,Sedan,Petrol,Chennai,5.02
30.66,0.62,51.0,1719,39.8,1,6,9,28.4,0.33,2.51,797.1,0,2,0,94,Hatchback,Petrol,Delhi,1.84
31.5,0.76,50.1,1654,31.0,0,12,13,37.4,0.69,1.48,202.1,0,2,0,188,SUV,Petrol,Jaipur,2.61
22.9,1.73,51.5,1882,46.6,0,4,7,41.8,1.77,4.27,693.8,0,2,0,76,Hatchback,Diesel,Chennai,2.81
13.97,0.17,42.6,1016,12.3,2,12,17,36.2,1.48,4.11,665.7,1,2,1,80,Hatchback,Petrol,Chennai,2.41
41.6,1.93,58.3,2230,56.9,0,7,25,33.3,1.82,0.6,749.8,0,1,0,94,MUV,Petrol,Lucknow,3.53
22.32,2.48,63.1,1896,54.7,2,28,36,35.0,4.15,0.42,657.2,1,1,1,128,MUV,CNG,Mumbai,5.57
26.54,0.63,47.3,1710,33.6,2,27,38,44.9,-0.67,4.72,335.8,0,1,0,180,SUV,Petrol,Delhi,3.18
15.75,1.66,51.4,1794,47.6,0,14,7,41.7,1.37,3.88,675.8,0,2,0,197,SUV,Diesel,Chennai,3.27
24.69,1.13,54.8,1543,36.7,2,21,39,34.8,-4.77,4.01,248.3,0,1,1,104,MUV,CNG,Ahmedabad,2.31
47.8,0.2,50.1,1793,33.9,2,5,37,31.0,-0.07,3.54,447.7,0,1,1,74,Hatchback,Petrol,Delhi,2.25
47.58,0.5,52.5,2151,32.6,1,22,24,29.5,0.18,3.57,696.8,0,1,0,72,Hatchback,Diesel,Ahmedabad,1.62
51.35,1.15,61.7,2376,53.5,0,7,18,29.9,-1.27,1.71,376.1,1,1,0,131,Sedan,Diesel,Pune,1.79
41.7,1.73,58.5,2352,51.0,0,7,37,18.6,2.8,2.18,276.7,0,1,1,89,Hatchback,Petrol,Delhi,3.95
49.01,2.0,56.4,2189,64.5,1,8,11,41.4,-0.38,1.26,620.8,1,1,0,128,MUV,Diesel,Delhi,3.02
23.9,0.96,45.2,1532,27.6,1,19,23,25.4,-3.88,3.89,104.7,0,1,0,111,Sedan,CNG,Pune,1.37
33.48,1.51,52.3,1755,52.8,1,13,10,21.8,-4.82,1.85,426.8,1,1,0,77,Hatchback,Petrol,Ahmedabad,1.32
57.46,0.53,57.5,2185,25.7,1,5,32,26.9,-2.64,2.45,548.8,0,1,0,119,MUV,CNG,Kolkata,1.78
33.71,0.42,49.3,1645,22.0,0,10,29,31.8,-1.28,3.68,124.9,0,1,0,147,Sedan,Diesel,Lucknow,1.44
29.21,2.3,54.0,2225,70.0,1,12,12,24.6,-2.97,3.06,254.5,0,2,1,196,SUV,Diesel,Delhi,2.84
99.03,2.26,74.3,3483,64.4,0,3,5,17.6,-2.7,3.28,262.7,1,0,0,82,Hatchback,CNG,Lucknow,2.82
20.59,1.64,57.3,2192,46.4,0,15,12,32.3,-4.89,2.44,315.5,1,1,0,181,SUV,Petrol,Lucknow,1.89
55.92,0.24,50.6,1996,15.7,2,29,13,27.5,-0.3,1.5,245.8,1,1,0,188,SUV,Diesel,Chennai,1.96
70.87,0.54,61.7,2354,35.3,1,3,9,25.4,-0.43,0.53,652.6,0,0,0,94,MUV,Diesel,Delhi,1.79
51.75,0.97,56.6,2394,33.7,0,19,19,29.5,-3.17,3.69,680.9,1,1,0,92,MUV,Diesel,Pune,1.02
21.82,0.85,50.5,1593,24.7,0,6,21,22.1,2.2,0.39,113.4,0,2,0,177,SUV,Petrol,Delhi,2.82
20.63,1.55,52.5,1731,48.4,2,28,37,26.2,-3.93,3.02,321.0,0,1,0,96,MUV,Diesel,Bangalore,2.0
30.85,0.65,46.0,1413,21.6,2,12,27,36.1,-0.04,1.73,464.4,0,1,0,144,SUV,Diesel,Delhi,2.47
52.87,2.45,60.6,2595,72.2,1,16,26,19.9,2.29,1.29,537.2,0,1,0,147,Sedan,Petrol,Lucknow,4.68
73.64,0.93,58.8,2810,41.1,0,4,1,24.9,0.58,4.38,129.4,0,0,0,127,MUV,Petrol,Hyderabad,2.16
41.59,1.38,54.5,2012,41.8,2,17,12,31.0,2.94,0.21,123.0,1,1,0,124,Sedan,CNG,Chennai,3.57
30.73,2.08,57.2,2055,51.5,2,5,7,32.9,-4.74,0.49,621.4,1,2,0,106,Sedan,CNG,Kolkata,2.26
28.64,1.03,49.4,1614,43.5,1,6,37,29.9,-0.3,3.14,237.9,0,1,0,111,MUV,Petrol,Kolkata,2.49
45.33,0.63,51.8,2075,32.3,1,12,26,22.5,2.63,2.08,523.3,0,1,1,73,Hatchback,Petrol,Bangalore,2.91
84.97,0.72,61.6,2619,33.7,0,2,4,31.2,-0.09,2.79,363.5,1,0,1,162,SUV,Petrol,Pune,2.19
51.4,1.99,60.5,2376,67.5,2,17,26,25.3,2.03,0.29,721.4,0,1,0,102,MUV,Diesel,Bangalore,3.64
22.67,1.87,53.4,1846,52.4,0,28,22,41.9,-1.36,0.45,57.0,0,1,1,94,Hatchback,Petrol,Jaipur,2.85
65.9,1.34,64.3,2471,51.2,0,1,5,29.3,-0.63,4.8,382.6,1,0,0,149,Sedan,CNG,Bangalore,2.15
23.02,0.91,47.6,1360,23.4,0,13,6,18.4,-5.84,3.1,754.5,1,2,0,198,SUV,Diesel,Jaipur,0.57
31.16,1.91,55.1,2096,57.1,0,10,19,29.1,1.99,0.97,436.0,0,2,1,114,MUV,Petrol,Chennai,3.75
117.91,1.86,74.6,4204,69.7,1,2,6,20.9,-5.28,3.48,698.7,0,0,1,156,SUV,Diesel,Delhi,2.99
12.48,1.43,51.8,1310,42.9,0,11,6,22.4,3.59,2.82,4.2,1,2,1,149,SUV,Diesel,Jaipur,2.94
25.96,2.49,63.0,2028,65.3,2,27,15,42.8,2.8,2.02,330.1,0,1,0,141,Sedan,Diesel,Lucknow,4.54
94.8,1.27,69.9,3109,51.5,0,3,3,26.7,3.27,0.83,556.3,0,0,1,81,Hatchback,Petrol,Pune,3.44
79.69,0.25,60.2,2667,23.9,0,0,1,31.3,-1.62,3.22,396.9,1,0,0,129,MUV,Diesel,Kolkata,0.99
59.19,1.51,57.0,2549,51.0,2,7,22,42.6,-1.23,1.95,369.4,0,1,0,190,SUV,Petrol,Lucknow,3.93
114.23,0.12,63.0,3163,35.0,1,2,0,36.7,-0.52,2.41,10.7,0,0,1,130,MUV,Petrol,Chennai,2.73
111.19,1.45,68.3,3711,53.9,1,2,3,40.3,-0.45,3.69,438.7,0,0,0,113,Sedan,Diesel,Ahmedabad,3.1
39.78,1.84,53.7,2019,50.4,0,25,27,39.9,4.89,0.54,547.0,0,1,1,118,MUV,CNG,Ahmedabad,4.19
29.05,0.44,48.3,1506,22.9,1,6,10,38.0,-0.37,3.77,232.5,1,1,0,95,Hatchback,Diesel,Lucknow,1.55
33.59,1.92,53.7,2144,61.9,1,25,29,43.5,1.14,2.83,442.0,1,1,1,170,SUV,Diesel,Ahmedabad,3.62
23.74,0.55,45.6,1649,21.4,0,9,28,28.7,-2.83,3.25,156.7,0,1,0,116,MUV,Petrol,Hyderabad,0.91
34.52,0.44,46.5,1714,34.8,2,22,20,32.0,-3.2,0.51,705.9,0,1,0,126,Sedan,Petrol,Kolkata,1.62
112.92,1.75,76.5,3598,57.5,0,2,6,36.0,1.45,0.64,607.7,0,0,1,139,MUV,Petrol,Chennai,4.49
18.38,2.08,52.5,1746,51.4,1,11,20,25.4,-6.09,3.77,520.9,0,2,0,84,Hatchback,Diesel,Lucknow,1.35
78.9,1.67,68.5,3075,54.7,0,3,6,20.4,-1.79,0.44,610.5,1,0,1,94,Hatchback,Diesel,Bangalore,1.91
30.41,1.45,48.4,1525,44.7,2,5,15,35.0,3.3,1.96,781.4,0,1,1,89,Hatchback,CNG,Mumbai,3.76
56.43,0.14,49.6,1878,27.7,2,14,28,27.0,-1.61,4.38,90.1,1,1,2,82,Hatchback,Petrol,Hyderabad,1.8
32.05,0.82,52.1,1848,36.3,1,15,30,28.1,0.64,1.01,63.2,1,1,0,106,Sedan,Petrol,Mumbai,2.5
28.81,1.36,50.9,1730,43.2,2,16,10,33.5,-0.23,0.77,272.7,0,1,1,121,Sedan,Petrol,Delhi,3.41
47.06,2.43,61.3,2246,71.0,2,8,31,26.2,-0.65,0.11,31.8,0,1,1,112,MUV,Diesel,Bangalore,3.79
38.97,2.15,59.5,2301,60.9,1,21,22,33.1,-0.93,2.25,174.8,0,1,0,156,SUV,CNG,Mumbai,3.26
23.29,0.17,45.5,1248,24.7,1,12,11,38.7,-2.13,4.42,536.8,1,2,0,114,Sedan,CNG,Lucknow,1.11
103.05,0.37,59.8,2736,31.1,1,0,3,37.3,-0.63,3.78,56.8,0,0,2,94,Hatchback,CNG,Ahmedabad,2.22
43.75,2.29,61.7,2494,63.4,1,14,23,36.1,-2.23,0.8,9.4,0,1,1,116,Sedan,Diesel,Delhi,2.83
49.17,1.76,57.1,2173,58.0,2,29,15,26.2,3.0,2.29,638.7,0,1,0,72,Hatchback,Petrol,Chennai,3.99
34.85,1.75,55.3,1869,46.0,2,29,31,27.5,-1.29,0.22,516.7,0,1,0,167,SUV,Diesel,Lucknow,2.99
28.72,1.75,58.4,1852,49.8,1,16,15,33.8,1.64,1.98,31.2,0,1,1,187,SUV,Diesel,Mumbai,3.74
31.57,2.39,59.3,2311,55.4,0,9,35,20.3,-4.46,1.77,433.1,0,1,1,146,Sedan,Petrol,Bangalore,2.88
27.78,0.75,46.0,1306,33.3,1,21,30,25.9,-3.22,2.28,501.0,1,1,0,108,Sedan,Petrol,Pune,1.23
44.83,0.19,45.7,1828,22.7,1,9,16,32.3,5.31,4.36,104.5,0,1,1,152,SUV,Diesel,Bangalore,2.82
59.24,1.51,60.7,2352,46.9,2,16,29,42.7,-1.79,2.61,393.9,0,1,0,90,Hatchback,Petrol,Ahmedabad,3.51
52.26,0.24,47.9,2106,19.7,2,7,25,30.0,-3.24,1.35,24.6,0,1,1,136,Sedan,CNG,Delhi,1.63
52.79,1.37,60.2,2491,39.0,2,13,33,31.5,0.54,3.53,83.5,1,1,1,134,Sedan,Diesel,Hyderabad,3.23
24.44,0.11,46.8,1462,15.7,2,17,22,29.3,-4.85,0.81,568.1,0,1,0,169,SUV,Petrol,Kolkata,1.16
39.06,2.45,62.3,2552,59.0,1,5,26,27.2,-9.06,2.97,499.8,0,1,2,114,Sedan,Diesel,Jaipur,1.75
23.81,1.83,55.8,1966,47.3,2,5,17,37.3,-4.62,0.6,151.2,0,2,1,121,MUV,Diesel,Delhi,2.59
12.07,0.41,47.4,1206,25.5,1,13,15,30.6,-5.64,4.69,540.1,0,2,0,135,Sedan,Petrol,Delhi,0.64
25.56,0.54,49.2,1373,36.2,2,25,30,37.1,-1.23,5.0,83.8,0,1,1,90,Hatchback,Petrol,Mumbai,2.25
111.54,1.1,68.6,3593,48.9,0,4,1,35.1,2.51,4.0,603.2,1,0,1,111,MUV,Petrol,Delhi,3.73
11.3,1.49,50.1,1435,44.3,0,13,12,20.3,1.77,2.76,79.9,0,2,1,78,Hatchback,Petrol,Pune,2.89
33.21,1.84,58.5,2027,49.9,1,16,31,39.1,-0.81,1.41,175.8,1,1,0,116,Sedan,Petrol,Kolkata,3.52
27.27,1.87,57.9,2218,61.4,1,11,30,25.4,2.36,2.79,703.4,0,1,0,138,MUV,Petrol,Chennai,4.28
27.75,1.24,57.8,1876,48.2,1,14,6,21.2,6.38,3.26,449.0,0,2,0,129,MUV,Diesel,Jaipur,3.82
24.46,1.63,49.7,1924,49.8,1,12,17,20.5,-0.71,1.52,376.0,0,2,1,118,Sedan,Petrol,Pune,3.03
117.48,1.3,72.8,3609,53.8,0,2,1,33.4,-0.54,2.78,346.3,1,0,0,134,Sedan,CNG,Kolkata,3.04
34.53,0.68,50.7,1773,27.3,2,14,22,21.3,-4.85,3.01,58.5,1,2,0,128,Sedan,CNG,Jaipur,1.21
34.18,1.96,57.0,2062,47.1,2,9,17,36.9,1.69,3.06,668.3,0,2,0,131,MUV,Diesel,Delhi,3.85
14.45,0.71,49.2,1281,26.6,1,8,12,39.3,1.85,2.61,385.2,0,2,0,107,MUV,CNG,Ahmedabad,2.6
42.56,2.27,60.9,2439,65.7,2,22,13,28.6,1.32,1.2,345.1,1,1,1,145,Sedan,CNG,Ahmedabad,4.04
85.81,1.93,67.9,3314,59.6,0,1,7,24.6,-2.38,1.55,475.0,1,0,1,111,MUV,Diesel,Bangalore,2.17
11.19,0.95,46.1,878,37.0,1,5,6,32.3,-0.5,2.78,425.6,1,2,0,144,SUV,CNG,Chennai,2.18
60.61,0.22,57.1,1993,19.2,1,3,2,37.0,5.44,3.82,487.7,0,0,0,82,Hatchback,Diesel,Chennai,2.57
23.56,1.09,47.6,1357,36.5,0,9,21,29.3,-0.97,1.87,759.4,1,2,0,81,Hatchback,CNG,Hyderabad,1.72
118.35,0.34,65.1,3507,34.6,0,1,7,36.1,-1.38,3.36,125.9,1,0,1,182,SUV,Diesel,Hyderabad,2.19
35.49,1.98,55.9,2205,61.7,0,8,27,29.1,0.16,3.56,427.4,0,1,0,118,MUV,CNG,Mumbai,3.26
58.1,2.04,57.8,2774,60.5,2,20,36,24.1,4.06,0.45,250.3,1,1,2,92,MUV,Diesel,Hyderabad,4.25
84.7,1.07,63.3,2780,50.2,1,0,4,25.3,5.44,1.73,45.3,0,0,0,123,MUV,Petrol,Mumbai,4.05
85.1,0.88,63.3,2830,42.4,2,4,7,34.1,-2.82,4.9,444.4,1,0,1,162,SUV,CNG,Kolkata,2.55
31.5,1.55,50.4,1838,44.9,2,14,15,22.9,5.02,3.28,213.9,0,1,0,80,Hatchback,Petrol,Bangalore,4.49
41.03,0.38,46.6,1845,27.4,0,6,38,30.8,3.9,1.93,40.4,0,1,1,135,Sedan,Petrol,Ahmedabad,2.74
49.58,1.3,61.4,2330,42.6,2,10,25,27.9,0.78,2.61,350.7,1,1,1,155,SUV,Petrol,Mumbai,3.85
99.24,2.29,69.2,3272,74.6,0,4,6,34.4,-4.05,3.01,297.8,0,0,1,175,SUV,Diesel,Lucknow,2.94
49.52,0.99,54.3,2289,49.9,0,18,17,21.0,-2.36,4.49,533.2,1,1,1,189,SUV,CNG,Jaipur,1.59
37.7,1.11,54.8,2118,40.4,2,15,14,26.0,-3.94,2.1,375.6,0,1,1,129,MUV,Petrol,Ahmedabad,2.3
33.56,2.08,54.4,2108,61.2,1,3,11,24.0,-4.87,3.74,61.3,0,2,0,132,Sedan,Petrol,Hyderabad,2.21
40.23,0.35,50.6,2189,25.5,2,11,25,35.2,-0.94,3.42,670.3,0,1,0,129,MUV,Petrol,Pune,2.41
39.58,2.17,60.9,2174,64.8,2,17,26,31.4,-6.18,2.13,585.9,0,1,1,70,Hatchback,Petrol,Chennai,2.68
29.81,0.66,49.9,1686,17.8,1,27,24,23.1,4.24,2.2,432.7,0,1,0,154,SUV,Petrol,Bangalore,3.66
27.42,1.76,57.7,2028,48.6,0,6,11,32.4,0.11,2.15,14.5,0,2,0,76,Hatchback,Petrol,Hyderabad,2.59
30.13,1.39,54.3,1894,32.3,2,29,31,27.8,-0.56,3.98,361.0,1,1,1,95,Hatchback,Diesel,Bangalore,2.72
64.02,2.14,63.1,2768,65.2,1,3,8,38.3,0.88,1.23,754.0,0,0,2,84,Hatchback,Petrol,Lucknow,4.13
34.98,1.8,58.2,1898,50.8,2,24,20,35.1,-0.02,4.04,618.2,0,1,1,116,Sedan,Petrol,Hyderabad,3.93
72.43,0.93,60.0,2515,37.3,1,3,6,30.2,-3.78,3.89,682.1,0,0,1,111,MUV,Diesel,Pune,1.71
43.54,2.17,62.7,2486,71.0,1,29,17,30.0,4.26,0.75,355.1,1,1,1,88,Hatchback,Petrol,Ahmedabad,4.68
30.78,1.67,54.6,1919,55.1,1,25,35,33.1,2.22,0.84,173.8,1,1,1,78,Hatchback,Diesel,Bangalore,3.29
54.32,0.58,52.9,2351,27.4,1,20,15,40.0,0.83,3.77,650.2,0,1,1,77,Hatchback,Petrol,Chennai,2.79
20.55,0.13,41.4,1468,19.3,1,20,30,38.1,3.21,3.16,691.5,1,1,1,110,MUV,Petrol,Kolkata,2.9
29.16,2.33,53.3,2127,67.1,2,23,32,26.2,1.65,3.6,474.5,0,1,1,119,Sedan,Petrol,Bangalore,4.72
47.64,1.43,55.1,2168,53.0,0,29,18,43.3,-3.96,4.75,48.5,1,1,0,118,Sedan,CNG,Jaipur,1.73
39.54,2.1,59.3,2209,59.6,1,17,22,39.1,-2.51,3.54,53.2,0,1,2,138,Sedan,Diesel,Jaipur,3.09
35.02,0.4,49.0,1752,18.7,2,27,33,27.0,4.88,4.71,620.7,0,1,2,134,MUV,CNG,Pune,3.93
17.65,0.61,41.5,1314,16.5,0,12,6,25.1,-1.39,4.01,261.0,0,2,1,116,Sedan,Petrol,Pune,1.08
108.54,0.47,62.7,2915,36.8,1,1,5,34.1,4.06,0.77,464.6,0,0,0,131,MUV,Petrol,Kolkata,3.85
52.9,1.2,62.5,2384,45.2,1,14,30,19.5,1.11,1.64,430.4,1,1,0,105,MUV,Petrol,Pune,3.08
19.04,0.89,50.9,1389,32.7,0,4,20,29.3,0.79,2.94,391.7,0,2,0,171,SUV,Petrol,Lucknow,2.53
94.25,0.62,61.1,3076,32.7,0,3,4,26.2,0.66,1.94,638.2,0,0,1,164,SUV,CNG,Jaipur,2.34
73.09,0.73,58.2,2586,38.7,0,1,3,27.2,4.06,0.85,366.7,0,0,1,91,Hatchback,Diesel,Chennai,2.54
28.3,0.12,49.1,1652,17.4,1,19,36,42.6,4.84,3.55,748.1,1,1,0,151,SUV,Petrol,Jaipur,3.65
100.2,0.4,60.2,3114,32.4,1,3,9,24.8,1.95,1.16,268.8,0,0,1,108,Sedan,Petrol,Chennai,3.01
44.43,1.46,57.4,1950,47.7,0,14,39,20.5,0.64,4.64,292.7,1,1,2,126,MUV,Petrol,Lucknow,3.31
31.75,1.53,51.8,1830,41.4,1,12,28,25.9,4.15,2.58,280.3,1,1,0,171,SUV,Diesel,Bangalore,3.75
37.43,0.44,50.1,1746,18.1,1,23,35,34.2,-0.65,0.91,192.0,0,1,0,78,Hatchback,CNG,Kolkata,1.67
114.29,2.27,78.0,3719,83.2,0,3,7,23.1,2.8,4.49,727.3,1,0,0,198,SUV,Petrol,Delhi,5.16
37.2,1.86,56.9,1856,57.4,0,21,29,25.4,-4.87,2.23,131.5,0,1,0,157,SUV,Petrol,Hyderabad,2.05
24.17,1.45,49.2,1709,41.4,0,8,7,29.9,-0.72,0.47,289.2,1,2,2,71,Hatchback,Petrol,Pune,2.07
44.68,2.2,61.5,2628,59.1,1,15,37,41.0,-4.58,3.99,25.4,1,1,1,198,SUV,Petrol,Lucknow,3.39
30.11,1.89,58.0,2015,53.7,2,14,31,31.0,-3.55,4.19,286.7,0,1,0,102,Sedan,Petrol,Mumbai,3.08
38.36,0.38,50.9,2008,24.0,2,25,33,39.3,-1.54,2.1,129.0,1,1,1,95,Hatchback,Petrol,Jaipur,2.22
57.54,0.95,56.9,2457,36.9,0,16,12,25.5,1.28,1.93,204.3,0,1,0,97,Hatchback,Diesel,Pune,2.04
83.72,2.09,64.3,3125,66.4,0,3,7,34.2,3.05,1.23,401.9,0,0,1,83,Hatchback,Diesel,Hyderabad,3.55
21.72,1.17,49.6,1640,35.1,1,25,38,23.3,-8.53,1.32,438.0,1,1,0,113,MUV,Petrol,Lucknow,0.52
118.7,0.61,67.0,3647,40.4,0,3,3,16.2,-2.91,3.13,363.5,1,0,0,79,Hatchback,Diesel,Jaipur,1.34
39.88,0.41,46.3,1963,23.6,2,27,39,19.2,2.83,1.77,644.0,0,1,2,106,Sedan,CNG,Pune,3.33
33.71,2.18,56.2,2141,59.7,0,8,21,20.1,-1.56,2.03,22.9,1,2,0,89,Hatchback,Diesel,Delhi,2.12
23.6,2.27,56.4,1878,59.7,0,12,19,34.1,3.63,4.05,179.5,0,2,0,105,MUV,Petrol,Ahmedabad,4.27
54.83,1.69,62.3,2586,62.6,1,27,25,22.3,-0.47,2.81,173.0,1,1,0,102,MUV,Petrol,Ahmedabad,2.89
70.28,0.56,54.6,2511,31.4,1,3,2,28.2,-0.94,1.23,329.0,0,0,0,149,SUV,Petrol,Hyderabad,2.05
26.25,0.18,46.2,1332,12.9,0,15,14,34.1,0.04,0.93,281.4,1,1,1,143,Sedan,Diesel,Kolkata,1.27
46.61,2.34,66.2,2507,71.0,1,20,25,29.7,-2.86,3.85,202.4,1,1,0,157,SUV,Petrol,Delhi,3.32
69.11,1.94,66.1,2812,66.1,2,2,0,17.8,-3.81,3.3,200.9,0,0,2,115,MUV,Petrol,Jaipur,3.1
36.45,1.59,57.4,2028,54.1,0,13,21,43.9,2.07,3.65,394.1,1,1,0,95,Hatchback,Petrol,Lucknow,3.41
22.78,0.92,46.1,1508,27.2,1,18,14,34.4,3.11,2.67,558.3,1,1,0,133,Sedan,CNG,Chennai,2.84
28.72,1.52,54.1,1719,51.1,1,8,30,27.3,2.0,1.78,107.7,0,1,0,95,Hatchback,Diesel,Hyderabad,3.23
31.53,0.13,43.8,1523,18.5,2,18,24,26.6,2.77,4.08,307.2,0,1,2,136,MUV,Petrol,Delhi,3.05
54.94,2.05,57.7,2437,52.0,1,7,29,35.8,3.62,1.64,106.6,0,1,0,79,Hatchback,Petrol,Pune,4.59
22.5,1.72,53.0,1491,44.9,1,7,17,34.6,2.11,1.21,440.8,1,2,1,184,SUV,Diesel,Kolkata,3.36
21.85,0.81,49.2,1234,30.7,0,8,18,33.7,4.72,3.3,123.1,1,2,1,175,SUV,Diesel,Kolkata,2.83
34.91,0.96,49.0,2000,30.2,1,13,10,38.1,4.89,3.81,363.3,1,2,0,188,SUV,Diesel,Hyderabad,3.43
40.24,2.49,60.4,2213,58.2,2,18,12,26.0,-5.38,3.33,353.6,0,1,0,187,SUV,Petrol,Lucknow,3.12
13.79,0.37,42.2,1121,18.6,1,11,11,42.3,0.23,3.14,558.6,1,2,1,109,MUV,Petrol,Lucknow,1.96
25.93,1.14,50.3,1757,44.5,0,20,12,32.3,6.81,4.16,626.8,0,1,1,107,MUV,Diesel,Delhi,3.38
44.13,1.11,56.0,1980,31.9,1,28,31,43.7,3.46,4.38,10.3,1,1,0,75,Hatchback,Diesel,Ahmedabad,3.1
87.56,0.22,54.9,2737,35.0,0,4,9,26.1,3.42,2.82,660.7,1,0,0,83,Hatchback,Diesel,Chennai,1.63
44.2,0.15,51.5,1850,24.3,1,23,32,31.5,-1.52,2.76,299.0,1,1,2,123,Sedan,Petrol,Chennai,1.78
53.57,0.25,50.5,2244,33.4,1,24,24,31.2,0.47,4.8,39.0,0,1,0,81,Hatchback,Petrol,Hyderabad,1.99
116.76,2.46,79.0,4138,84.2,2,0,8,31.7,2.77,0.33,742.4,1,0,1,186,SUV,Diesel,Hyderabad,5.41
46.12,0.34,49.8,2091,27.7,0,5,13,24.6,-2.77,1.26,77.6,1,1,1,140,SUV,Diesel,Bangalore,0.43
11.82,1.98,53.9,1587,49.0,0,3,19,33.1,1.79,2.06,327.7,1,2,0,130,Sedan,Petrol,Ahmedabad,3.5
11.49,1.1,51.1,1444,21.4,0,11,7,35.8,-2.9,0.75,127.0,0,2,1,156,SUV,Diesel,Mumbai,1.95
46.77,0.96,51.0,2101,49.8,1,15,20,41.8,-4.07,2.89,168.1,0,1,0,174,SUV,Petrol,Chennai,2.16
44.4,0.73,51.0,1995,44.5,0,17,26,34.2,-5.52,3.7,19.2,0,1,1,124,MUV,Petrol,Chennai,0.83
42.02,1.64,53.8,2165,41.3,1,28,22,32.5,2.45,3.17,646.7,0,1,0,105,Sedan,Petrol,Chennai,3.52
37.44,0.26,51.6,1742,17.4,1,17,15,22.9,2.24,2.94,11.7,1,1,1,87,Hatchback,Petrol,Delhi,2.3
10.5,1.69,50.8,1537,43.6,1,4,24,35.1,-0.95,3.23,255.8,1,2,1,94,Hatchback,Petrol,Jaipur,2.83
52.15,1.0,52.7,2159,37.8,1,25,32,36.4,-1.2,0.99,772.2,1,1,2,127,MUV,Diesel,Delhi,2.23
78.8,0.12,58.5,2556,31.1,0,4,2,28.6,-2.23,0.8,526.2,0,0,0,128,Sedan,Petrol,Hyderabad,0.89
39.43,2.16,59.2,2335,55.6,2,21,22,39.4,0.45,1.72,400.5,1,1,0,71,Hatchback,Petrol,Jaipur,4.03
86.72,1.9,67.2,3228,67.7,1,4,5,19.7,2.62,3.42,201.9,1,0,0,101,MUV,Petrol,Delhi,4.01
26.92,1.49,53.3,2024,43.7,0,2,22,23.6,-0.45,2.4,564.5,0,2,0,132,MUV,CNG,Hyderabad,2.44
33.04,2.17,60.6,2356,59.2,1,19,15,19.2,1.04,4.98,729.2,0,1,1,80,Hatchback,CNG,Jaipur,3.66
118.96,2.19,70.7,3570,69.2,0,1,0,27.1,1.29,0.77,221.5,0,0,0,85,Hatchback,Petrol,Pune,4.19
16.49,1.25,50.1,1376,28.7,1,4,13,38.2,0.32,4.13,602.3,1,2,0,185,SUV,Diesel,Delhi,2.82
104.64,0.19,63.8,3223,28.9,0,0,9,24.2,-2.08,3.41,407.1,1,0,0,195,SUV,Petrol,Jaipur,1.48
18.02,1.98,56.7,1725,53.8,0,8,12,32.8,-5.15,4.31,260.7,1,2,0,186,SUV,Diesel,Ahmedabad,1.64
30.2,2.12,57.4,2232,51.4,1,4,13,25.1,-2.95,1.7,16.6,0,2,0,127,Sedan,Petrol,Bangalore,2.88
111.58,1.33,68.0,3389,50.9,0,3,5,23.4,-4.39,2.03,435.6,1,0,2,109,Sedan,Diesel,Hyderabad,1.78
24.73,1.09,48.0,1622,38.0,1,10,28,33.8,1.67,0.79,610.8,0,1,0,109,Sedan,Petrol,Hyderabad,3.11
38.01,2.08,64.0,2318,58.9,2,13,32,38.4,2.02,4.14,551.0,1,1,1,85,Hatchback,Diesel,Ahmedabad,3.87
41.04,1.23,55.7,1638,44.1,1,21,23,33.5,-1.15,0.45,460.6,0,1,2,75,Hatchback,Petrol,Ahmedabad,2.59
77.88,0.11,55.7,2347,26.9,2,0,7,31.0,4.96,4.43,443.2,0,0,0,143,SUV,Diesel,Chennai,2.93
58.08,2.21,63.6,2638,55.6,1,24,33,29.8,2.23,4.6,339.0,0,1,1,105,MUV,Diesel,Mumbai,3.82
31.97,1.84,57.2,2215,54.9,1,16,26,27.4,-6.06,0.3,595.9,1,1,2,113,Sedan,Diesel,Chennai,1.64
104.96,0.8,65.7,3002,43.0,0,2,9,24.4,-0.26,2.43,718.4,1,0,1,133,Sedan,Petrol,Pune,2.53
22.15,0.9,50.4,1436,41.2,1,14,18,36.0,-0.22,4.29,334.6,0,1,0,116,MUV,Diesel,Delhi,2.23
33.03,1.5,53.9,2144,40.0,1,12,16,23.9,2.36,3.73,631.2,0,1,1,103,Sedan,CNG,Hyderabad,3.21
27.61,0.74,53.4,1615,30.0,0,11,7,31.7,-0.53,4.08,385.8,1,2,1,89,Hatchback,Petrol,Mumbai,1.72
79.7,1.28,66.0,2879,38.4,1,2,8,21.3,1.66,1.01,68.0,0,0,1,99,Hatchback,Diesel,Delhi,2.93
57.31,0.89,56.3,2178,40.3,1,28,32,25.5,-0.7,0.16,442.3,1,1,0,115,MUV,CNG,Delhi,2.01
37.17,2.11,63.4,2210,51.4,0,28,37,33.1,-2.95,0.28,42.2,0,1,0,133,Sedan,Petrol,Hyderabad,3.0
36.87,1.49,51.4,1845,44.5,1,6,29,25.9,-2.45,0.59,613.3,0,1,1,119,Sedan,Diesel,Pune,2.14
17.05,0.23,47.8,1256,21.4,2,2,16,30.3,-4.85,1.78,681.6,0,2,0,115,MUV,Diesel,Delhi,0.98
44.13,2.14,58.5,2423,53.3,1,6,14,18.4,0.5,3.62,217.2,0,1,2,146,SUV,Diesel,Delhi,3.66
21.85,0.2,44.1,1138,17.1,1,12,16,24.2,-0.87,3.87,340.4,0,2,0,135,MUV,Diesel,Bangalore,1.26
92.3,0.39,60.5,2640,40.0,1,3,5,39.6,-0.16,0.59,342.9,1,0,2,130,MUV,Petrol,Ahmedabad,2.47
35.97,2.39,61.1,2246,61.9,1,26,28,20.8,-4.32,3.18,512.3,1,1,0,92,Hatchback,CNG,Ahmedabad,2.34
44.33,0.65,51.7,1634,28.1,2,17,27,24.5,-3.12,2.06,45.9,0,1,1,75,Hatchback,CNG,Lucknow,1.76
40.19,1.69,57.4,2166,50.2,2,6,26,25.5,0.2,4.56,573.8,0,1,1,140,SUV,Petrol,Pune,3.65
50.28,2.49,64.8,2652,65.5,2,21,31,38.9,-1.34,0.4,658.2,0,1,0,116,MUV,Diesel,Kolkata,3.68
58.93,0.28,48.8,1814,22.9,0,16,16,22.7,-0.21,1.35,281.5,0,1,0,84,Hatchback,CNG,Delhi,0.94
61.31,1.22,57.6,2434,46.6,0,4,9,28.7,0.79,2.22,428.4,0,0,0,92,MUV,Petrol,Mumbai,2.06
11.26,1.49,48.3,1380,33.9,0,7,9,41.0,-2.38,0.86,351.7,0,2,0,145,Sedan,Diesel,Chennai,1.96
18.37,0.11,43.4,1220,13.7,2,14,21,26.2,-4.93,3.5,586.5,1,2,2,103,Sedan,Petrol,Delhi,1.09
29.09,1.34,59.6,1571,48.4,2,23,33,39.7,-1.83,1.98,277.6,1,1,0,94,MUV,Petrol,Lucknow,3.12
15.96,0.73,47.4,1679,29.6,1,2,17,28.1,-0.17,2.9,690.7,0,2,0,101,MUV,Petrol,Bangalore,2.19
35.78,1.54,51.9,2300,47.5,0,13,23,28.0,-1.45,4.46,128.5,0,1,0,112,MUV,CNG,Delhi,2.12
13.47,1.81,52.1,1861,49.0,2,8,16,26.1,4.55,3.24,629.1,0,2,0,134,Sedan,Petrol,Kolkata,4.85
47.49,0.84,57.2,1928,36.5,1,10,27,39.8,-0.09,1.18,203.2,1,1,0,180,SUV,Petrol,Hyderabad,2.89
20.3,2.18,50.8,1560,62.4,0,17,28,28.5,-2.95,1.86,214.2,1,1,1,106,Sedan,Petrol,Mumbai,2.3
59.72,0.52,54.6,2036,29.6,1,17,29,27.4,0.78,4.92,727.8,1,1,0,142,Sedan,Petrol,Mumbai,2.4
35.87,0.1,53.4,1600,19.0,1,26,25,34.2,-3.84,3.6,355.7,0,1,0,199,SUV,Petrol,Chennai,1.55
25.33,1.8,52.9,1964,53.1,2,21,22,27.8,-1.23,3.26,667.5,0,1,0,79,Hatchback,Petrol,Kolkata,3.22
23.26,1.14,49.7,1595,34.8,1,23,19,32.3,7.89,2.67,533.5,1,1,0,92,Hatchback,Petrol,Delhi,4.42
28.79,0.42,47.4,1595,8.0,2,11,19,34.3,2.15,4.31,136.5,0,1,0,133,MUV,Diesel,Jaipur,2.65
73.38,1.65,64.6,2693,52.5,1,1,3,33.8,-0.21,1.88,661.1,0,0,2,199,SUV,Petrol,Kolkata,4.02
41.01,0.96,58.9,2149,30.7,2,21,24,38.7,3.77,1.41,252.5,0,1,1,95,Hatchback,Petrol,Hyderabad,4.42
34.58,2.07,61.1,2100,55.5,1,12,6,26.5,1.5,2.8,154.0,0,2,1,133,Sedan,Petrol,Chennai,4.11
105.4,0.55,66.8,3179,35.5,0,4,5,27.2,0.29,4.12,261.4,0,0,0,115,MUV,Diesel,Delhi,1.96
27.89,1.75,51.3,2071,52.9,2,14,9,30.6,4.08,0.48,410.3,0,2,0,78,Hatchback,CNG,Ahmedabad,3.8
26.82,0.82,46.1,1533,30.5,2,5,11,19.9,1.97,1.17,497.0,0,2,1,128,Sedan,Diesel,Delhi,2.87
13.67,0.48,49.6,1308,19.3,0,2,23,38.2,-5.58,2.09,787.3,1,2,0,97,Hatchback,Petrol,Ahmedabad,0.3
12.59,0.64,42.7,1105,27.7,1,3,13,34.5,-8.01,0.45,654.6,0,2,0,102,Sedan,Diesel,Pune,0.31
38.09,1.41,53.1,1941,42.9,2,17,29,32.3,-2.69,1.22,174.6,0,1,0,97,MUV,Petrol,Ahmedabad,2.72
47.43,2.02,51.6,2412,58.7,1,11,35,27.3,4.57,2.21,350.2,0,1,0,189,SUV,CNG,Chennai,4.45
97.45,0.75,62.7,2904,46.4,1,3,3,42.6,-1.96,3.43,239.6,0,0,2,174,SUV,Petrol,Ahmedabad,2.99
94.78,2.5,72.0,3651,69.6,1,1,3,32.2,4.36,0.77,782.0,0,0,0,154,SUV,Diesel,Bangalore,4.84
19.46,1.61,50.4,1813,46.5,2,10,6,21.4,-2.95,4.65,397.4,0,2,0,71,Hatchback,Diesel,Bangalore,2.0
94.93,2.06,73.6,3458,73.5,0,2,2,36.8,-0.65,3.06,504.0,0,0,0,120,MUV,CNG,Lucknow,3.43
72.69,2.4,70.0,3221,71.8,1,4,7,22.3,0.42,3.2,348.2,0,0,2,107,Sedan,Diesel,Kolkata,3.53
19.57,1.61,52.5,1458,42.7,0,13,12,32.3,1.16,2.3,390.3,1,2,0,82,Hatchback,Diesel,Bangalore,2.36
77.46,1.53,61.6,2902,49.9,0,1,5,27.1,-2.39,4.18,370.6,1,0,0,102,Sedan,CNG,Pune,1.71
27.27,1.22,51.7,1690,34.3,0,27,36,20.7,3.99,3.6,343.9,1,1,2,127,Sedan,Petrol,Pune,3.53
44.58,0.89,56.5,2166,31.9,0,22,21,35.8,-2.23,1.48,328.9,0,1,1,75,Hatchback,Diesel,Lucknow,1.28
25.41,2.26,52.8,1994,59.8,1,2,7,19.4,-1.65,0.5,537.9,0,2,0,199,SUV,CNG,Jaipur,3.32
31.25,1.46,54.5,1882,45.6,0,10,15,32.2,9.68,1.36,561.1,0,2,0,145,SUV,CNG,Pune,4.59
15.25,0.51,48.9,1109,24.6,1,10,7,34.0,0.07,0.46,501.5,1,2,0,117,MUV,Petrol,Hyderabad,2.06
54.66,2.06,61.3,2567,55.6,2,28,27,40.8,-0.37,0.18,492.9,0,1,0,70,Hatchback,Petrol,Chennai,3.94
21.78,0.38,47.3,1406,26.8,1,27,25,39.1,-6.64,1.86,423.4,0,1,0,77,Hatchback,Diesel,Jaipur,0.3
20.09,2.28,63.3,2089,60.0,2,2,21,31.2,-0.93,0.94,357.9,0,2,1,142,Sedan,Petrol,Delhi,4.59
30.33,1.92,52.9,2222,51.4,1,13,15,26.3,2.27,1.1,593.6,0,1,2,172,SUV,Diesel,Bangalore,3.53
32.77,0.66,50.8,1531,24.3,1,14,26,41.0,3.47,0.27,101.8,0,1,0,167,SUV,Diesel,Ahmedabad,3.17
83.0,1.32,66.5,2855,46.5,1,2,0,32.7,4.05,2.74,62.0,0,0,0,199,SUV,Petrol,Ahmedabad,4.56
21.66,2.2,55.7,1720,69.3,0,9,6,38.8,-0.71,4.74,463.8,1,2,1,131,Sedan,Diesel,Hyderabad,2.62
110.16,0.7,66.6,3292,33.9,0,3,3,36.6,0.57,0.37,113.7,0,0,1,125,Sedan,Diesel,Lucknow,2.55
42.46,0.87,52.2,1908,37.3,0,8,21,35.9,1.84,1.56,108.5,0,1,0,83,Hatchback,Petrol,Mumbai,2.5
15.23,1.07,46.1,1333,35.1,1,13,12,24.8,-3.04,0.35,397.2,1,2,0,99,MUV,CNG,Hyderabad,1.05
81.99,0.97,60.5,2977,43.3,1,1,8,35.9,-6.67,2.52,3.2,0,0,1,90,Hatchback,Petrol,Kolkata,0.87
12.37,1.92,52.2,1699,47.9,1,11,23,41.0,-1.35,2.37,139.2,0,2,2,142,Sedan,Diesel,Jaipur,3.3
53.45,2.14,63.0,2556,60.3,0,5,25,31.9,-1.78,3.23,280.0,0,1,1,106,MUV,Petrol,Kolkata,3.35
24.07,0.6,51.6,1451,31.3,1,12,5,36.0,-0.15,0.8,311.5,0,2,0,186,SUV,Diesel,Mumbai,2.3
103.47,1.61,70.1,3866,65.0,0,2,7,41.8,0.95,4.45,387.1,0,0,0,183,SUV,CNG,Delhi,3.76
48.31,1.12,59.1,1959,46.1,0,17,10,29.7,2.34,1.26,783.1,0,1,0,98,Hatchback,Diesel,Chennai,2.4
50.5,1.71,60.6,2435,51.5,0,16,33,22.3,3.09,3.52,214.6,0,1,0,126,Sedan,Diesel,Ahmedabad,3.24
23.54,0.96,54.2,1770,33.1,1,14,22,21.8,-3.71,4.68,729.8,0,2,1,127,Sedan,Petrol,Pune,2.08
41.2,1.2,59.5,2076,43.4,1,29,28,41.4,-5.08,0.53,330.9,0,1,2,171,SUV,Diesel,Chennai,2.31
55.3,1.68,63.2,2447,51.1,2,22,29,28.2,3.13,1.12,164.2,0,1,2,122,Sedan,Diesel,Jaipur,4.1
51.89,0.43,50.3,2039,23.6,2,10,35,41.3,4.4,3.94,394.3,0,1,1,163,SUV,Petrol,Ahmedabad,4.4
67.57,1.53,59.4,2663,54.4,0,2,3,32.1,0.25,4.22,797.5,0,0,0,144,Sedan,Diesel,Hyderabad,2.29
21.64,1.75,55.7,1684,48.8,1,6,26,20.7,-2.02,0.45,747.2,1,1,1,70,Hatchback,Petrol,Jaipur,2.74
24.68,1.52,56.3,1764,37.5,0,26,21,35.7,-0.4,2.18,571.8,0,1,2,122,Sedan,Diesel,Lucknow,2.72
82.31,1.97,66.9,2982,66.1,0,0,6,21.9,2.0,4.58,683.6,0,0,2,93,MUV,Diesel,Pune,3.27
45.09,0.26,51.1,1972,20.7,0,6,38,23.7,2.72,4.64,7.3,1,1,0,133,MUV,Petrol,Delhi,2.22
23.97,1.77,56.2,1703,45.3,2,14,11,30.9,3.35,2.47,235.7,1,2,1,195,SUV,CNG,Pune,4.62
47.06,0.38,46.5,2078,21.5,2,8,13,34.7,-5.84,0.93,509.5,1,1,1,137,Sedan,CNG,Chennai,1.01
46.48,1.3,60.0,2021,38.9,2,6,24,28.8,-2.52,1.85,141.8,0,1,2,135,Sedan,CNG,Kolkata,3.02
15.31,0.41,49.8,1215,22.7,0,10,6,30.8,1.08,1.31,29.1,0,2,0,92,Hatchback,Petrol,Mumbai,1.85
24.53,1.94,53.7,1865,59.2,2,10,31,25.8,-2.39,2.25,654.2,1,1,0,126,Sedan,Diesel,Lucknow,2.75
29.07,0.74,50.0,1751,31.8,2,15,15,22.6,-2.9,1.27,334.4,0,1,0,89,Hatchback,Petrol,Pune,1.69
33.87,1.92,54.7,2149,52.2,2,24,38,29.3,-2.61,4.06,197.1,0,1,0,107,Sedan,Petrol,Chennai,3.31
17.73,0.99,51.6,1351,33.2,0,6,21,33.8,-1.92,3.42,642.6,0,2,0,133,MUV,Petrol,Hyderabad,2.06
42.85,0.83,59.1,2025,37.5,1,11,16,29.6,-2.94,4.14,685.6,0,1,1,114,MUV,Diesel,Mumbai,1.54
21.41,1.42,51.0,1646,41.9,0,26,39,36.5,-0.09,0.86,531.6,1,1,2,112,Sedan,Petrol,Mumbai,2.95
94.21,2.49,67.2,3404,66.4,0,0,6,43.2,1.61,0.52,1.1,1,0,0,98,Hatchback,Petrol,Jaipur,4.31
118.35,0.66,67.4,3351,41.2,2,4,9,32.8,1.01,0.91,343.9,1,0,1,194,SUV,Petrol,Mumbai,4.4
42.09,1.06,48.1,2209,34.2,1,19,13,33.9,-1.08,0.62,550.7,1,1,0,97,MUV,Petrol,Delhi,1.76
34.61,2.08,55.0,2167,55.2,2,21,24,26.3,0.12,0.37,428.4,0,1,0,158,SUV,Petrol,Mumbai,4.34
28.69,1.34,51.7,1957,43.9,0,3,6,32.4,-0.56,1.88,312.2,0,2,2,142,Sedan,Diesel,Pune,2.27
33.24,1.54,52.5,1969,47.0,1,14,32,35.9,-4.23,4.56,507.1,0,1,1,198,SUV,CNG,Lucknow,2.72
32.6,0.73,47.9,1883,24.1,0,6,25,25.6,-2.89,2.44,144.5,0,1,0,111,Sedan,CNG,Ahmedabad,1.19
116.2,1.32,70.4,3592,43.8,0,3,0,27.6,-4.37,1.08,30.2,0,0,2,93,Hatchback,Petrol,Pune,2.21
22.08,0.58,45.0,1353,29.1,2,6,16,26.2,-0.67,3.12,329.6,0,2,1,185,SUV,Diesel,Hyderabad,2.41
32.82,0.41,44.7,1309,22.3,1,17,16,33.7,-0.04,1.62,649.6,1,1,1,117,MUV,Diesel,Kolkata,1.76
112.95,1.17,67.9,3669,62.1,0,1,0,34.9,1.35,3.54,764.8,0,0,0,86,Hatchback,Petrol,Mumbai,2.97
38.83,0.25,51.6,1353,29.4,1,24,19,33.2,2.11,3.88,31.1,0,1,0,195,SUV,CNG,Pune,2.8
37.18,0.17,46.3,1509,28.7,0,29,17,39.2,2.58,4.57,276.5,1,1,1,125,Sedan,Diesel,Lucknow,1.72
20.01,0.7,48.0,1298,24.3,1,16,39,24.9,3.36,1.28,62.8,1,1,0,163,SUV,Petrol,Bangalore,3.38
25.1,2.46,58.9,1923,66.7,0,14,19,36.7,-4.88,2.98,356.6,0,2,2,193,SUV,Petrol,Kolkata,3.21
26.02,0.15,48.4,1545,17.1,2,29,12,37.7,2.31,2.47,392.4,0,1,0,97,MUV,CNG,Lucknow,2.54
77.02,0.91,61.0,2665,39.4,0,4,7,30.3,0.04,0.2,778.4,0,0,0,144,Sedan,Petrol,Mumbai,2.43
36.27,0.18,46.7,1338,20.6,1,17,37,32.4,4.89,2.32,34.5,0,1,0,118,MUV,Diesel,Mumbai,2.72
18.04,0.85,49.1,1741,28.8,0,13,14,35.7,-0.53,3.47,126.8,0,2,0,129,Sedan,Diesel,Delhi,1.66
55.18,1.25,60.8,2372,45.2,0,5,25,34.3,3.91,3.84,4.1,0,1,0,143,SUV,Diesel,Pune,3.58
38.87,1.83,56.3,1938,59.7,2,24,11,31.3,1.75,0.61,769.9,1,1,1,192,SUV,Diesel,Pune,3.78
36.44,0.22,50.3,1374,19.1,2,27,28,27.7,-0.32,4.45,302.7,1,1,0,125,Sedan,Petrol,Hyderabad,1.88
59.26,1.27,54.8,2396,43.0,1,17,38,28.7,-1.89,4.58,90.4,0,1,0,161,SUV,Petrol,Jaipur,2.88
49.37,0.3,54.2,1905,14.8,2,19,35,21.5,4.62,2.16,754.8,1,1,0,130,MUV,Diesel,Lucknow,3.0
66.44,1.42,65.5,2263,50.1,0,0,3,40.6,3.39,2.89,274.5,1,0,1,108,Sedan,Petrol,Jaipur,3.52
37.36,0.39,50.1,1823,26.0,2,28,23,32.8,1.18,4.28,731.5,0,1,2,142,SUV,Diesel,Lucknow,2.7
37.78,1.71,55.1,1917,39.4,0,15,20,25.7,-0.69,1.67,771.1,0,1,0,146,Sedan,Diesel,Mumbai,2.26
42.81,1.37,55.9,2113,47.6,2,17,36,25.7,0.87,2.78,51.4,1,1,1,93,MUV,Diesel,Chennai,2.94
30.04,2.23,60.3,1993,50.1,0,2,18,33.5,0.77,1.88,53.1,0,2,0,74,Hatchback,CNG,Mumbai,3.09
28.57,0.62,55.0,1584,30.6,1,14,16,26.7,-3.7,0.34,214.8,1,2,0,133,MUV,Petrol,Lucknow,1.15
40.5,1.72,63.1,2277,46.4,1,7,18,29.1,1.59,3.61,564.8,1,1,1,197,SUV,Petrol,Kolkata,4.14
22.87,0.82,46.2,1363,25.7,1,12,6,34.5,-1.28,1.33,546.7,0,2,0,117,MUV,Diesel,Mumbai,1.51
31.32,0.94,55.4,2042,37.8,0,18,25,40.7,1.78,0.73,14.7,1,1,0,165,SUV,Petrol,Delhi,2.92
39.83,0.31,53.1,1761,11.9,0,28,32,31.1,3.26,4.33,239.1,0,1,0,90,Hatchback,Diesel,Hyderabad,1.96
25.94,1.86,55.7,1995,48.6,1,25,13,28.3,-1.61,2.22,654.1,0,1,0,72,Hatchback,Diesel,Jaipur,2.3
33.89,1.66,59.0,1644,55.9,0,4,13,38.6,2.02,4.37,799.1,0,2,0,153,SUV,Petrol,Ahmedabad,3.54
56.55,1.02,60.5,2520,44.9,1,18,21,26.6,-1.6,0.29,696.6,1,1,0,139,MUV,CNG,Hyderabad,1.75
25.53,0.7,49.8,1605,32.2,2,23,32,40.3,-1.6,1.14,482.9,1,1,0,95,Hatchback,Petrol,Lucknow,2.26
16.91,1.74,52.7,1821,44.7,0,7,6,27.1,-1.91,2.52,769.3,0,2,0,95,Hatchback,Petrol,Jaipur,2.1
46.31,1.99,64.3,2472,55.2,2,20,33,38.8,-4.91,1.98,668.7,1,1,0,157,SUV,Petrol,Ahmedabad,3.16
35.75,1.52,52.9,2121,49.0,0,29,10,38.2,2.57,4.73,327.1,1,1,0,125,Sedan,Diesel,Chennai,2.59
46.55,1.04,61.1,2003,42.5,1,11,10,31.5,-1.34,4.76,497.9,0,1,1,155,SUV,Diesel,Kolkata,2.39
27.64,1.79,50.8,1831,52.4,1,4,13,32.5,3.5,2.28,755.2,0,2,1,92,Hatchback,Petrol,Kolkata,4.01
56.58,1.6,63.3,2358,46.3,0,29,16,20.3,-4.31,2.3,256.4,0,1,1,149,Sedan,Petrol,Jaipur,2.02
33.89,0.45,49.9,1497,24.8,1,26,27,35.3,-1.73,4.44,670.3,0,1,0,97,Hatchback,CNG,Jaipur,1.69
28.01,0.27,47.6,1588,24.2,1,13,29,27.0,2.86,2.44,513.8,0,1,1,79,Hatchback,Petrol,Chennai,2.77
45.71,0.92,57.1,2052,44.9,2,6,19,33.0,8.36,2.93,599.5,1,1,0,183,SUV,Diesel,Chennai,4.82
53.51,0.72,56.5,2157,35.5,2,14,37,38.2,5.12,1.79,221.8,0,1,0,126,MUV,Petrol,Delhi,4.41
93.25,0.32,55.9,2766,28.8,0,3,2,24.4,0.34,0.81,556.2,0,0,0,72,Hatchback,Petrol,Pune,1.51
11.37,1.21,45.6,1164,30.4,1,8,15,18.3,0.53,2.63,581.6,1,2,0,173,SUV,CNG,Jaipur,2.89
19.43,0.83,49.6,1321,28.7,1,3,24,26.4,-3.09,1.31,598.7,1,2,1,93,MUV,Diesel,Chennai,1.34
34.56,1.83,55.3,1917,56.4,0,3,23,32.3,-3.51,0.23,272.8,0,2,2,127,Sedan,Petrol,Jaipur,2.32
10.33,0.92,46.9,1235,22.7,0,9,11,30.9,0.77,2.2,521.8,1,2,0,184,SUV,Petrol,Ahmedabad,2.41
103.17,1.1,64.4,2855,42.6,0,1,2,27.6,3.39,3.16,522.6,0,0,0,130,MUV,Petrol,Ahmedabad,3.33
54.19,1.15,54.1,2236,52.4,0,16,12,32.0,1.09,1.12,724.7,0,1,1,174,SUV,Petrol,Mumbai,2.98
15.71,2.29,58.4,1622,62.2,0,7,20,21.8,0.14,0.76,456.8,0,2,1,87,Hatchback,Petrol,Bangalore,3.7
97.64,2.46,76.8,3647,71.5,0,3,9,19.0,3.51,3.09,697.0,0,0,0,153,SUV,Petrol,Pune,5.27
42.57,1.02,53.1,2395,34.1,2,17,31,35.4,-1.65,0.47,566.2,1,1,0,132,Sedan,Petrol,Hyderabad,2.76
32.98,1.25,49.8,1708,43.4,2,23,32,26.6,3.14,3.69,345.8,0,1,0,190,SUV,Diesel,Lucknow,3.87
10.94,1.62,55.2,1398,45.5,0,8,23,23.9,0.79,1.69,781.9,0,2,0,90,Hatchback,Petrol,Kolkata,2.94
45.91,2.27,57.2,2632,68.1,0,13,26,38.0,2.06,4.15,731.0,1,1,0,155,SUV,Petrol,Hyderabad,4.16
101.3,0.66,62.1,2949,31.3,2,4,9,38.2,1.39,3.79,357.8,0,0,0,105,MUV,Petrol,Kolkata,3.71
101.21,2.41,70.5,3477,80.2,0,4,1,24.2,2.7,1.59,276.3,0,0,1,111,MUV,Diesel,Bangalore,3.82
28.85,2.03,55.7,1877,58.7,1,26,32,40.7,-2.36,2.99,363.5,0,1,0,102,MUV,Diesel,Delhi,2.59
35.13,2.14,60.5,2084,55.4,2,29,38,39.6,0.15,2.34,753.7,1,1,0,164,SUV,Diesel,Jaipur,4.05
27.33,0.54,50.2,1659,23.3,0,14,5,24.3,-0.54,2.04,750.4,0,2,0,141,SUV,CNG,Hyderabad,1.3
67.79,0.89,63.6,2541,43.0,0,0,9,35.7,0.17,4.76,289.2,0,0,0,90,MUV,Petrol,Mumbai,2.35
74.38,2.44,70.2,3043,64.6,0,4,3,30.4,3.77,4.94,311.1,0,0,2,90,Hatchback,Diesel,Mumbai,4.09
50.82,2.44,58.0,2490,62.7,1,18,35,24.8,2.43,0.94,423.9,1,1,0,137,MUV,CNG,Ahmedabad,4.18
42.69,2.0,54.6,2429,49.4,1,10,14,40.1,-2.48,4.39,332.4,0,1,0,199,SUV,Petrol,Ahmedabad,3.6
51.25,1.71,59.2,2663,56.5,1,19,34,34.2,5.44,2.45,393.1,0,1,0,89,Hatchback,Petrol,Mumbai,4.79
46.03,1.63,58.1,2366,45.8,1,12,28,21.5,-2.3,1.28,748.9,0,1,2,118,Sedan,Petrol,Bangalore,2.93
82.67,1.74,70.2,2971,61.8,0,4,7,29.1,-0.27,2.39,700.0,0,0,0,116,Sedan,Petrol,Hyderabad,3.0
65.86,1.5,65.3,2555,58.4,0,2,0,37.2,-6.03,0.64,354.2,1,0,2,128,Sedan,Petrol,Chennai,1.49
46.42,1.74,57.5,2304,59.0,1,6,22,22.9,-1.46,4.03,572.9,0,1,0,91,Hatchback,Diesel,Kolkata,2.25
89.86,0.18,57.4,2974,36.2,2,2,9,18.9,4.05,0.41,652.4,0,0,0,132,MUV,Petrol,Jaipur,3.56
68.47,0.64,60.0,2509,32.5,0,4,0,33.8,0.82,4.53,537.8,0,0,0,144,SUV,Diesel,Lucknow,1.93
33.9,0.15,50.6,1308,19.0,0,7,6,33.4,0.69,3.84,794.5,0,2,1,124,MUV,Petrol,Chennai,1.58
33.64,1.89,53.2,2066,48.6,2,13,7,43.7,1.96,2.26,52.0,1,2,1,110,MUV,Diesel,Ahmedabad,3.58
35.94,0.9,52.4,1641,35.4,0,8,17,29.7,1.56,4.19,391.8,0,1,0,117,MUV,CNG,Hyderabad,2.23
108.76,1.6,71.4,3558,59.4,0,0,3,30.4,3.31,0.41,380.8,1,0,0,75,Hatchback,Petrol,Lucknow,3.94
80.44,2.15,72.2,3186,66.3,1,4,7,26.7,2.91,0.54,484.8,0,0,0,129,Sedan,Petrol,Ahmedabad,4.47
38.0,1.3,57.7,2335,35.1,2,28,25,31.0,-0.68,0.12,193.2,1,1,1,148,Sedan,Diesel,Bangalore,2.57
106.52,1.47,70.1,3401,53.4,0,2,8,26.3,-2.28,1.08,470.2,0,0,0,80,Hatchback,CNG,Bangalore,2.21
22.87,1.1,52.1,1877,39.1,2,25,22,24.7,3.25,0.66,555.9,0,1,1,103,MUV,Petrol,Bangalore,4.03
32.54,0.71,50.1,1408,30.5,2,2,18,43.7,-1.34,0.94,698.6,0,2,0,126,MUV,Petrol,Jaipur,2.44
74.88,1.83,64.8,2774,55.8,2,0,7,35.7,-1.65,4.07,108.0,1,0,2,90,Hatchback,Diesel,Ahmedabad,3.07
36.98,1.7,56.0,2029,51.3,2,19,31,31.7,0.87,4.62,707.3,1,1,0,157,SUV,Petrol,Jaipur,4.04
30.54,1.27,50.5,1864,50.2,0,19,14,26.7,-0.36,2.7,313.3,1,1,0,182,SUV,Diesel,Chennai,2.02
77.12,1.69,64.8,2657,61.5,1,4,3,31.7,1.52,4.24,92.4,1,0,0,141,SUV,Diesel,Lucknow,3.18
22.68,1.69,51.2,1922,47.5,1,8,36,30.4,-2.49,1.64,161.7,0,1,0,135,MUV,Petrol,Mumbai,2.85
46.37,0.48,53.9,1856,28.9,1,13,29,34.0,2.01,2.74,247.7,0,1,0,114,Sedan,Petrol,Bangalore,2.89
20.05,0.47,51.6,1235,26.4,2,25,35,25.2,-3.9,4.4,334.5,0,1,0,90,MUV,Petrol,Chennai,1.57
59.44,2.02,61.4,2574,52.3,2,22,29,25.8,-4.79,4.48,434.0,0,1,1,139,MUV,Diesel,Chennai,2.6
18.95,1.41,45.2,1613,42.1,0,9,17,33.3,2.17,2.1,520.9,0,2,0,78,Hatchback,Diesel,Bangalore,2.26
58.95,2.33,64.0,2714,66.7,2,23,36,25.1,8.88,0.27,136.3,1,1,2,83,Hatchback,Diesel,Pune,5.68
14.4,0.86,45.4,1272,38.9,1,2,22,22.0,-2.55,1.39,9.7,0,2,0,148,SUV,Diesel,Bangalore,1.97
51.38,2.27,63.4,2390,67.4,2,5,31,26.4,0.3,3.61,666.3,1,1,0,143,SUV,CNG,Bangalore,4.28
30.59,1.03,49.5,1980,32.7,0,9,6,25.4,-3.58,1.49,140.9,1,2,0,193,SUV,Diesel,Mumbai,0.96
43.97,0.23,52.8,1606,22.0,1,27,23,20.2,0.69,1.06,201.1,0,1,0,138,MUV,Petrol,Delhi,2.15
89.51,1.52,68.9,3132,55.1,0,4,8,23.2,3.63,0.28,428.2,0,0,0,141,Sedan,Petrol,Bangalore,3.89
86.15,0.31,63.3,2752,27.0,1,4,9,39.5,-6.1,0.77,405.4,1,0,0,76,Hatchback,Diesel,Ahmedabad,0.32
50.11,1.35,60.3,2494,38.0,1,24,31,25.2,2.61,0.52,607.5,0,1,0,74,Hatchback,Diesel,Jaipur,2.94
46.01,0.73,47.5,2216,29.0,1,17,38,17.2,2.07,0.31,402.5,0,1,2,145,SUV,CNG,Jaipur,3.15
112.58,1.33,68.6,3570,53.1,0,3,1,31.6,10.0,0.81,736.2,1,0,2,93,Hatchback,Diesel,Lucknow,4.81
29.6,2.1,56.6,2326,54.6,1,13,18,28.2,4.14,1.2,78.7,0,2,0,71,Hatchback,Diesel,Lucknow,3.82
33.33,1.41,48.2,1712,41.8,2,10,5,42.0,-3.64,0.96,679.0,0,2,0,195,SUV,Petrol,Ahmedabad,2.9
80.31,1.38,58.8,2781,52.6,0,3,3,27.5,-0.69,1.06,22.3,1,0,0,159,SUV,Diesel,Pune,1.85
42.83,1.58,57.7,1996,42.9,0,20,34,31.7,0.97,0.7,784.0,1,1,1,110,Sedan,Petrol,Mumbai,2.94
19.73,1.04,47.7,1492,36.2,0,3,16,35.4,1.06,4.66,196.6,1,2,0,105,Sedan,Petrol,Delhi,2.29
32.91,1.56,55.1,1695,45.4,2,14,31,18.1,-0.08,2.83,529.2,1,1,0,103,MUV,Petrol,Pune,3.57
85.78,1.75,68.4,3243,55.3,1,0,3,32.7,-0.74,3.1,298.8,0,0,0,121,Sedan,Diesel,Kolkata,3.08
47.19,0.33,49.9,2068,21.5,1,8,32,31.8,0.25,0.3,200.6,1,1,0,162,SUV,CNG,Delhi,2.15
33.19,0.71,51.8,1719,28.2,0,2,23,24.9,1.9,2.48,244.5,0,2,0,117,Sedan,Petrol,Kolkata,2.28
33.93,1.19,50.5,1967,37.3,2,26,28,18.4,-2.52,4.88,205.5,1,1,2,143,Sedan,Diesel,Jaipur,2.31
21.63,2.38,56.3,1857,57.8,1,18,17,32.4,1.23,2.02,403.5,1,1,1,125,Sedan,Petrol,Ahmedabad,4.26
24.28,1.98,52.3,1999,51.8,2,23,33,39.9,-6.21,1.72,604.0,1,1,0,189,SUV,Petrol,Lucknow,2.77
89.27,2.29,68.8,3578,71.2,0,4,8,28.6,-3.68,0.71,150.7,1,0,0,95,Hatchback,Diesel,Bangalore,2.05
48.17,0.2,44.9,2058,25.7,1,16,16,30.6,6.17,1.33,318.2,0,1,0,104,MUV,Petrol,Mumbai,3.21
16.25,1.73,51.5,1857,49.3,1,5,9,34.0,4.35,1.86,751.0,0,2,1,109,MUV,CNG,Ahmedabad,4.06
40.33,1.98,61.7,2305,49.4,2,9,38,22.6,3.1,3.31,168.4,0,1,1,109,Sedan,CNG,Delhi,4.51
31.08,0.79,48.1,1654,29.1,1,15,17,24.7,-1.86,4.01,450.5,0,1,0,145,Sedan,Diesel,Bangalore,1.47
48.84,2.39,64.3,2807,65.5,0,23,22,18.3,1.95,3.04,381.1,1,1,1,92,MUV,Petrol,Lucknow,4.18
20.94,2.29,55.8,2052,71.3,1,20,15,42.6,1.44,4.64,322.1,1,1,0,162,SUV,Petrol,Ahmedabad,4.41
21.35,1.6,51.8,1574,39.9,0,11,15,28.8,0.13,1.26,358.4,0,2,0,122,Sedan,Petrol,Lucknow,2.63
18.18,1.96,51.2,1835,37.0,0,5,10,22.5,3.06,4.07,35.8,0,2,0,115,Sedan,Petrol,Pune,3.79
46.55,0.91,53.0,2047,35.1,2,27,23,26.9,-2.32,4.72,577.2,0,1,0,173,SUV,CNG,Ahmedabad,2.48
42.6,2.2,64.3,2342,52.4,2,19,31,31.8,0.05,3.77,111.2,1,1,0,113,MUV,Diesel,Delhi,3.72
48.33,0.34,56.1,1718,20.5,1,29,19,24.3,2.04,4.43,493.0,1,1,0,124,Sedan,CNG,Pune,2.0
50.63,1.03,54.8,2194,39.3,2,15,36,27.1,-1.18,3.4,433.2,0,1,1,99,Hatchback,Diesel,Delhi,2.23
36.27,2.07,58.3,2459,51.3,1,15,35,37.8,1.0,3.7,150.9,0,1,0,84,Hatchback,Petrol,Kolkata,4.03
96.91,0.22,58.3,2868,29.6,0,3,6,31.2,-2.32,4.39,238.4,1,0,1,75,Hatchback,Petrol,Bangalore,1.15
32.81,1.42,51.6,2124,39.3,0,4,17,24.8,-9.09,0.21,549.5,1,2,0,75,Hatchback,CNG,Pune,0.3
26.3,0.36,42.0,1481,18.2,2,29,29,32.0,0.6,2.64,739.5,0,1,0,79,Hatchback,Petrol,Mumbai,2.12
20.81,0.55,44.0,1241,29.8,1,3,9,37.5,-2.84,1.23,0.7,1,2,0,176,SUV,Petrol,Lucknow,1.45
25.39,2.23,58.1,1701,54.6,2,18,29,22.3,0.64,4.14,243.9,0,1,1,135,Sedan,Petrol,Kolkata,4.59
30.35,1.33,58.7,1778,40.5,2,23,22,32.1,0.89,4.6,652.1,0,1,0,80,Hatchback,Diesel,Chennai,2.96
20.23,0.97,48.1,1494,30.9,0,11,29,38.3,1.48,2.37,396.3,0,1,2,180,SUV,Petrol,Lucknow,3.34
57.16,0.31,51.1,2009,34.5,1,9,23,30.5,7.21,0.47,558.6,0,1,1,103,Sedan,Petrol,Jaipur,3.7
57.56,1.21,59.5,2294,38.6,1,26,30,29.1,-1.34,1.21,16.7,1,1,0,132,Sedan,Petrol,Hyderabad,2.46
77.42,1.05,65.2,2697,45.3,0,3,1,19.3,-1.72,1.76,248.0,0,0,0,178,SUV,Diesel,Pune,1.82
35.17,2.24,61.1,2150,66.6,1,16,35,23.3,-0.42,1.75,574.3,0,1,1,134,Sedan,Diesel,Kolkata,3.38
69.21,1.33,63.2,2816,40.6,0,1,5,31.3,-0.88,3.66,566.3,0,0,0,77,Hatchback,Petrol,Chennai,2.33
69.15,1.18,60.6,2663,49.0,0,0,7,38.9,-2.47,4.62,338.5,1,0,0,102,Sedan,Diesel,Chennai,1.34
54.89,2.12,63.6,2543,65.9,2,8,22,31.0,-1.92,4.6,482.4,1,1,0,103,Sedan,Petrol,Chennai,3.5
23.27,0.49,49.1,1447,16.0,0,8,9,24.8,1.94,1.06,513.3,0,2,1,115,MUV,Petrol,Pune,2.16
49.78,1.79,64.9,2312,48.7,1,17,21,26.7,-1.08,2.05,464.0,1,1,0,113,Sedan,Petrol,Kolkata,2.72
36.51,0.76,51.7,1596,36.9,0,19,12,22.4,-2.13,4.51,418.4,0,1,2,183,SUV,Petrol,Kolkata,2.05
56.46,2.36,60.1,2684,69.7,2,18,31,27.6,-3.57,2.17,117.4,1,1,0,171,SUV,Diesel,Mumbai,2.98
117.97,0.4,66.5,3347,46.0,0,0,9,37.1,2.11,3.06,549.1,0,0,1,156,SUV,Petrol,Ahmedabad,3.68
53.27,1.64,60.6,2552,57.5,2,14,31,27.8,-1.97,2.92,788.2,1,1,0,88,Hatchback,Petrol,Jaipur,2.89
49.29,0.21,50.9,1863,13.7,2,15,20,15.1,-1.68,1.01,545.1,1,1,1,75,Hatchback,Diesel,Lucknow,1.51
114.36,0.23,68.7,3451,34.0,0,0,9,18.6,-0.42,2.96,30.5,0,0,0,167,SUV,Diesel,Pune,2.44
67.85,0.83,58.0,2428,38.2,0,0,3,33.0,2.47,0.26,66.6,0,0,1,136,MUV,Diesel,Bangalore,2.31
45.45,0.58,52.0,2138,36.8,2,14,30,28.4,0.62,3.34,327.5,0,1,0,137,MUV,Diesel,Lucknow,2.59
30.38,0.2,44.6,1751,20.2,0,10,23,36.8,-0.15,1.75,123.6,1,2,1,139,MUV,Diesel,Kolkata,1.44
45.75,0.79,55.5,1852,27.4,0,9,17,34.3,0.89,1.38,397.0,1,1,2,95,Hatchback,Diesel,Lucknow,2.13
102.85,0.53,62.8,3007,34.8,0,4,9,33.2,2.35,4.85,458.6,0,0,2,117,MUV,Petrol,Delhi,3.29
57.2,0.1,49.4,2350,13.1,2,10,12,29.5,-1.5,4.36,484.0,0,1,0,141,Sedan,Petrol,Kolkata,1.81
12.58,1.59,57.5,1617,48.7,1,3,19,35.9,-0.45,0.76,730.9,0,2,2,174,SUV,Diesel,Mumbai,3.34
21.07,1.7,57.5,2034,61.8,1,12,14,32.7,-2.71,2.51,452.4,0,2,0,122,Sedan,Diesel,Ahmedabad,2.24
86.6,2.09,69.5,3019,72.8,0,3,1,43.4,-4.84,4.56,696.3,1,0,2,79,Hatchback,Petrol,Ahmedabad,2.5
52.75,1.8,62.5,2273,51.1,0,21,26,26.1,1.7,4.58,600.9,0,1,0,100,MUV,Petrol,Pune,3.35
18.32,1.44,52.4,1628,44.0,0,12,15,40.7,-0.5,0.27,561.9,0,2,1,132,Sedan,Diesel,Lucknow,2.48
25.41,0.8,48.1,1493,37.9,2,2,23,26.9,1.01,3.13,185.7,0,2,0,96,Hatchback,Diesel,Hyderabad,2.55
32.67,1.5,54.0,1992,40.7,0,29,27,30.7,3.36,2.57,715.2,0,1,1,85,Hatchback,Petrol,Ahmedabad,3.66
28.11,2.28,61.2,1934,58.0,1,11,12,27.5,4.36,0.18,494.4,0,1,2,199,SUV,Petrol,Hyderabad,5.49
29.65,1.58,57.3,2081,41.5,2,21,27,28.9,-2.19,2.61,255.7,1,1,0,108,MUV,Diesel,Kolkata,2.35
46.76,1.91,60.7,2303,54.2,0,10,36,18.4,0.56,4.12,394.4,0,1,1,83,Hatchback,Diesel,Pune,2.96
60.87,0.84,60.2,2224,35.9,0,3,7,33.7,0.42,2.45,141.9,0,0,0,111,MUV,Petrol,Jaipur,2.23
37.37,2.05,59.6,1808,57.4,1,13,34,31.2,-0.36,2.08,356.4,1,1,0,78,Hatchback,Petrol,Jaipur,3.31
47.59,1.17,59.0,1897,42.6,1,15,17,29.6,-0.95,0.82,77.2,0,1,2,96,MUV,Diesel,Hyderabad,2.43
23.43,2.47,59.7,1882,56.6,2,25,20,18.6,1.36,4.27,341.9,1,1,0,98,MUV,Petrol,Delhi,4.67
34.41,0.5,52.2,1512,20.8,1,14,10,34.3,1.47,4.35,504.8,1,2,2,88,Hatchback,CNG,Hyderabad,2.22
54.42,0.3,52.0,2017,18.2,2,7,15,28.4,-2.46,2.58,269.1,0,1,0,135,Sedan,Diesel,Mumbai,1.46
21.62,0.13,50.5,1450,16.2,2,14,11,15.6,0.75,3.43,535.3,0,1,1,74,Hatchback,Diesel,Lucknow,2.0
35.37,0.31,55.9,1574,19.9,2,14,28,31.2,3.19,2.21,327.6,1,1,0,97,Hatchback,Petrol,Chennai,3.21
25.75,1.48,52.2,1860,47.0,2,15,15,27.8,-3.58,1.33,590.8,0,1,0,123,MUV,CNG,Jaipur,2.28
62.79,0.81,55.8,2168,36.2,0,4,9,23.4,2.0,2.82,64.3,1,0,1,189,SUV,Petrol,Hyderabad,2.72
108.75,1.81,75.8,3647,61.5,1,0,3,35.2,1.4,1.33,333.6,0,0,2,77,Hatchback,CNG,Mumbai,4.21
56.2,2.33,71.4,2604,62.6,1,6,25,33.6,0.96,4.12,348.4,0,1,0,104,MUV,Petrol,Ahmedabad,4.34
82.81,1.56,64.3,2992,59.5,1,0,3,33.4,0.3,2.52,142.7,0,0,2,127,MUV,Diesel,Bangalore,3.16
54.48,0.41,53.7,2208,30.6,0,25,24,39.3,6.23,0.35,596.4,1,1,1,77,Hatchback,Diesel,Delhi,3.01
118.38,0.2,65.9,3354,39.1,0,1,6,27.0,-2.76,2.81,306.2,0,0,0,121,MUV,Petrol,Hyderabad,1.51
28.21,2.11,55.7,2058,58.1,1,10,38,23.8,-2.02,2.41,726.3,0,1,0,165,SUV,Diesel,Bangalore,2.84
16.67,1.72,49.4,1419,45.9,0,12,11,38.2,-0.45,2.67,404.0,0,2,2,165,SUV,Petrol,Ahmedabad,3.36
34.42,1.47,53.6,1999,42.6,1,11,28,19.9,5.16,1.54,40.0,1,1,0,101,Sedan,Petrol,Jaipur,3.82
10.25,0.87,45.9,1321,24.1,1,11,16,22.4,0.33,2.99,238.4,0,2,0,184,SUV,Petrol,Pune,2.76
20.79,1.81,53.8,1623,46.5,1,10,18,35.3,-5.72,3.27,395.3,0,2,0,187,SUV,Petrol,Hyderabad,2.55
109.6,1.81,78.5,3640,61.8,0,2,2,39.9,-0.92,1.58,636.6,1,0,0,101,MUV,CNG,Hyderabad,3.3
11.66,0.87,46.5,1658,26.7,0,2,24,32.2,-3.82,2.76,374.4,1,2,1,79,Hatchback,Petrol,Lucknow,1.06
20.35,1.79,50.6,1873,48.7,0,10,31,18.5,5.29,4.24,237.4,1,1,0,115,MUV,Petrol,Delhi,4.29
27.35,0.12,42.6,1394,11.6,2,16,16,34.6,-2.12,4.4,385.5,1,1,2,101,MUV,Petrol,Jaipur,1.79
88.44,1.69,70.9,2949,56.3,0,4,9,31.9,2.63,3.77,695.0,1,0,1,112,Sedan,CNG,Hyderabad,3.6
57.16,0.51,57.0,1919,34.8,0,8,29,25.1,1.35,2.67,166.7,0,1,0,96,Hatchback,Petrol,Lucknow,2.41
50.2,1.47,61.4,2389,47.6,1,13,13,27.8,0.7,1.97,747.6,1,1,2,110,MUV,Petrol,Delhi,3.41
40.5,1.66,56.3,2036,41.7,1,20,22,40.0,-0.78,3.67,58.8,0,1,1,117,MUV,Petrol,Ahmedabad,3.45
81.17,1.03,59.6,2730,48.4,0,0,0,35.1,-1.0,4.07,702.8,0,0,0,133,MUV,Diesel,Pune,1.78
75.82,1.39,63.2,2647,51.8,1,4,2,18.9,-0.39,3.83,778.0,1,0,0,138,MUV,Petrol,Lucknow,2.93
38.23,0.16,45.4,1697,17.5,1,5,13,36.7,-0.17,3.94,116.1,0,1,0,72,Hatchback,CNG,Ahmedabad,1.48
99.39,1.34,64.6,3446,48.5,0,3,6,22.8,2.99,3.79,24.5,0,0,1,75,Hatchback,Petrol,Kolkata,3.51
30.42,2.38,52.7,2146,62.9,0,21,10,41.6,-0.97,3.37,645.1,0,1,1,91,Hatchback,Petrol,Chennai,3.26
48.9,0.12,54.2,1761,25.7,1,14,35,31.6,-1.56,0.74,138.7,1,1,2,129,MUV,Petrol,Delhi,1.73
116.54,1.96,68.9,4006,72.2,0,1,2,28.3,1.92,4.46,560.2,0,0,1,141,SUV,Diesel,Hyderabad,4.0
101.85,0.54,68.2,3119,38.2,0,0,3,23.0,-1.69,2.05,617.6,0,0,2,126,MUV,Diesel,Kolkata,1.86
33.45,0.35,47.3,1515,21.0,2,3,13,37.4,0.2,2.83,329.0,0,2,0,133,MUV,Petrol,Hyderabad,2.7
72.3,2.5,70.1,3187,75.4,1,1,9,30.6,-1.53,2.09,769.6,1,0,1,106,MUV,Petrol,Mumbai,3.66
29.38,0.52,46.3,1558,31.4,1,17,39,32.8,-5.68,2.52,105.6,1,1,1,163,SUV,Diesel,Jaipur,1.0
32.0,2.33,57.5,1974,58.9,1,13,21,30.6,2.74,1.34,496.0,0,1,1,158,SUV,Diesel,Lucknow,4.1
105.01,1.11,67.6,3135,47.0,1,0,1,34.1,-1.07,1.04,723.5,0,0,0,120,MUV,Petrol,Delhi,3.2
32.79,0.94,52.5,1517,32.8,1,3,7,25.8,-3.46,4.17,528.8,1,2,0,132,MUV,Petrol,Ahmedabad,1.5
25.62,0.48,45.9,1426,27.5,1,21,31,41.9,-3.08,3.82,448.9,1,1,0,117,Sedan,CNG,Ahmedabad,1.41
30.15,1.75,58.5,2003,54.1,0,10,14,42.2,2.45,2.64,712.6,0,1,0,107,MUV,Petrol,Jaipur,3.81
34.28,2.4,59.7,2312,64.8,2,24,35,35.4,1.59,3.54,33.6,0,1,2,87,Hatchback,Petrol,Ahmedabad,5.14
53.25,0.11,54.2,2038,21.7,1,23,21,34.2,1.72,1.35,739.3,0,1,0,93,MUV,Diesel,Chennai,1.95
83.18,1.39,68.6,2990,46.7,1,0,1,25.7,-6.52,1.34,297.8,1,0,1,102,MUV,Petrol,Lucknow,1.18
28.86,0.64,50.1,1578,27.3,1,25,30,35.0,1.56,4.0,10.6,0,1,0,92,Hatchback,Petrol,Hyderabad,2.93
56.2,1.65,60.9,2412,42.2,1,6,28,33.5,3.42,4.15,585.1,1,1,1,94,Hatchback,CNG,Jaipur,3.68
24.16,0.8,45.5,1630,29.7,1,7,20,38.0,-1.37,2.89,701.3,1,1,0,199,SUV,Petrol,Jaipur,2.41
20.73,2.27,58.0,2066,57.5,1,25,15,27.7,-0.47,2.29,204.8,0,1,0,137,MUV,Petrol,Chennai,3.82
65.06,0.13,53.0,2254,21.3,0,0,1,22.9,4.83,1.27,497.1,1,0,0,134,Sedan,CNG,Ahmedabad,2.13
18.23,0.6,44.7,1388,25.5,0,7,18,23.8,1.08,2.82,480.2,0,2,1,133,Sedan,Diesel,Pune,1.85
35.3,1.39,57.6,2077,41.3,1,28,17,22.8,3.07,0.41,498.0,1,1,1,113,Sedan,Petrol,Bangalore,3.66
50.21,1.96,56.4,2424,56.2,2,18,14,24.1,1.31,3.34,35.2,0,1,0,79,Hatchback,Petrol,Delhi,3.7
37.09,0.75,47.7,2041,36.2,2,27,15,31.7,-3.87,4.19,446.7,0,1,2,157,SUV,Petrol,Chennai,2.17
33.73,2.41,57.6,2385,55.3,1,17,38,20.3,0.47,1.89,663.4,0,1,0,133,MUV,Petrol,Bangalore,4.39
43.75,1.63,62.0,2230,53.5,1,16,36,32.1,3.52,1.3,693.4,1,1,0,103,MUV,Petrol,Mumbai,4.09
112.78,0.92,67.9,3530,55.5,2,1,9,24.6,1.67,3.68,33.9,0,0,2,130,MUV,Diesel,Delhi,3.49
27.91,0.16,45.5,1454,17.9,0,6,17,30.0,-2.96,2.38,761.3,0,1,0,105,MUV,Diesel,Pune,0.3
116.71,0.38,72.9,3231,39.5,0,1,2,32.5,-5.44,0.97,687.3,1,0,0,89,Hatchback,Diesel,Mumbai,0.86
24.62,1.53,57.9,1612,44.0,2,16,39,34.9,-0.18,1.87,14.0,1,1,1,195,SUV,CNG,Hyderabad,4.07
16.05,2.3,52.6,1791,67.0,0,11,9,29.5,-2.04,2.18,604.4,0,2,2,183,SUV,Petrol,Mumbai,3.37
34.75,0.85,57.7,1651,34.6,1,3,23,31.3,-1.82,1.42,358.9,1,2,0,100,Sedan,Diesel,Mumbai,1.78
17.42,2.07,53.2,1824,51.5,0,11,8,32.8,5.39,1.53,213.2,1,2,2,190,SUV,Diesel,Chennai,4.44
43.58,0.56,51.8,1935,28.7,1,8,38,34.5,4.04,2.53,744.3,0,1,0,77,Hatchback,CNG,Kolkata,3.05
32.4,2.08,58.1,2126,48.1,0,10,7,26.0,5.75,1.89,184.4,0,2,0,147,SUV,Petrol,Pune,4.5
31.17,1.75,60.5,1887,52.2,0,21,30,32.0,-3.58,3.66,251.6,0,1,0,135,MUV,CNG,Kolkata,2.25
36.04,2.36,62.8,2464,61.1,1,17,29,20.0,6.11,0.36,318.9,0,1,0,103,MUV,Petrol,Jaipur,5.75
41.74,0.91,53.6,1869,33.6,0,18,31,36.5,3.07,3.73,502.2,0,1,1,122,Sedan,Diesel,Mumbai,2.69
94.22,1.48,66.0,3249,53.5,0,1,7,18.3,-3.6,1.83,516.3,1,0,0,196,SUV,Petrol,Pune,2.31
87.74,0.2,59.9,2849,32.6,1,3,1,30.8,1.47,2.37,608.8,0,0,0,175,SUV,Diesel,Ahmedabad,2.17
20.8,0.11,45.3,1303,13.7,0,5,15,31.5,-1.29,0.53,229.3,0,2,0,189,SUV,Petrol,Chennai,1.24
40.07,1.63,54.9,2109,52.7,2,11,16,33.4,3.2,2.42,719.8,1,1,0,194,SUV,Petrol,Delhi,4.47
35.4,2.03,54.5,2057,62.4,2,12,18,23.1,2.42,1.27,165.2,0,1,0,127,MUV,Petrol,Ahmedabad,4.41
13.49,0.26,43.8,1399,12.7,0,9,5,23.8,-5.42,4.65,728.6,0,2,0,80,Hatchback,Petrol,Pune,0.3
59.45,1.85,62.7,2550,53.1,1,26,17,33.1,-0.69,4.09,287.4,0,1,0,70,Hatchback,CNG,Lucknow,2.87
87.36,2.29,69.5,3283,71.6,1,0,4,29.7,0.31,0.48,22.8,0,0,0,125,Sedan,CNG,Kolkata,3.83
28.73,1.31,54.0,1782,44.2,1,6,11,27.6,0.21,1.71,522.8,0,1,1,97,Hatchback,Petrol,Hyderabad,2.83
38.57,0.32,46.7,1696,18.0,2,24,32,42.8,-1.24,3.22,759.6,0,1,0,75,Hatchback,Petrol,Jaipur,2.25
91.12,1.91,69.4,3307,69.7,0,4,3,22.8,-1.83,2.53,325.9,1,0,1,86,Hatchback,Diesel,Lucknow,2.18
33.23,0.85,52.2,1837,32.1,1,12,23,26.9,-1.51,3.8,466.5,1,2,2,84,Hatchback,Petrol,Kolkata,1.91
37.9,2.24,58.4,2477,61.5,2,7,26,36.7,-1.11,1.17,244.2,1,1,2,125,Sedan,Diesel,Hyderabad,3.43
46.39,0.11,49.9,1599,18.3,2,16,18,17.7,1.35,2.44,106.1,1,1,1,91,Hatchback,Diesel,Lucknow,1.82
102.93,0.82,64.4,3452,33.7,2,2,3,32.4,-1.64,1.78,618.6,1,0,0,113,Sedan,Diesel,Kolkata,2.35
108.36,0.5,69.2,3174,38.1,2,1,7,32.6,0.06,2.71,80.1,0,0,2,105,MUV,CNG,Hyderabad,3.46
59.28,2.05,64.0,2708,68.7,2,12,28,34.2,0.26,1.85,633.8,0,1,2,113,Sedan,Petrol,Ahmedabad,4.49
13.25,1.82,44.5,1324,45.2,1,5,6,39.8,-1.27,0.69,560.0,0,2,2,121,MUV,Diesel,Delhi,2.74
43.99,0.25,49.8,1756,14.5,1,28,24,37.5,8.2,4.11,553.5,1,1,0,135,Sedan,Petrol,Mumbai,3.88
21.95,1.55,53.3,1775,43.1,2,6,18,36.8,-0.61,4.9,236.8,0,2,1,198,SUV,Diesel,Ahmedabad,3.52
50.87,1.26,55.7,2184,41.2,0,14,22,35.6,-1.52,1.43,439.3,0,1,0,115,MUV,Diesel,Jaipur,1.96
23.52,2.13,56.2,1723,61.8,2,6,21,31.8,-0.39,0.59,206.2,0,1,1,74,Hatchback,Diesel,Bangalore,3.34
56.68,0.46,54.8,1833,35.8,2,25,18,22.2,1.39,3.65,329.4,0,1,2,143,Sedan,Petrol,Bangalore,3.25
112.42,1.67,74.1,3533,66.1,0,1,5,19.0,0.16,2.2,695.8,0,0,2,137,MUV,Petrol,Delhi,4.12
22.91,0.27,46.0,1524,20.4,0,15,22,40.3,-0.16,0.4,599.3,0,1,0,195,SUV,Diesel,Ahmedabad,1.88
23.6,0.67,44.0,1534,19.9,1,12,10,31.6,3.89,4.24,362.6,1,2,0,108,MUV,Diesel,Delhi,2.3
46.01,1.32,57.0,2001,43.3,2,14,29,23.8,1.78,3.99,463.0,1,1,0,139,MUV,Diesel,Ahmedabad,3.17
38.55,1.24,57.0,2163,50.8,1,26,28,33.7,-1.96,0.26,469.0,1,1,2,75,Hatchback,Petrol,Bangalore,2.22
49.82,0.88,56.9,2044,40.4,2,10,15,21.0,2.15,0.34,280.2,1,1,0,93,MUV,Petrol,Bangalore,3.04
53.99,2.39,63.7,2697,65.6,2,23,30,27.9,1.12,1.79,602.3,1,1,1,113,Sedan,CNG,Jaipur,4.41
16.73,1.21,48.8,1371,32.3,1,6,23,37.7,3.66,3.08,82.1,0,2,0,107,MUV,Petrol,Mumbai,3.75
26.25,0.7,45.6,1552,33.1,0,21,17,38.9,5.05,1.54,10.9,0,1,0,146,SUV,Diesel,Delhi,2.85
44.56,1.43,54.3,2288,44.4,2,20,31,27.9,3.76,0.29,484.4,0,1,0,129,Sedan,Petrol,Pune,4.54
22.91,1.57,58.6,1538,36.8,2,23,10,40.0,2.39,2.3,644.5,0,1,0,188,SUV,Diesel,Chennai,4.04
113.89,1.58,69.2,3517,70.8,0,1,2,37.7,6.01,0.6,262.7,0,0,0,148,Sedan,Diesel,Chennai,4.39
33.42,0.75,50.3,1500,29.1,1,21,17,31.3,2.12,4.96,82.3,0,1,1,108,Sedan,Petrol,Mumbai,2.91
24.9,0.82,48.6,1367,33.9,2,7,18,35.1,4.85,2.29,54.8,1,2,0,128,MUV,Diesel,Mumbai,3.3
34.02,1.88,53.4,2310,54.6,0,12,10,32.1,-0.02,1.15,334.3,0,2,0,118,Sedan,Diesel,Jaipur,2.51
55.57,1.78,58.2,2579,54.5,2,14,12,32.4,-1.94,1.61,231.2,0,1,0,139,Sedan,Petrol,Bangalore,3.16
20.69,2.16,54.2,1874,52.1,2,26,19,27.9,-6.91,4.54,715.2,0,1,0,145,Sedan,Petrol,Kolkata,2.4
65.48,2.09,63.3,2645,65.9,1,0,6,24.9,-0.15,4.24,756.3,0,0,0,146,SUV,CNG,Chennai,3.34
54.2,1.39,60.0,2443,46.2,1,26,34,25.2,-3.47,3.9,269.9,0,1,0,168,SUV,Diesel,Chennai,2.12
11.25,0.78,46.7,1304,36.6,0,14,7,29.6,-0.89,2.91,400.6,1,2,0,114,MUV,Petrol,Mumbai,1.53
41.64,1.87,61.9,1959,55.7,0,23,20,35.7,-5.04,2.71,510.1,0,1,2,127,Sedan,Petrol,Mumbai,2.36
93.92,1.06,59.3,3223,52.5,0,3,3,36.3,5.5,4.68,532.5,0,0,0,144,SUV,Petrol,Chennai,4.11
26.3,1.12,47.9,1466,37.7,0,8,22,34.0,-0.15,1.59,212.2,0,2,0,123,MUV,Diesel,Chennai,1.95
85.18,1.22,60.6,2985,55.7,1,3,1,33.8,-2.07,3.68,696.9,0,0,1,76,Hatchback,Petrol,Ahmedabad,2.33
43.79,1.92,56.8,2196,57.7,1,5,28,34.3,2.53,2.78,320.8,0,1,1,75,Hatchback,Diesel,Jaipur,3.45
21.01,0.64,47.3,1345,29.3,0,27,11,28.9,-2.57,0.46,793.7,1,1,0,94,MUV,Diesel,Hyderabad,0.58
57.48,0.58,55.1,1988,29.6,2,19,20,23.5,4.17,2.39,789.1,1,1,1,121,MUV,Diesel,Pune,3.29
34.51,0.89,47.6,1897,24.2,0,6,19,28.9,-4.94,1.05,429.7,1,2,2,117,Sedan,Petrol,Chennai,0.58
31.85,1.73,55.2,2153,47.9,1,9,22,30.0,-2.14,3.35,490.5,0,1,1,77,Hatchback,Petrol,Pune,2.94
56.09,0.78,56.6,2259,30.8,2,18,29,30.9,-1.03,1.62,403.0,1,1,0,93,Hatchback,Petrol,Bangalore,2.77
32.88,0.27,49.3,1858,15.2,2,13,24,26.6,2.17,2.5,312.7,0,2,0,80,Hatchback,Petrol,Jaipur,2.68
43.03,1.03,51.8,2102,38.4,0,8,13,32.4,-1.6,0.95,80.4,0,1,1,101,Sedan,Diesel,Pune,1.55
97.83,2.36,69.0,3427,76.9,1,3,5,17.5,-0.7,2.92,590.6,0,0,0,113,Sedan,CNG,Jaipur,3.65
20.3,1.73,52.8,1565,46.4,0,10,13,27.9,1.93,4.59,315.7,1,2,1,78,Hatchback,Petrol,Chennai,2.88
20.31,0.74,51.5,1640,18.2,2,14,24,27.2,-2.12,4.2,606.8,0,1,0,71,Hatchback,Petrol,Kolkata,2.02
17.36,1.89,52.2,1746,43.4,1,9,18,16.5,0.65,0.95,546.2,0,2,0,88,Hatchback,Diesel,Lucknow,3.05
44.6,0.78,54.1,1896,36.4,1,17,29,32.4,2.42,2.43,40.0,1,1,1,125,MUV,Petrol,Ahmedabad,2.98
91.5,0.51,66.7,2861,33.0,1,1,8,42.0,-1.73,1.18,261.8,0,0,1,150,SUV,Diesel,Ahmedabad,2.39
29.32,1.9,54.4,2376,51.1,2,28,30,21.1,-0.64,3.78,140.5,1,1,0,100,MUV,Petrol,Pune,3.4
54.98,0.46,53.5,2361,21.9,1,12,11,35.8,0.82,3.18,748.2,0,1,1,189,SUV,Diesel,Chennai,2.67
38.71,2.32,65.7,2270,64.2,0,22,27,32.9,-4.88,4.02,29.0,1,1,0,74,Hatchback,Diesel,Mumbai,1.8
58.1,1.72,61.7,2424,54.5,1,5,22,36.2,-0.84,4.1,660.0,0,1,2,116,MUV,CNG,Hyderabad,3.32
83.8,0.53,56.5,2628,43.5,2,4,4,35.5,-4.04,1.15,233.2,1,0,1,134,MUV,Petrol,Hyderabad,1.63
36.96,1.75,55.1,2317,37.8,1,24,12,35.0,1.24,4.86,629.0,1,1,0,108,MUV,Petrol,Pune,3.27
52.1,0.93,50.3,2246,38.9,0,11,37,32.6,-2.44,4.27,745.3,0,1,0,103,MUV,CNG,Chennai,1.62
23.17,1.6,50.8,1764,36.4,2,6,5,31.1,0.93,4.82,57.5,0,2,0,87,Hatchback,Diesel,Lucknow,2.95
36.46,0.36,53.7,1948,25.9,1,10,25,19.2,1.79,4.46,442.2,0,1,0,160,SUV,Petrol,Jaipur,2.58
96.79,1.62,68.2,3499,57.5,0,2,7,34.8,-6.18,3.32,574.2,1,0,2,171,SUV,CNG,Hyderabad,2.05
20.73,0.84,49.6,1447,29.8,1,10,21,23.6,-2.51,4.26,492.7,0,1,0,177,SUV,Petrol,Jaipur,2.08
61.66,0.43,49.9,2278,29.1,1,4,1,24.2,0.99,3.63,128.7,0,0,2,105,Sedan,Diesel,Pune,1.72
54.02,2.26,65.7,2497,70.5,1,19,15,22.6,0.49,0.65,736.4,0,1,0,71,Hatchback,Petrol,Delhi,4.03
30.49,1.86,53.7,1952,58.0,2,10,14,24.7,-0.17,3.84,768.2,0,2,0,90,MUV,CNG,Ahmedabad,3.09
29.68,0.55,45.9,1373,21.5,1,16,27,37.9,-0.52,0.31,539.2,0,1,0,120,Sedan,CNG,Ahmedabad,1.71
114.71,2.46,80.9,3903,81.8,0,0,8,39.6,0.3,1.45,26.0,0,0,0,112,MUV,Diesel,Kolkata,3.98
19.04,1.45,48.4,1882,40.8,1,3,19,26.9,0.84,2.77,760.4,1,2,0,118,MUV,Petrol,Ahmedabad,3.02
48.07,0.92,56.0,1955,44.6,0,20,38,22.9,-1.58,0.93,85.0,1,1,0,134,Sedan,Petrol,Pune,1.67
37.15,1.0,50.7,1836,45.0,2,24,31,44.3,-0.48,2.88,157.1,0,1,0,73,Hatchback,Diesel,Jaipur,2.71
26.83,2.32,60.5,2226,51.3,1,19,27,42.6,2.99,1.83,646.9,1,1,0,179,SUV,Petrol,Delhi,5.33
41.57,1.82,57.2,2189,65.0,1,6,35,29.4,2.85,2.76,79.2,1,1,2,143,SUV,CNG,Mumbai,4.08
35.49,1.86,56.3,1844,49.8,1,28,34,36.6,-2.7,0.33,89.3,1,1,0,145,Sedan,Petrol,Ahmedabad,2.92
33.97,0.27,51.9,1619,21.2,0,12,15,26.2,0.53,1.79,148.7,0,2,2,146,Sedan,Petrol,Hyderabad,2.01
56.17,2.13,61.8,2604,57.8,1,24,35,27.8,-1.83,4.71,609.2,0,1,0,115,Sedan,Diesel,Pune,2.78
31.1,0.85,47.5,1748,27.8,1,28,12,40.9,2.02,2.22,517.3,1,1,0,111,MUV,CNG,Ahmedabad,2.41
33.57,0.39,44.6,1317,23.8,1,11,31,20.1,-0.08,4.36,717.2,0,1,0,138,MUV,Petrol,Bangalore,2.1
27.79,0.7,49.8,1386,28.4,1,6,34,18.9,0.8,3.25,775.5,1,1,0,145,SUV,Petrol,Jaipur,2.64
81.17,2.0,63.7,3327,65.5,0,0,9,24.6,1.97,4.14,510.5,1,0,2,159,SUV,Diesel,Kolkata,3.37
42.8,2.22,62.7,2201,60.8,2,29,33,29.9,-3.92,0.2,112.8,0,1,1,116,Sedan,Petrol,Mumbai,3.66
49.28,1.72,61.3,2144,46.7,1,20,34,28.0,-4.61,3.29,665.8,1,1,0,89,Hatchback,Diesel,Jaipur,1.74
33.47,0.96,51.5,1754,38.1,0,14,13,16.2,5.53,2.24,432.0,1,2,0,99,MUV,Petrol,Jaipur,3.15
21.42,0.81,44.5,1260,23.5,2,11,27,35.6,-4.42,3.14,131.4,0,1,0,133,Sedan,Petrol,Chennai,1.73
97.15,2.43,71.8,3571,77.2,1,1,8,33.3,-2.18,2.21,356.8,0,0,0,100,Sedan,Diesel,Pune,3.32
113.34,1.95,68.6,3654,75.7,0,4,2,19.7,2.25,3.47,367.4,0,0,0,125,MUV,Diesel,Delhi,3.44
25.93,0.59,48.6,1784,25.1,1,5,9,34.1,5.65,1.63,228.0,0,2,0,107,MUV,Diesel,Pune,2.87
28.16,1.11,54.3,1692,24.7,1,19,22,23.5,2.99,2.03,583.6,0,1,1,192,SUV,Diesel,Delhi,3.37
53.26,1.53,57.9,2185,47.1,2,25,21,41.6,-3.33,3.79,526.2,1,1,0,97,Hatchback,Diesel,Jaipur,2.32
65.52,2.18,72.0,2836,63.5,0,3,1,24.7,0.05,3.45,189.9,1,0,0,92,MUV,Petrol,Lucknow,3.04
35.04,0.99,54.3,1650,42.7,0,16,15,25.2,0.74,1.73,474.1,1,1,0,196,SUV,Petrol,Delhi,2.61
16.43,0.41,45.5,1430,21.8,0,5,20,30.9,-1.59,2.78,66.6,1,2,0,74,Hatchback,Petrol,Lucknow,0.97
19.76,1.23,52.3,1417,44.7,0,6,11,43.6,6.45,4.31,81.3,1,2,0,82,Hatchback,Petrol,Ahmedabad,3.94
21.34,1.87,47.5,2009,50.6,1,14,29,20.6,4.62,3.1,228.5,0,1,0,136,Sedan,CNG,Pune,4.11
26.15,1.94,52.8,1812,57.1,1,19,23,29.5,-0.43,4.41,365.5,0,1,2,116,MUV,Diesel,Jaipur,3.23
14.97,1.49,44.2,1663,40.6,2,2,19,32.3,3.12,4.95,799.9,0,2,0,107,MUV,Petrol,Hyderabad,3.95
68.45,1.19,58.5,2582,44.5,1,1,3,29.9,-0.37,0.8,528.8,0,0,0,92,Hatchback,Petrol,Mumbai,2.55
39.71,0.95,54.3,2220,35.6,0,24,11,36.1,-1.16,3.0,437.4,0,1,0,182,SUV,Petrol,Chennai,2.37
96.53,1.39,67.4,3197,56.4,0,1,9,19.3,3.74,0.73,497.9,0,0,1,108,MUV,Petrol,Pune,4.28
88.0,0.97,62.7,2777,56.9,0,1,8,29.1,4.16,1.77,311.3,1,0,0,142,Sedan,Diesel,Chennai,2.85
16.65,2.35,54.3,1950,54.5,0,8,13,30.6,-2.2,1.65,170.8,0,2,0,196,SUV,Diesel,Mumbai,2.79
80.41,0.6,62.8,2494,34.2,0,4,2,38.5,-3.33,3.32,628.2,0,0,0,137,MUV,CNG,Chennai,1.28
49.2,1.72,56.3,2276,52.6,1,15,27,23.7,-2.77,4.11,619.6,1,1,2,179,SUV,Diesel,Pune,2.38
55.75,0.73,52.8,2229,30.7,1,7,21,36.7,-2.1,1.56,614.8,0,1,0,145,SUV,Diesel,Chennai,1.69
110.24,0.4,63.0,3095,41.8,2,0,3,40.7,0.89,0.14,29.3,0,0,1,153,SUV,Diesel,Chennai,3.04
78.75,0.39,62.7,2795,24.6,1,0,5,24.2,0.18,0.8,149.9,0,0,1,163,SUV,Petrol,Hyderabad,2.55
37.26,1.91,57.2,2176,55.5,0,27,25,31.7,-0.74,4.62,632.6,0,1,0,113,MUV,Petrol,Mumbai,2.87
52.57,2.22,58.1,2722,66.3,1,9,38,28.7,2.06,2.35,626.0,1,1,0,157,SUV,CNG,Mumbai,3.89
31.24,1.32,55.2,1986,40.8,0,7,37,27.6,-3.48,0.29,14.2,1,1,2,171,SUV,Diesel,Chennai,1.72
30.92,0.33,47.0,1689,27.1,0,22,24,38.5,3.7,2.63,553.3,0,1,0,114,Sedan,CNG,Delhi,2.08
91.48,2.32,68.9,3338,65.1,1,3,0,25.6,0.72,0.29,28.8,0,0,0,111,Sedan,Diesel,Hyderabad,3.5
100.74,2.17,75.4,3475,68.8,0,0,3,44.5,-2.01,4.6,62.5,0,0,1,132,Sedan,Petrol,Delhi,3.76
22.99,1.65,54.7,1530,50.7,1,13,28,21.2,2.77,4.82,744.6,0,1,0,107,MUV,Petrol,Bangalore,3.97
44.34,0.37,55.9,1703,19.9,1,15,23,35.7,-0.34,0.15,227.1,1,1,1,134,MUV,Petrol,Kolkata,2.29
54.48,0.61,54.4,2250,34.5,1,8,14,34.7,-4.58,1.09,59.5,0,1,0,132,Sedan,Diesel,Chennai,1.12
94.42,1.16,67.4,2928,50.4,2,2,6,34.0,3.04,2.52,410.7,1,0,0,141,Sedan,CNG,Mumbai,4.24
71.45,0.79,55.5,2537,34.5,1,0,0,31.4,0.58,1.03,270.3,0,0,0,100,Sedan,Petrol,Mumbai,2.18
20.15,2.42,61.0,2188,60.9,1,3,11,37.2,3.13,1.13,436.5,0,2,0,86,Hatchback,Petrol,Hyderabad,4.68
24.83,0.55,47.3,1281,20.9,1,23,27,19.4,2.9,0.2,433.0,1,1,1,133,MUV,Diesel,Jaipur,2.53
20.87,2.08,56.2,2051,50.7,0,3,18,27.4,-3.34,1.58,388.8,0,2,1,115,Sedan,Petrol,Bangalore,2.55
88.04,0.99,67.4,2760,49.1,1,1,0,25.6,3.32,0.66,525.5,0,0,1,75,Hatchback,Diesel,Mumbai,2.85
42.71,1.39,50.0,2447,45.9,2,10,13,27.7,-3.81,0.79,125.3,0,1,0,127,MUV,Petrol,Hyderabad,2.26
32.01,0.14,48.2,1430,18.0,2,4,6,24.1,-2.32,2.42,248.6,0,2,1,140,SUV,Petrol,Ahmedabad,1.62
68.45,0.72,58.3,2555,33.9,0,0,4,32.0,2.37,2.22,367.1,0,0,2,73,Hatchback,Diesel,Pune,1.99
12.47,1.93,48.6,2014,52.2,0,4,16,19.1,1.21,4.08,650.6,1,2,0,195,SUV,CNG,Pune,3.2
32.36,0.48,55.5,1902,24.4,0,12,10,35.2,-0.1,2.64,417.5,0,2,0,120,Sedan,Diesel,Pune,1.58
102.29,2.33,72.7,3656,67.1,1,2,4,25.0,0.12,4.05,710.7,1,0,0,87,Hatchback,Diesel,Mumbai,3.29
55.62,2.06,65.3,2609,60.0,2,29,38,22.5,3.71,2.42,663.4,1,1,0,145,SUV,Petrol,Bangalore,5.19
40.01,0.96,51.5,1841,43.0,0,26,22,19.1,-0.16,2.89,714.6,0,1,2,101,MUV,Petrol,Pune,2.46
11.01,1.91,54.9,1603,49.2,1,8,5,37.7,-2.42,3.28,67.3,1,2,1,87,Hatchback,Diesel,Mumbai,2.41
26.96,1.36,52.9,1817,41.2,1,10,9,39.2,-1.2,4.07,766.9,1,2,1,111,MUV,Petrol,Jaipur,2.72
46.52,2.23,59.7,2406,69.7,1,16,32,24.7,-0.03,4.5,152.4,1,1,0,144,Sedan,Petrol,Jaipur,3.62
36.88,1.2,51.5,1887,41.6,0,8,25,33.8,-0.13,1.71,701.1,0,1,0,148,SUV,CNG,Mumbai,2.45
29.49,1.36,56.3,1872,43.6,1,6,15,33.8,-3.62,0.27,748.5,1,2,1,137,MUV,Petrol,Bangalore,2.31
26.13,0.12,46.7,1271,33.7,0,10,7,39.9,1.55,4.64,25.3,1,2,1,173,SUV,Petrol,Ahmedabad,2.07
100.8,0.64,62.7,3300,43.4,1,3,8,31.8,1.03,1.07,760.9,0,0,0,87,Hatchback,Petrol,Chennai,2.85
21.61,2.49,56.3,2094,61.1,0,16,33,29.1,5.16,3.31,272.3,1,1,1,114,Sedan,Petrol,Ahmedabad,4.85
41.77,0.51,45.8,1810,28.6,2,18,24,29.2,-3.55,0.66,592.2,0,1,2,190,SUV,Petrol,Hyderabad,2.17
18.51,0.19,43.7,1261,21.8,2,8,19,22.1,8.75,3.49,62.0,1,2,0,99,Hatchback,Petrol,Lucknow,3.99
59.46,0.35,55.1,2067,21.4,2,13,14,28.2,-2.31,3.12,255.0,0,1,0,100,MUV,Petrol,Delhi,1.6
76.92,2.4,67.0,3178,70.0,2,4,7,24.0,-1.8,4.31,176.7,0,0,0,92,Hatchback,Petrol,Pune,3.62
48.06,0.44,55.5,2028,33.1,1,25,29,31.3,-4.28,3.26,267.9,0,1,0,100,MUV,Petrol,Hyderabad,1.19
50.18,2.29,57.0,2836,59.2,1,12,33,28.0,0.4,2.07,366.7,1,1,0,79,Hatchback,Diesel,Hyderabad,3.04
37.08,2.22,60.6,2118,51.1,2,5,23,27.4,-0.66,0.91,104.5,1,1,1,141,Sedan,Petrol,Delhi,4.03
59.3,0.32,51.6,2555,24.4,1,14,34,25.5,-0.64,1.43,614.4,1,1,1,124,Sedan,Petrol,Pune,1.88
15.49,2.44,57.0,1810,64.7,0,5,17,15.3,5.17,0.79,355.0,0,2,0,148,Sedan,Diesel,Jaipur,4.46
27.69,0.86,51.8,1574,26.3,1,19,32,16.3,-2.4,3.78,14.1,0,1,1,125,Sedan,Petrol,Lucknow,2.2
31.95,0.93,47.1,1747,31.8,0,20,24,32.9,-8.45,1.58,789.3,1,1,1,139,Sedan,Petrol,Chennai,0.3
31.46,0.6,49.8,1541,25.4,2,3,22,24.1,0.81,2.08,33.6,0,2,0,116,MUV,Petrol,Ahmedabad,2.6
53.18,1.68,62.8,2299,50.4,2,23,39,35.7,-3.75,3.26,795.6,0,1,2,139,Sedan,Petrol,Hyderabad,3.51
35.97,1.63,62.4,2125,48.4,2,16,12,36.0,0.76,0.42,765.6,1,1,0,129,Sedan,Petrol,Chennai,3.77
40.81,2.43,64.6,2449,60.7,2,6,12,41.5,-1.1,0.4,710.5,0,1,2,72,Hatchback,Petrol,Lucknow,4.4
24.54,1.42,52.6,1526,30.6,1,12,24,32.2,4.41,3.88,413.3,0,1,1,105,Sedan,Petrol,Lucknow,4.45
22.69,2.16,57.7,2147,42.2,0,14,6,32.2,1.53,1.4,13.5,1,2,0,156,SUV,Diesel,Hyderabad,3.19
37.78,1.39,54.6,2121,50.9,2,5,21,33.4,-4.3,3.4,168.6,0,1,2,196,SUV,CNG,Bangalore,2.81
24.17,1.58,55.4,1972,39.9,0,9,17,20.5,2.39,1.54,602.6,0,2,1,163,SUV,CNG,Lucknow,3.46
90.46,2.03,73.1,3305,74.3,1,1,5,29.0,-1.86,2.23,334.2,0,0,0,116,MUV,Petrol,Chennai,3.39
55.67,1.52,60.8,2566,55.0,1,20,14,26.4,2.37,2.56,516.6,0,1,0,134,MUV,Diesel,Kolkata,3.13
101.41,1.72,69.1,3278,59.5,0,1,2,28.7,-3.9,1.98,590.7,0,0,0,90,Hatchback,Diesel,Mumbai,1.9
22.95,0.31,50.4,1237,16.6,1,19,33,32.9,1.5,0.46,385.4,1,1,0,110,MUV,Petrol,Jaipur,2.19
19.86,1.66,53.6,1442,48.6,0,13,8,29.5,-5.18,0.66,754.2,0,2,0,93,MUV,Petrol,Ahmedabad,1.34
46.95,0.26,50.4,1807,23.2,1,26,24,36.1,-2.44,1.32,428.5,0,1,0,163,SUV,Petrol,Chennai,1.62
30.84,0.68,51.6,1697,28.8,0,6,23,43.0,2.52,3.18,335.0,0,2,1,85,Hatchback,Diesel,Delhi,2.35
108.69,1.94,72.1,3611,62.8,0,3,1,39.7,-1.08,1.73,329.1,1,0,0,129,MUV,Petrol,Chennai,3.62
93.53,0.45,67.0,2527,49.5,0,4,4,27.7,2.11,4.22,136.1,0,0,0,77,Hatchback,CNG,Mumbai,2.32
59.89,2.01,61.5,2894,58.3,0,10,12,31.5,-4.93,3.39,766.3,0,1,0,132,MUV,CNG,Jaipur,1.86
102.64,1.75,69.3,3494,60.4,0,0,0,23.7,2.1,3.31,390.0,0,0,0,72,Hatchback,Petrol,Bangalore,3.72
38.87,1.38,51.1,2088,39.1,1,5,18,34.6,1.87,0.8,356.3,0,1,1,90,Hatchback,Diesel,Ahmedabad,3.06
21.79,1.71,52.1,1760,46.0,0,3,8,36.0,-0.71,3.49,23.2,0,2,0,128,MUV,Petrol,Kolkata,2.57
23.07,0.28,47.2,1312,29.7,0,5,6,35.1,-2.74,1.3,80.1,0,2,0,81,Hatchback,Diesel,Chennai,0.48
99.32,0.83,62.8,3109,44.4,0,4,7,33.2,-3.94,4.34,706.2,0,0,0,96,MUV,Petrol,Jaipur,1.37
73.0,2.25,64.3,3203,76.9,1,3,5,35.4,0.05,3.09,153.0,0,0,2,117,MUV,Petrol,Hyderabad,4.09
59.39,1.95,64.5,2536,55.7,0,18,11,33.4,4.98,3.52,799.6,0,1,0,89,Hatchback,CNG,Pune,4.07
90.24,0.72,64.8,3086,26.6,1,0,0,39.7,-1.21,1.56,127.2,0,0,2,118,Sedan,Petrol,Lucknow,2.43
104.96,0.75,71.1,3499,39.9,0,1,6,37.8,-2.38,2.65,221.7,1,0,0,81,Hatchback,CNG,Lucknow,1.77
24.07,0.31,44.8,1388,19.0,1,14,8,36.8,-1.72,3.12,796.1,0,2,1,86,Hatchback,CNG,Hyderabad,1.27
41.58,0.68,50.8,1727,32.7,0,28,19,37.4,-3.54,4.6,371.0,0,1,0,148,SUV,Petrol,Kolkata,1.26
32.8,0.73,47.6,1489,30.4,1,8,9,40.1,2.1,4.63,626.4,1,2,0,148,Sedan,Diesel,Chennai,2.5
38.64,0.28,48.2,1887,24.6,0,29,21,34.0,-0.36,4.59,186.6,1,1,1,196,SUV,Diesel,Kolkata,1.66
35.76,1.87,60.7,2175,53.3,0,5,35,27.1,3.8,2.02,715.4,0,1,1,132,Sedan,Petrol,Ahmedabad,4.24
59.58,1.02,58.0,2238,36.0,1,20,13,25.9,1.5,0.16,137.0,1,1,1,116,Sedan,Diesel,Kolkata,2.5
93.2,0.91,61.6,2713,41.7,0,0,8,21.2,-5.8,1.76,269.7,0,0,2,84,Hatchback,Diesel,Ahmedabad,0.78
29.11,1.27,51.8,1896,42.9,0,6,24,39.0,4.25,4.64,318.7,0,1,0,156,SUV,Petrol,Chennai,4.03
21.28,1.24,49.6,1731,35.7,0,4,13,36.0,-3.54,2.17,740.8,1,2,0,123,MUV,Diesel,Mumbai,1.36
30.73,1.0,45.4,1775,35.9,0,14,16,35.7,-3.41,1.5,186.4,0,2,0,100,MUV,CNG,Lucknow,1.17
29.29,0.86,49.0,1724,40.1,1,11,24,31.5,-1.06,3.49,602.4,0,1,1,181,SUV,Diesel,Mumbai,2.42
28.63,1.46,55.7,1609,44.2,2,17,16,28.5,0.9,3.65,356.3,0,1,0,142,SUV,Petrol,Ahmedabad,3.79
34.36,1.47,50.8,1921,47.0,1,28,19,30.6,-1.73,4.61,562.3,0,1,0,131,MUV,Petrol,Delhi,2.47
19.15,2.0,54.6,1707,46.4,2,2,21,32.2,0.34,4.42,274.6,0,2,1,130,MUV,Petrol,Pune,4.52
70.88,2.31,63.2,2826,74.8,0,3,7,17.7,1.98,2.35,155.0,0,0,0,120,MUV,Petrol,Lucknow,4.08
55.44,0.66,56.1,2200,30.9,1,21,38,28.1,-2.35,3.23,27.8,0,1,0,70,Hatchback,Petrol,Mumbai,1.75
22.45,0.65,53.7,1429,34.0,2,18,12,44.8,-1.83,0.84,437.3,0,1,1,118,Sedan,Petrol,Delhi,2.64
49.84,1.91,58.8,2239,63.8,2,13,18,24.0,-1.16,2.4,236.2,0,1,0,172,SUV,Diesel,Jaipur,3.31
24.85,1.87,56.5,2173,48.1,2,7,34,27.4,-1.93,2.55,201.8,1,1,2,85,Hatchback,Petrol,Chennai,3.44
38.23,1.56,52.1,2351,45.7,0,8,26,39.9,-2.12,2.89,525.4,0,1,2,81,Hatchback,Petrol,Lucknow,2.62
47.24,1.87,58.7,2475,53.4,1,11,37,23.7,1.36,3.54,799.9,0,1,1,175,SUV,Diesel,Delhi,3.49
32.96,2.22,54.4,1788,58.1,2,15,35,39.3,-0.21,2.87,76.9,0,1,1,171,SUV,Petrol,Ahmedabad,4.88
44.1,1.06,56.5,2128,41.0,1,10,28,29.2,-1.72,0.31,776.3,0,1,0,98,MUV,Diesel,Delhi,1.84
47.8,1.59,57.5,2369,58.3,0,24,39,26.4,-3.29,2.68,299.6,0,1,0,102,MUV,Petrol,Mumbai,2.07
26.41,1.42,51.4,1903,36.4,1,28,18,39.7,2.05,3.06,97.5,1,1,0,131,MUV,Petrol,Hyderabad,3.29
72.66,0.21,53.8,2389,22.8,0,2,7,21.7,3.87,3.72,321.4,0,0,0,131,Sedan,Petrol,Bangalore,2.39
19.4,0.72,45.7,1293,18.2,0,10,22,35.7,4.77,4.6,533.4,1,2,1,87,Hatchback,Petrol,Kolkata,2.91
87.41,2.41,73.2,3326,67.6,1,3,8,16.8,3.98,4.43,533.3,0,0,0,130,Sedan,Petrol,Lucknow,5.47
11.2,0.66,46.6,1233,28.5,0,10,13,32.2,0.85,3.69,314.6,0,2,0,131,Sedan,Diesel,Chennai,1.75
23.71,1.76,56.6,1866,43.9,2,10,24,25.2,2.43,3.28,495.3,0,2,0,111,MUV,Petrol,Jaipur,4.26
33.77,1.84,57.6,2170,51.4,2,20,13,24.0,-2.63,1.88,520.1,1,1,0,166,SUV,Petrol,Lucknow,3.0
22.92,1.19,51.6,1836,37.5,1,17,13,27.4,2.81,4.71,713.5,0,1,0,118,MUV,Petrol,Kolkata,3.44
13.75,1.69,51.7,1564,47.5,0,11,17,32.1,2.32,2.35,19.2,0,2,1,176,SUV,Petrol,Lucknow,3.94
107.99,2.28,70.2,3710,71.0,0,4,9,22.7,2.86,2.15,546.0,1,0,0,196,SUV,Petrol,Jaipur,5.05
101.26,0.19,57.7,3006,36.1,2,2,0,27.3,-2.11,3.43,712.6,0,0,1,91,MUV,Diesel,Mumbai,1.45
71.75,0.69,58.3,2590,35.6,1,4,0,25.6,-0.43,2.96,262.9,0,0,0,109,MUV,Petrol,Ahmedabad,1.99
42.01,2.17,58.3,2266,59.8,0,9,22,16.1,2.21,0.23,325.1,0,1,0,131,MUV,Diesel,Jaipur,3.34
30.95,0.72,52.3,1494,37.4,0,17,12,22.3,-0.15,4.75,92.6,0,1,2,99,Hatchback,Petrol,Lucknow,1.84
93.33,0.63,59.2,2818,42.6,0,1,9,29.5,2.58,1.26,467.4,0,0,0,98,Hatchback,Petrol,Jaipur,2.44
22.64,2.19,56.8,2255,63.2,2,26,26,34.6,-2.52,2.71,486.8,1,1,0,146,Sedan,Diesel,Pune,3.13
56.2,1.23,57.6,2233,43.8,0,21,12,28.3,-7.01,0.32,268.1,0,1,1,147,Sedan,Petrol,Pune,0.91
34.83,1.07,56.3,2042,34.7,0,7,11,32.1,-2.08,1.31,768.1,0,2,2,114,Sedan,Petrol,Mumbai,2.02
24.38,2.17,53.8,2057,58.6,0,13,38,36.6,0.66,3.85,606.1,0,1,0,127,MUV,Diesel,Kolkata,3.09
59.87,0.97,56.2,2243,40.1,0,14,27,40.2,-0.97,0.46,162.6,0,1,1,117,Sedan,CNG,Jaipur,2.26
106.71,0.69,60.8,3269,47.7,0,1,3,27.2,1.04,4.74,225.1,0,0,0,131,Sedan,CNG,Chennai,2.48
35.63,1.65,54.6,2041,45.5,2,24,12,41.1,3.33,2.41,638.9,0,1,2,192,SUV,Diesel,Ahmedabad,4.31
31.88,0.13,45.7,1615,13.1,2,20,37,37.9,4.89,3.62,165.7,1,1,2,122,MUV,Petrol,Kolkata,4.09
101.15,2.41,71.0,3332,75.8,0,1,7,44.2,-3.65,4.84,125.3,0,0,0,184,SUV,CNG,Jaipur,3.35
33.07,2.07,58.7,2045,49.7,0,16,24,32.0,0.54,1.57,213.7,0,1,0,158,SUV,Petrol,Pune,3.87
16.24,1.18,50.5,1368,39.2,2,13,23,34.8,-0.81,3.39,516.5,0,2,2,147,Sedan,CNG,Hyderabad,3.23
97.9,0.39,62.6,3016,28.3,0,2,6,32.5,-2.6,2.06,474.6,0,0,1,99,Hatchback,Diesel,Delhi,1.17
103.0,1.58,68.6,3229,60.7,1,0,6,24.8,-0.4,1.29,377.2,0,0,1,95,MUV,Petrol,Jaipur,3.48
55.16,0.24,54.0,1856,22.0,2,23,19,25.0,-1.32,3.03,311.9,1,1,1,114,Sedan,Diesel,Kolkata,1.66
32.76,1.62,58.2,2216,38.9,1,13,28,34.0,-3.67,2.87,51.0,1,1,0,72,Hatchback,Petrol,Mumbai,2.11
55.36,2.28,63.3,2748,73.2,1,18,22,35.4,3.52,4.9,636.3,1,1,0,136,Sedan,CNG,Hyderabad,4.44
114.21,1.69,75.7,3528,61.1,0,3,9,37.7,-0.77,3.44,352.6,1,0,1,141,SUV,Petrol,Ahmedabad,3.86
20.51,2.4,57.3,1919,62.9,2,8,35,29.8,0.98,1.02,509.6,1,1,0,91,MUV,Petrol,Chennai,4.45
19.24,1.9,54.4,1452,46.2,1,9,15,27.4,0.51,0.49,604.4,1,2,2,97,Hatchback,Petrol,Hyderabad,3.54
81.52,2.19,68.0,2993,59.8,0,1,1,36.3,-0.86,3.84,732.1,0,0,1,110,MUV,Petrol,Hyderabad,3.42
49.38,0.95,51.9,2152,36.8,1,8,21,28.2,3.63,0.9,98.3,0,1,0,147,Sedan,Petrol,Lucknow,3.46
15.97,0.87,50.2,1539,33.7,2,3,21,30.2,-6.05,4.84,489.1,1,2,2,119,MUV,Diesel,Kolkata,1.5
113.54,1.17,72.6,3365,49.1,0,2,0,31.0,2.37,1.57,528.9,0,0,0,110,MUV,Diesel,Hyderabad,3.27
23.73,2.16,58.9,2109,55.6,2,17,24,22.6,-2.45,3.4,34.6,1,1,0,111,Sedan,Petrol,Pune,3.42
103.77,0.78,64.1,3265,41.8,0,3,6,19.2,-1.77,2.18,434.1,0,0,0,175,SUV,Petrol,Pune,2.55
59.48,2.38,62.7,2838,68.1,1,27,30,35.5,4.0,0.98,394.1,0,1,2,158,SUV,Petrol,Ahmedabad,5.85
23.62,0.27,42.1,1427,6.9,1,12,22,30.3,-5.3,3.15,207.7,0,2,0,105,MUV,Diesel,Kolkata,0.3
58.48,2.36,65.4,2899,69.5,1,26,21,29.8,0.83,0.19,779.0,1,1,0,73,Hatchback,Petrol,Chennai,3.94
59.41,2.14,63.9,2375,65.2,1,24,39,29.6,0.73,3.66,59.7,0,1,0,130,Sedan,Diesel,Hyderabad,3.42
11.05,2.25,53.7,1809,59.1,0,3,20,24.8,0.02,3.52,434.4,1,2,1,92,Hatchback,Diesel,Hyderabad,2.62
21.73,2.03,60.5,1741,61.6,1,21,30,40.9,3.94,3.89,322.4,1,1,0,111,Sedan,Diesel,Delhi,4.22
91.39,0.21,63.5,2614,26.9,0,0,0,32.5,-1.01,4.76,464.9,0,0,2,164,SUV,Petrol,Lucknow,2.15
49.33,0.45,49.8,1958,29.0,1,8,13,26.8,-7.41,4.15,60.9,0,1,0,77,Hatchback,Petrol,Bangalore,0.3
33.68,0.88,49.9,1757,31.9,0,13,20,30.9,8.4,0.13,172.4,0,2,0,97,Hatchback,Petrol,Hyderabad,4.08
69.46,1.82,58.5,2912,51.7,2,2,1,41.5,5.66,3.13,273.3,0,0,1,141,SUV,Diesel,Delhi,4.67
77.83,0.86,59.4,2755,37.2,1,3,0,33.9,3.77,2.46,533.6,1,0,0,86,Hatchback,CNG,Pune,3.0
23.05,1.55,50.1,1923,49.2,2,26,39,24.7,-0.04,4.78,741.7,0,1,0,78,Hatchback,Petrol,Kolkata,3.27
28.39,2.02,53.7,2220,50.5,0,6,10,28.7,-0.89,2.36,183.5,0,2,1,90,Hatchback,Diesel,Kolkata,2.39
65.58,0.37,57.0,2200,22.1,1,0,1,29.6,1.34,2.42,545.5,1,0,2,115,MUV,Diesel,Delhi,1.87
52.14,0.68,60.0,2257,33.3,1,20,27,38.6,0.87,3.65,439.4,1,1,0,97,MUV,Diesel,Hyderabad,2.34
37.42,1.29,58.1,1730,39.3,1,11,35,27.5,0.29,4.85,564.7,0,1,0,147,SUV,Petrol,Jaipur,3.24
53.12,2.42,61.9,2664,64.8,2,8,23,42.4,1.83,1.93,467.9,0,1,0,114,Sedan,Petrol,Delhi,5.08
28.16,0.29,46.5,1546,21.5,1,6,17,31.4,0.9,4.37,171.2,0,1,0,82,Hatchback,Diesel,Bangalore,1.53
82.59,1.37,64.7,2873,42.2,1,4,7,20.6,2.65,2.16,713.9,1,0,2,142,SUV,CNG,Ahmedabad,3.78
34.51,1.82,54.1,2080,54.5,1,3,21,22.4,-4.93,4.06,448.7,0,2,0,142,SUV,Diesel,Ahmedabad,1.8
16.83,2.19,51.2,1974,53.7,1,13,6,31.7,1.08,1.8,495.3,1,2,0,77,Hatchback,Diesel,Pune,3.0
43.44,0.73,53.5,2114,32.0,2,17,27,37.2,-1.71,0.34,57.0,0,1,0,93,MUV,Petrol,Hyderabad,2.45
22.7,0.5,48.5,1347,19.9,0,9,7,41.4,-0.47,1.94,295.0,0,2,0,189,SUV,Diesel,Ahmedabad,2.03
39.17,2.19,58.4,2178,61.4,0,29,10,37.1,0.2,4.89,377.0,1,1,0,112,Sedan,CNG,Chennai,2.82
53.09,0.67,52.9,1827,31.0,1,16,37,35.8,1.87,4.69,132.4,1,1,1,103,Sedan,Petrol,Kolkata,3.04
69.63,2.05,63.3,2782,55.6,1,1,8,24.5,1.94,4.4,83.1,0,0,2,189,SUV,Petrol,Bangalore,4.75
20.24,1.36,53.9,1765,37.6,2,16,29,27.7,-2.63,4.89,409.5,1,1,0,133,Sedan,Diesel,Pune,2.27
46.28,0.9,58.0,2098,29.8,0,17,11,35.5,1.22,2.78,667.9,0,1,2,148,Sedan,Petrol,Kolkata,3.06
26.03,1.92,53.5,1781,55.6,0,6,11,32.7,-0.65,1.5,517.8,0,2,1,84,Hatchback,Diesel,Delhi,2.32
20.9,0.18,44.1,1282,19.7,1,14,17,29.2,0.26,1.26,203.3,0,1,0,94,MUV,Petrol,Lucknow,1.73
116.69,2.01,76.6,3917,69.8,1,1,3,27.5,0.8,4.82,240.5,0,0,0,97,MUV,Petrol,Kolkata,4.37
109.89,1.19,62.1,3432,60.8,1,4,3,21.7,1.3,1.33,125.7,0,0,0,140,Sedan,Petrol,Lucknow,3.64
33.23,0.64,48.6,1695,31.2,2,24,25,38.7,2.86,3.63,559.9,0,1,1,75,Hatchback,Diesel,Jaipur,3.02
117.17,1.57,75.2,3637,68.5,2,2,3,29.5,2.68,1.54,438.9,1,0,0,146,SUV,Petrol,Chennai,5.21
23.65,1.04,55.4,1761,37.5,2,11,5,33.4,4.4,1.93,383.6,0,2,0,131,Sedan,Petrol,Delhi,4.34
27.87,1.24,51.7,1719,36.1,1,22,26,22.0,-1.07,2.08,227.2,0,1,2,178,SUV,Petrol,Hyderabad,3.2
55.13,0.43,54.5,1954,31.7,1,5,22,33.4,-4.64,1.39,192.4,0,1,0,120,Sedan,Petrol,Bangalore,1.01
23.14,1.57,55.0,1863,39.6,1,6,15,26.5,1.94,2.08,620.9,1,2,0,146,Sedan,Diesel,Chennai,2.73
15.82,0.9,48.9,1523,34.7,0,11,10,29.8,4.25,2.0,719.0,0,2,0,120,Sedan,Diesel,Bangalore,2.56
54.25,0.69,59.8,2154,31.5,1,19,10,27.7,-1.2,1.96,288.3,0,1,0,178,SUV,Petrol,Hyderabad,2.55
37.87,2.22,57.6,2397,62.1,1,14,27,26.2,1.16,3.79,346.7,0,1,1,124,Sedan,Petrol,Kolkata,4.3
18.81,1.82,50.0,2006,56.9,0,7,5,27.1,6.82,2.97,117.5,1,2,0,82,Hatchback,Diesel,Ahmedabad,3.3
30.79,1.86,57.0,2135,57.8,1,12,20,31.6,-2.01,2.28,527.3,0,1,1,70,Hatchback,Diesel,Delhi,2.54
46.23,1.04,56.9,1986,43.2,1,20,12,24.1,5.9,1.21,734.5,0,1,1,111,MUV,Diesel,Hyderabad,3.56
79.47,0.74,58.6,2631,27.0,1,1,3,33.7,2.84,1.18,400.8,1,0,0,92,MUV,Petrol,Kolkata,2.92
43.32,0.46,50.7,1673,25.2,1,6,30,23.1,-0.99,3.02,781.3,0,1,1,185,SUV,Petrol,Delhi,2.64
41.13,1.43,54.2,1936,34.8,1,15,19,32.4,-2.77,0.42,697.2,0,1,0,186,SUV,Diesel,Bangalore,2.34
56.94,0.18,45.2,1965,17.2,1,14,26,18.7,6.17,4.68,427.8,0,1,2,108,MUV,Petrol,Delhi,3.6
60.39,2.01,63.6,2665,71.5,0,3,0,30.1,-2.83,0.76,569.2,0,0,0,84,Hatchback,Petrol,Kolkata,2.1
78.75,0.59,54.1,2756,38.2,0,4,8,33.8,4.22,4.38,400.8,0,0,0,165,SUV,Petrol,Bangalore,3.08
60.57,1.35,53.6,2392,49.4,1,0,1,23.5,4.66,2.69,384.7,1,0,0,95,Hatchback,CNG,Kolkata,3.32
44.41,0.25,55.2,1673,21.6,1,22,14,33.9,-1.1,3.51,633.6,0,1,0,132,MUV,Petrol,Jaipur,1.89
45.73,1.77,55.9,2129,48.8,1,24,34,34.8,-2.99,2.95,71.1,1,1,0,193,SUV,Diesel,Kolkata,2.6
24.31,2.31,53.7,1937,60.8,2,10,11,36.1,0.14,3.24,493.7,0,1,0,135,Sedan,Diesel,Mumbai,3.53
32.44,0.4,49.1,1459,22.8,1,10,5,38.4,-4.5,4.23,682.5,0,2,1,97,MUV,CNG,Lucknow,0.88
31.8,1.29,56.5,1777,43.1,2,2,13,24.9,1.01,0.93,564.7,0,2,2,159,SUV,Petrol,Kolkata,4.02
34.73,0.14,46.5,1489,21.9,1,7,26,35.8,1.56,4.11,199.7,0,1,0,81,Hatchback,Petrol,Pune,1.95
27.75,1.21,52.2,1428,38.1,0,11,9,22.7,-3.22,0.54,39.3,0,2,1,147,Sedan,CNG,Pune,1.5
103.19,1.83,71.9,3562,56.4,0,2,4,41.2,-1.52,1.08,726.0,0,0,2,85,Hatchback,Petrol,Chennai,3.49
40.58,2.05,57.8,2397,62.7,1,24,34,18.7,0.74,1.15,388.6,0,1,0,148,Sedan,CNG,Lucknow,3.73
40.38,0.24,51.3,1743,22.8,0,12,37,43.8,0.4,2.38,121.7,0,1,2,91,Hatchback,Petrol,Delhi,2.3
94.94,0.57,64.6,2876,24.6,0,4,0,35.0,-3.48,1.55,619.1,1,0,0,105,Sedan,Petrol,Pune,1.05
40.57,0.52,52.7,1691,26.4,1,10,33,30.5,-1.67,1.78,407.3,0,1,0,145,Sedan,Petrol,Ahmedabad,2.22
53.8,2.47,62.6,2524,63.9,0,21,18,29.4,3.08,2.92,332.4,0,1,0,112,MUV,Petrol,Kolkata,4.26
43.81,2.38,58.7,2397,66.7,1,28,28,33.5,-0.42,3.11,184.8,0,1,1,81,Hatchback,Diesel,Kolkata,3.17
46.68,1.45,59.1,2276,44.3,2,21,35,31.8,-1.8,2.49,681.9,1,1,0,91,Hatchback,Diesel,Lucknow,2.46
97.87,1.49,67.4,3357,51.4,1,1,9,24.9,-5.16,0.24,359.9,0,0,0,166,SUV,Diesel,Delhi,1.94
30.96,2.27,53.7,1905,59.1,0,21,10,31.7,4.96,0.24,735.9,1,1,1,142,Sedan,Petrol,Mumbai,4.31
31.48,1.56,53.4,1970,51.0,0,9,12,28.6,-0.53,4.06,738.3,0,2,0,82,Hatchback,Diesel,Delhi,1.72
14.16,1.77,57.4,1778,56.2,0,4,17,26.8,-2.7,2.04,381.3,1,2,0,139,MUV,Diesel,Lucknow,1.88
69.79,1.96,64.2,2874,57.1,2,3,5,38.7,0.64,4.71,458.1,0,0,2,165,SUV,Petrol,Jaipur,4.61
48.65,0.91,54.2,2140,41.0,0,28,20,38.1,-3.29,2.19,413.5,0,1,0,146,SUV,CNG,Kolkata,1.4
109.18,0.17,66.2,3293,35.3,0,4,9,19.1,3.03,0.61,554.8,0,0,0,93,Hatchback,Petrol,Pune,2.93
34.78,1.54,57.6,2273,41.5,2,2,6,34.0,3.51,4.63,92.2,1,2,1,130,Sedan,Diesel,Pune,3.6
12.77,0.25,41.8,932,18.1,1,11,23,23.4,-3.99,2.25,639.6,1,2,0,80,Hatchback,Diesel,Hyderabad,0.41
60.26,0.81,56.7,2244,40.1,0,4,0,29.3,4.3,3.83,580.6,1,0,0,94,MUV,Diesel,Lucknow,2.31
33.68,0.53,51.3,1541,29.6,1,26,18,30.0,0.22,4.46,263.9,1,1,2,115,MUV,Petrol,Bangalore,2.42
57.27,1.72,56.9,2637,62.2,1,25,35,23.8,-4.9,0.28,386.3,0,1,2,105,MUV,Petrol,Bangalore,2.33
32.9,0.17,51.2,1587,17.1,0,12,8,28.6,1.67,0.74,533.9,1,2,2,133,Sedan,Diesel,Ahmedabad,1.72
31.73,0.59,51.8,1678,19.1,1,9,16,26.0,4.27,0.38,542.1,1,2,0,110,Sedan,Diesel,Pune,2.45
19.73,1.03,43.2,1431,20.1,2,6,20,32.8,-3.23,2.51,160.4,1,2,0,196,SUV,Petrol,Bangalore,2.24
36.71,0.43,49.6,1822,22.2,2,21,38,34.8,3.46,4.31,659.7,1,1,0,106,Sedan,Petrol,Delhi,3.35
96.66,1.99,67.8,3355,58.3,0,4,1,29.3,-2.31,4.19,397.0,1,0,0,92,Hatchback,Diesel,Hyderabad,2.07
56.31,1.14,59.4,2480,46.2,1,28,15,21.7,1.8,3.94,545.7,1,1,0,81,Hatchback,Diesel,Delhi,2.43
64.94,2.01,63.4,2772,60.8,1,3,5,34.5,1.03,0.97,452.4,1,0,2,108,MUV,Diesel,Kolkata,3.6
42.43,1.71,58.2,2324,50.7,2,29,32,25.4,-0.8,2.9,577.2,0,1,0,135,MUV,Petrol,Ahmedabad,3.8
44.54,1.78,59.0,2407,55.6,0,26,16,33.5,-0.79,2.48,587.1,0,1,1,85,Hatchback,Diesel,Delhi,2.38
30.56,0.95,47.1,1684,37.0,2,8,10,39.7,2.24,1.74,51.6,1,1,0,148,SUV,Petrol,Hyderabad,3.4
78.39,2.48,64.6,3161,66.2,0,0,4,40.4,1.06,0.72,760.0,0,0,0,93,MUV,Diesel,Delhi,3.12
46.86,0.2,50.6,1706,22.7,1,13,12,33.3,3.4,0.33,779.4,1,1,1,132,Sedan,Petrol,Hyderabad,2.64
22.37,1.42,52.2,1371,44.5,1,11,36,28.8,-0.79,2.72,710.7,1,1,1,86,Hatchback,Petrol,Jaipur,2.75
85.02,1.66,69.1,2976,51.3,0,3,7,26.1,-2.42,1.19,159.9,1,0,0,84,Hatchback,Petrol,Pune,2.13
49.77,0.82,55.4,2046,33.7,2,21,36,34.1,2.5,4.07,274.9,1,1,0,98,MUV,Petrol,Lucknow,3.57
30.25,1.2,53.7,1814,37.7,1,23,22,38.1,-2.13,2.46,536.6,1,1,1,85,Hatchback,CNG,Lucknow,2.17
94.72,1.24,65.9,3164,59.2,0,1,9,35.8,0.03,0.59,527.2,0,0,0,79,Hatchback,Petrol,Lucknow,2.71
26.61,1.2,46.6,1917,43.7,1,25,30,22.2,-1.42,0.15,638.4,0,1,1,118,Sedan,Diesel,Kolkata,2.14
111.42,2.03,73.5,3830,65.5,0,1,3,24.3,2.54,4.44,197.7,0,0,0,132,MUV,Diesel,Bangalore,3.98
51.8,1.32,55.3,2240,51.1,1,15,32,22.3,-0.37,1.42,611.9,0,1,1,109,MUV,Diesel,Ahmedabad,2.59
10.8,2.01,49.3,1661,52.5,1,7,16,27.1,3.66,4.31,304.4,1,2,0,125,MUV,Petrol,Bangalore,4.04
29.71,1.62,58.4,1689,36.3,1,22,20,34.2,-6.55,3.54,795.7,1,1,0,74,Hatchback,Petrol,Chennai,1.46
26.65,2.47,59.7,1942,71.3,2,5,14,18.4,-1.87,3.18,615.9,0,2,1,123,Sedan,Petrol,Jaipur,4.28
56.03,1.0,52.5,2186,36.5,2,15,13,26.9,-0.62,1.73,368.6,1,1,0,198,SUV,Petrol,Lucknow,2.9
73.26,1.33,62.6,2677,51.8,1,2,4,31.7,2.62,4.82,398.8,0,0,1,179,SUV,Diesel,Mumbai,3.62
11.25,1.32,49.6,1290,40.4,2,8,7,32.3,0.57,3.92,515.1,0,2,0,125,MUV,Petrol,Chennai,3.4
26.0,0.17,43.6,1790,18.1,1,18,37,35.6,4.25,3.32,678.9,0,1,1,94,Hatchback,Diesel,Kolkata,2.75
34.19,2.49,60.6,2509,62.3,1,15,25,30.6,-0.79,1.16,625.5,0,1,0,73,Hatchback,Diesel,Hyderabad,3.04
20.36,1.47,50.2,1483,47.4,1,27,24,29.0,-0.73,3.69,75.1,1,1,0,127,Sedan,Petrol,Kolkata,2.48
58.38,0.61,56.5,2233,37.3,0,7,26,33.2,-2.6,3.6,235.8,1,1,0,162,SUV,Petrol,Kolkata,1.74
35.26,0.69,53.3,1806,25.7,1,8,13,40.4,-3.65,4.79,621.5,0,1,1,125,Sedan,Diesel,Ahmedabad,1.38
14.79,0.17,46.3,885,18.2,0,11,24,35.7,-1.72,4.32,711.4,0,2,0,166,SUV,Diesel,Kolkata,1.43
14.41,2.42,51.3,1967,56.4,0,4,23,35.0,1.27,1.77,1.6,1,2,1,110,Sedan,Diesel,Pune,3.31
23.39,2.06,59.1,1882,56.6,0,4,15,30.8,5.42,0.18,201.1,1,2,1,155,SUV,Diesel,Mumbai,4.07
58.15,1.97,61.4,2620,59.4,1,26,25,30.0,-2.56,2.85,729.3,0,1,1,100,Sedan,CNG,Delhi,2.92
25.31,1.35,56.6,1821,44.2,2,5,19,26.6,-2.67,0.31,158.1,1,2,0,118,Sedan,Petrol,Mumbai,2.63
109.37,0.17,61.8,3324,30.5,0,4,2,28.5,-2.18,0.84,311.4,0,0,2,127,MUV,Diesel,Jaipur,1.56
64.82,0.76,58.1,2345,43.0,0,4,1,25.6,2.34,1.91,170.6,0,0,0,128,MUV,Diesel,Chennai,2.07
73.45,1.17,59.4,2833,53.2,0,1,0,23.5,2.56,4.4,514.1,1,0,0,77,Hatchback,Petrol,Hyderabad,2.51
49.09,0.69,54.7,2259,36.6,0,20,16,24.6,-2.77,3.41,194.4,1,1,1,105,MUV,Diesel,Lucknow,1.0
84.21,0.82,62.9,2752,40.8,1,1,5,43.6,0.63,2.07,152.0,0,0,0,108,Sedan,CNG,Delhi,2.61
23.36,0.95,47.7,1650,30.7,2,11,32,18.0,-0.79,1.41,328.3,0,1,2,104,Sedan,CNG,Lucknow,3.15
39.65,0.37,51.3,1650,27.5,1,22,24,30.7,5.69,0.88,589.8,0,1,1,133,Sedan,Diesel,Bangalore,3.05
21.43,0.7,47.8,1714,28.0,0,13,13,39.5,-0.99,2.12,737.5,0,2,0,134,Sedan,Petrol,Ahmedabad,2.06
47.17,2.36,61.6,2582,73.3,1,29,13,38.3,1.47,0.74,716.8,0,1,0,186,SUV,CNG,Hyderabad,4.37
54.04,1.94,59.5,2296,56.9,2,28,20,30.6,0.34,3.33,216.7,0,1,1,169,SUV,Diesel,Mumbai,3.67
32.85,1.68,52.7,1860,49.0,1,9,37,25.6,1.78,4.34,642.3,0,1,0,125,MUV,Petrol,Delhi,3.86
111.52,1.74,73.2,3556,59.3,1,1,7,31.6,4.34,0.48,9.7,0,0,1,81,Hatchback,Diesel,Jaipur,4.31
47.09,0.73,49.1,1989,35.8,1,8,29,32.5,2.24,2.42,39.8,1,1,2,108,Sedan,Diesel,Kolkata,2.68
90.62,1.08,61.7,2945,46.6,0,4,0,36.2,2.07,4.98,538.9,0,0,0,86,Hatchback,CNG,Jaipur,2.69
71.32,1.79,65.9,2452,56.1,0,3,2,16.5,-0.23,3.63,524.1,1,0,0,179,SUV,Diesel,Jaipur,2.75
48.2,0.51,52.3,1973,22.6,1,18,13,28.7,-2.98,1.59,534.4,0,1,2,128,MUV,Petrol,Delhi,1.61
34.17,1.6,56.1,2105,36.5,2,18,15,24.9,-4.55,2.37,220.8,0,1,0,136,MUV,Petrol,Lucknow,2.21
118.78,0.46,61.5,3363,41.2,1,1,4,24.8,0.72,2.12,753.2,0,0,0,170,SUV,Petrol,Kolkata,3.5
33.32,0.79,57.0,2005,32.4,0,22,32,32.0,-0.96,4.8,212.9,1,1,2,71,Hatchback,CNG,Hyderabad,1.76
28.8,0.7,50.9,1630,23.4,0,15,16,36.2,2.64,3.67,573.2,1,1,0,120,MUV,Petrol,Delhi,2.71
50.12,0.56,52.0,1752,31.0,1,6,30,29.2,-1.59,2.76,136.2,1,1,0,91,Hatchback,Diesel,Ahmedabad,1.17
34.64,0.19,44.3,1687,14.0,2,8,16,29.7,0.06,4.37,286.3,1,2,1,185,SUV,Petrol,Hyderabad,2.27
90.18,1.91,69.5,3206,68.0,0,3,1,39.3,1.52,3.99,176.6,1,0,0,142,SUV,Petrol,Hyderabad,3.92
49.03,1.08,52.1,2126,44.5,2,27,22,42.6,-1.14,0.29,120.7,0,1,1,116,MUV,Diesel,Lucknow,2.61
105.1,1.29,65.4,3216,42.3,1,3,4,34.5,0.34,0.32,326.3,1,0,2,90,Hatchback,Diesel,Pune,3.03
25.88,2.49,57.8,1906,55.2,1,8,19,33.3,2.53,4.21,609.9,1,2,1,192,SUV,Petrol,Mumbai,5.19
28.8,0.16,44.1,1481,23.8,1,18,35,32.3,-0.88,0.52,510.4,1,1,1,131,MUV,CNG,Lucknow,1.47
56.08,1.32,56.7,2766,47.9,2,11,26,26.1,2.97,4.03,629.1,0,1,2,70,Hatchback,Diesel,Mumbai,3.56
64.62,2.13,60.8,2738,66.7,1,4,6,43.9,1.36,3.52,271.7,1,0,0,126,Sedan,Petrol,Ahmedabad,4.05
87.84,1.97,71.1,3083,63.0,0,2,7,28.0,0.1,4.52,436.5,0,0,0,103,MUV,Petrol,Chennai,3.41
59.84,1.95,53.4,2842,54.9,2,16,23,32.2,8.4,3.59,622.1,0,1,0,115,Sedan,CNG,Pune,5.39
61.08,0.78,58.3,2160,36.2,0,4,3,40.8,2.38,4.39,99.9,1,0,0,108,Sedan,CNG,Ahmedabad,1.9
79.65,2.2,66.2,3022,61.3,0,2,9,34.1,0.02,3.27,309.8,0,0,2,95,Hatchback,Petrol,Kolkata,3.8
52.31,1.46,57.1,2293,53.6,1,5,12,41.8,-2.07,3.61,488.7,0,1,0,111,MUV,CNG,Jaipur,2.34
21.29,0.47,49.0,1491,20.8,0,13,14,33.0,-2.47,3.26,797.3,0,1,2,96,Hatchback,Petrol,Lucknow,1.27
115.94,0.86,69.7,3429,45.6,1,0,9,27.2,2.42,3.32,132.4,0,0,0,151,SUV,Petrol,Chennai,4.34
27.98,1.52,50.5,1969,47.3,2,9,5,39.7,2.18,3.46,330.8,1,2,2,195,SUV,CNG,Delhi,4.18
34.0,2.2,49.3,2463,55.5,0,13,24,33.3,2.89,1.17,740.9,0,2,1,100,MUV,Petrol,Chennai,3.82
28.88,2.21,57.6,2063,62.9,0,11,7,34.7,-1.3,3.75,270.4,0,2,0,146,SUV,Petrol,Ahmedabad,3.16
89.28,1.26,64.4,3215,46.7,0,1,5,32.6,1.76,2.86,59.7,1,0,0,176,SUV,CNG,Chennai,2.92
102.93,0.49,61.9,3048,27.1,0,4,1,40.7,2.81,1.1,46.8,0,0,0,92,MUV,Petrol,Lucknow,3.02
47.58,1.47,54.1,2066,51.5,1,7,33,30.5,-0.11,2.15,178.6,1,1,2,89,Hatchback,Diesel,Chennai,2.56
49.17,1.2,52.5,1979,35.2,2,10,18,20.8,-1.16,1.6,82.8,0,1,2,114,Sedan,Diesel,Jaipur,2.66
20.76,1.04,44.8,1744,29.8,0,12,18,36.7,4.33,4.12,291.1,1,2,0,124,Sedan,Diesel,Mumbai,2.8
78.74,1.53,62.3,3164,50.6,1,1,3,22.2,-1.12,4.77,675.9,0,0,0,120,MUV,Diesel,Jaipur,2.39
53.42,0.51,53.2,2145,22.9,2,8,38,31.1,2.56,0.73,462.0,1,1,0,95,Hatchback,Diesel,Hyderabad,2.76
40.47,2.47,57.1,2174,54.8,1,16,27,32.9,6.42,2.38,548.9,1,1,1,148,Sedan,Petrol,Pune,5.7
106.06,1.22,62.1,3196,69.1,0,3,6,36.6,-0.11,3.49,569.0,0,0,0,114,MUV,Petrol,Chennai,2.74
110.87,0.96,62.5,3424,43.5,2,2,0,18.6,-0.57,1.62,294.9,0,0,0,144,SUV,Diesel,Jaipur,3.26
37.42,1.93,58.0,2435,56.8,0,26,32,36.2,-7.24,1.69,498.2,0,1,0,115,Sedan,Diesel,Chennai,1.31
113.6,1.29,67.8,3739,56.9,0,3,0,32.4,-2.32,4.33,274.0,0,0,0,152,SUV,Diesel,Hyderabad,2.43
25.67,0.57,47.3,1594,16.0,0,7,9,32.8,1.3,3.9,744.3,1,2,0,93,MUV,Diesel,Mumbai,1.54
30.45,1.73,53.4,2002,41.1,2,25,39,29.8,0.12,2.0,127.7,1,1,0,100,Sedan,Petrol,Lucknow,3.42
95.35,1.92,68.2,3311,68.5,0,0,2,35.2,-5.38,3.05,470.2,0,0,0,129,MUV,Petrol,Mumbai,2.21
46.16,0.3,48.3,1608,21.4,2,20,19,30.2,-0.71,1.9,394.8,0,1,0,100,MUV,CNG,Bangalore,1.77
41.19,1.48,54.1,2146,48.1,2,21,27,37.7,-1.54,1.43,502.9,1,1,0,182,SUV,Petrol,Delhi,3.4
32.83,0.87,52.9,1709,30.9,0,16,28,19.1,-0.69,0.55,406.6,1,1,0,125,Sedan,Petrol,Pune,1.81
115.21,2.22,74.1,3776,70.3,0,4,7,33.3,0.94,2.66,458.1,0,0,0,133,MUV,CNG,Kolkata,4.02
86.43,1.53,63.8,3106,67.8,0,2,0,26.2,1.68,0.5,34.3,1,0,1,116,MUV,Petrol,Kolkata,2.96
19.06,1.55,53.9,1642,40.6,2,13,22,26.4,-1.43,2.72,600.0,0,2,0,98,MUV,Petrol,Ahmedabad,3.2
50.37,2.26,59.4,2514,62.6,1,23,36,26.3,-3.77,3.68,147.6,1,1,2,96,Hatchback,Petrol,Hyderabad,2.87
102.57,0.18,58.9,2797,32.0,0,4,0,36.4,1.34,4.86,479.3,0,0,2,76,Hatchback,Petrol,Lucknow,2.22
68.99,0.37,52.8,2246,28.0,1,2,7,21.6,0.98,1.26,715.7,1,0,0,197,SUV,CNG,Bangalore,2.35
111.48,1.66,73.2,3786,65.0,0,0,8,34.8,-2.71,0.47,254.4,1,0,0,103,Sedan,Petrol,Hyderabad,2.89
47.69,1.99,57.0,2400,67.3,1,27,39,41.8,2.21,0.51,419.9,0,1,0,82,Hatchback,Diesel,Delhi,3.57
49.11,1.11,52.5,2006,35.7,1,10,23,32.0,0.97,4.42,662.8,0,1,1,100,Sedan,Petrol,Ahmedabad,2.91
22.49,1.3,57.4,1621,44.1,2,11,33,44.4,3.67,3.12,753.7,0,1,0,158,SUV,Petrol,Jaipur,5.38
23.02,0.87,49.1,1345,36.6,1,5,9,28.0,3.98,3.05,739.9,1,2,0,79,Hatchback,Petrol,Ahmedabad,2.89
27.61,0.7,44.5,1668,29.2,1,15,31,23.3,3.26,1.9,217.8,0,1,1,131,Sedan,Petrol,Bangalore,3.32
68.98,0.19,55.6,2427,15.3,0,1,6,43.7,-4.5,4.45,293.6,0,0,0,119,Sedan,Petrol,Ahmedabad,0.52
46.61,1.38,59.0,2162,42.3,2,28,16,24.9,-3.53,4.35,227.3,0,1,1,111,Sedan,Diesel,Chennai,2.12
74.44,0.54,55.4,2554,41.5,0,1,6,22.7,-3.31,1.01,659.1,0,0,0,77,Hatchback,CNG,Bangalore,0.54
25.6,0.46,44.1,1332,32.1,0,5,19,24.3,-1.45,2.7,97.2,0,2,1,79,Hatchback,Diesel,Bangalore,0.81
44.62,1.01,56.7,2279,38.8,1,10,28,36.8,2.06,4.41,469.6,0,1,0,81,Hatchback,Diesel,Hyderabad,2.8
16.84,2.12,48.1,1829,54.4,0,6,15,32.8,-3.73,1.17,690.1,0,2,2,79,Hatchback,Petrol,Jaipur,2.35
22.96,1.15,51.4,1624,35.0,2,5,9,37.0,7.03,4.95,357.7,0,2,1,148,SUV,Petrol,Kolkata,5.28
27.48,1.1,51.9,1655,46.0,1,2,15,25.0,0.28,1.84,232.6,0,2,0,112,Sedan,Petrol,Bangalore,2.4
20.07,1.03,48.3,1555,28.0,2,25,38,31.2,1.11,0.81,3.3,0,1,1,88,Hatchback,Petrol,Pune,3.53
27.63,1.98,53.4,1831,48.0,2,12,36,26.1,-1.06,3.4,217.7,0,1,1,97,Hatchback,CNG,Chennai,3.33
30.65,0.34,45.8,1456,26.8,1,16,21,30.3,1.26,1.63,462.2,0,1,0,121,Sedan,Petrol,Pune,2.14
15.28,1.12,53.3,1710,38.2,0,9,12,35.8,-4.26,3.65,486.3,1,2,0,143,Sedan,Petrol,Kolkata,1.3
18.04,1.53,51.6,1751,40.6,1,13,18,38.8,0.06,0.44,5.9,0,2,2,107,MUV,Diesel,Jaipur,2.98
44.73,0.59,54.7,1819,32.4,1,27,22,31.5,-2.61,4.43,619.3,1,1,0,116,Sedan,Petrol,Ahmedabad,1.36
25.88,1.68,56.9,1827,49.2,2,9,23,36.2,2.1,3.69,31.4,0,1,1,95,Hatchback,CNG,Delhi,4.27
24.65,0.93,52.4,1778,32.3,0,4,11,16.6,-3.38,3.78,628.0,1,2,0,109,MUV,Petrol,Jaipur,0.91
58.44,2.26,62.9,2587,69.1,1,16,38,19.8,0.99,1.35,23.2,1,1,0,97,Hatchback,CNG,Delhi,3.36
22.42,1.37,57.3,1742,36.5,2,13,15,24.1,0.2,1.51,101.9,1,2,2,122,MUV,Diesel,Lucknow,3.12
45.14,1.37,53.7,2401,46.7,1,9,20,20.9,0.39,1.31,196.7,0,1,0,174,SUV,Petrol,Delhi,3.36
56.22,0.43,51.4,2121,25.0,1,16,18,23.6,5.5,3.45,35.6,0,1,0,73,Hatchback,Petrol,Ahmedabad,3.41
36.08,0.93,52.3,2001,40.2,2,26,36,39.6,0.33,2.5,545.2,0,1,0,133,Sedan,Petrol,Kolkata,3.43
35.72,0.45,42.0,1482,32.0,0,7,33,29.1,2.75,3.19,318.5,1,1,2,111,Sedan,CNG,Mumbai,2.12
55.36,1.03,58.4,2408,41.5,2,29,37,30.5,3.32,0.76,313.0,0,1,0,87,Hatchback,Petrol,Ahmedabad,4.0
71.59,0.12,56.2,2556,30.7,0,4,6,28.4,-3.71,3.63,648.9,1,0,0,96,Hatchback,Diesel,Ahmedabad,0.3
28.65,2.14,63.3,1930,54.1,2,12,34,19.9,-0.6,2.07,475.2,1,1,1,108,Sedan,Diesel,Lucknow,3.63
38.83,1.69,55.1,2172,55.3,2,16,35,25.9,-1.51,3.69,590.7,0,1,0,93,MUV,Petrol,Ahmedabad,3.06
17.18,1.08,48.1,1705,39.1,0,8,11,16.6,0.22,2.8,204.3,1,2,0,139,MUV,Diesel,Lucknow,1.94
53.68,0.6,45.9,2153,33.7,2,8,39,25.7,1.93,2.57,377.5,0,1,1,79,Hatchback,Petrol,Bangalore,2.99
28.52,1.67,54.7,2031,49.9,2,9,31,30.1,1.12,0.2,434.3,1,1,0,90,MUV,Diesel,Hyderabad,2.97
37.89,2.48,56.7,2101,79.2,0,19,12,23.6,-4.02,0.35,323.5,1,1,2,194,SUV,Diesel,Lucknow,2.57
31.9,0.6,54.3,1648,23.6,1,14,24,25.1,-1.6,2.99,140.0,0,1,0,142,Sedan,CNG,Mumbai,1.82
76.93,2.28,73.5,3289,67.9,0,4,7,33.5,6.3,0.11,292.6,0,0,2,162,SUV,Diesel,Chennai,4.8
115.51,2.06,76.7,3752,62.4,0,3,0,27.4,3.32,1.71,549.8,0,0,0,143,Sedan,Diesel,Kolkata,4.11
45.01,0.43,54.1,1726,34.7,2,17,13,23.5,-3.23,4.99,344.9,0,1,2,92,Hatchback,Diesel,Delhi,1.56
26.15,1.24,53.9,1615,33.6,0,3,18,27.1,2.09,1.49,342.0,1,2,1,167,SUV,CNG,Delhi,2.82
11.72,2.22,57.6,1784,61.2,0,8,8,21.7,-2.43,4.09,84.7,0,2,0,196,SUV,Petrol,Lucknow,3.12
54.42,1.02,55.9,2042,34.6,1,18,34,20.7,0.06,0.27,600.1,1,1,0,193,SUV,Diesel,Pune,2.36
20.48,1.21,51.6,1654,38.5,1,24,11,23.9,0.75,2.58,660.7,0,1,0,127,Sedan,Petrol,Hyderabad,2.95
24.11,1.34,53.0,2086,40.8,1,8,9,25.3,0.66,4.2,650.9,0,2,2,95,MUV,Petrol,Mumbai,2.91
118.23,2.28,78.5,3868,77.5,2,0,5,26.3,-2.5,0.79,578.6,0,0,0,134,Sedan,CNG,Mumbai,4.37
20.35,1.85,55.1,1565,52.0,1,18,15,25.2,6.52,2.65,295.8,0,1,0,78,Hatchback,Petrol,Chennai,4.7
15.29,2.26,51.7,1956,49.7,0,6,9,28.8,-0.72,3.84,568.3,0,2,1,105,MUV,Petrol,Kolkata,3.13
27.91,0.19,49.9,1372,16.5,0,13,20,29.0,-1.85,3.44,785.5,1,2,1,99,MUV,Petrol,Mumbai,0.94
55.05,0.96,58.3,2279,33.8,2,15,10,41.9,2.87,2.91,347.2,0,1,0,151,SUV,Diesel,Chennai,3.52
20.48,2.42,59.0,2169,63.9,1,29,38,17.5,-2.64,3.9,504.7,0,1,2,132,MUV,Petrol,Jaipur,4.09
61.34,1.49,56.3,2634,54.0,0,3,4,22.5,-3.92,3.72,326.4,0,0,1,139,Sedan,Petrol,Lucknow,1.71
42.43,1.87,56.5,2117,49.5,1,13,25,35.0,0.97,0.28,638.8,1,1,2,71,Hatchback,Petrol,Ahmedabad,3.52
57.94,1.65,63.7,2337,54.7,1,10,12,39.4,5.68,3.47,314.8,1,1,0,141,Sedan,Diesel,Delhi,4.24
47.24,1.45,55.3,2280,39.3,1,21,20,35.4,3.17,2.34,172.5,1,1,2,92,MUV,Petrol,Lucknow,3.85
27.55,2.28,60.2,2107,59.9,0,5,23,37.6,1.13,1.44,779.0,0,2,0,75,Hatchback,Petrol,Kolkata,3.81
22.27,2.17,55.4,1913,62.5,1,22,22,20.9,2.88,0.95,22.6,0,1,0,173,SUV,Diesel,Pune,4.24
42.82,2.04,53.9,2428,66.3,1,19,17,21.1,-0.64,3.33,249.7,0,1,2,108,MUV,CNG,Lucknow,3.14
41.36,2.08,58.4,2510,52.8,0,6,23,33.9,-2.09,2.37,143.5,1,1,1,94,MUV,Diesel,Pune,2.16
40.44,0.99,55.8,1900,41.4,0,8,37,22.2,-1.61,3.59,778.3,1,1,0,147,SUV,Diesel,Ahmedabad,1.72
21.04,0.6,50.2,1266,30.9,1,9,31,34.0,1.0,1.55,729.7,0,1,0,135,Sedan,Diesel,Jaipur,2.34
108.41,0.77,70.8,3187,41.6,1,2,8,24.3,-1.01,3.95,730.2,0,0,0,140,SUV,Petrol,Bangalore,2.99
89.97,0.96,64.4,3246,48.8,0,3,2,38.9,0.08,2.08,184.3,1,0,1,176,SUV,Diesel,Jaipur,2.56
107.54,1.75,67.6,3577,60.3,2,3,4,23.2,-1.0,1.31,598.6,0,0,0,100,Sedan,Diesel,Lucknow,3.3
23.94,0.8,50.7,1238,33.5,0,6,6,31.3,3.33,1.54,423.0,0,2,0,102,MUV,Petrol,Chennai,2.66
105.08,1.82,68.6,3499,64.2,1,3,5,34.4,-2.59,2.2,87.7,0,0,2,83,Hatchback,Diesel,Jaipur,2.9
37.27,0.69,52.0,1801,32.7,2,11,39,22.4,0.22,4.47,102.9,1,1,1,95,Hatchback,Diesel,Kolkata,2.22
72.64,0.64,55.9,2554,33.4,0,4,5,35.1,3.26,4.35,477.1,0,0,0,91,Hatchback,Diesel,Kolkata,2.23
22.76,1.29,50.3,1803,41.4,1,17,14,27.6,1.77,0.61,665.2,0,1,0,156,SUV,Diesel,Kolkata,2.93
16.18,1.89,50.0,1759,51.6,0,10,15,34.0,0.22,4.32,36.1,0,2,0,72,Hatchback,CNG,Pune,2.61
57.48,1.88,64.7,2662,61.5,0,8,35,26.8,3.26,1.38,739.8,0,1,0,103,MUV,Petrol,Mumbai,3.94
46.65,2.09,59.0,2595,51.3,0,10,22,22.9,-4.25,0.79,98.6,0,1,2,90,Hatchback,Petrol,Jaipur,2.25
23.2,0.21,42.6,1296,15.4,2,14,35,25.6,0.16,2.38,654.0,1,1,0,73,Hatchback,CNG,Hyderabad,1.7
23.6,2.09,60.7,1974,54.6,0,10,21,40.4,0.83,1.18,240.2,1,2,1,130,MUV,CNG,Jaipur,3.46
44.97,1.8,60.4,2264,47.1,1,9,16,22.5,-6.0,3.72,623.2,0,1,0,82,Hatchback,Petrol,Bangalore,1.76
42.16,2.14,59.1,2269,60.8,2,20,13,28.4,4.08,1.63,318.1,1,1,0,132,Sedan,Diesel,Bangalore,4.09
34.21,1.24,54.6,1830,50.3,0,19,27,39.5,3.08,1.02,662.9,0,1,1,96,Hatchback,Petrol,Chennai,3.52
58.68,0.55,58.3,2278,32.0,1,29,12,32.5,-2.87,0.85,492.7,0,1,1,140,Sedan,Diesel,Hyderabad,1.36
55.36,2.42,62.3,2535,70.1,0,20,17,34.8,-1.81,0.39,672.3,1,1,0,91,Hatchback,Petrol,Delhi,2.84
16.69,0.74,48.4,1291,31.5,0,2,8,23.9,-1.18,1.51,408.3,0,2,1,142,Sedan,Diesel,Delhi,1.77
18.6,1.94,52.5,1628,53.1,0,6,19,20.2,-2.68,0.35,687.8,0,2,2,77,Hatchback,CNG,Lucknow,2.2
106.92,1.35,71.1,3283,52.2,0,2,4,28.6,-1.56,2.58,515.8,0,0,1,113,MUV,CNG,Delhi,2.81
58.78,0.9,55.7,2257,43.1,1,15,25,37.1,-6.48,1.53,787.2,1,1,2,101,MUV,Petrol,Hyderabad,1.06
82.07,1.97,61.7,3166,62.5,1,0,8,31.2,1.74,1.84,476.9,0,0,1,157,SUV,Petrol,Lucknow,4.1
27.69,2.46,60.1,2081,66.0,1,13,17,30.9,5.03,2.99,431.2,0,2,0,113,MUV,Diesel,Kolkata,4.37
99.97,0.67,69.2,2974,46.0,0,4,0,31.1,3.23,4.46,4.6,1,0,0,105,Sedan,Diesel,Mumbai,2.58
36.2,0.13,51.0,1659,15.3,1,6,33,28.7,3.07,2.41,187.3,0,1,1,76,Hatchback,Petrol,Kolkata,2.89
99.84,1.1,63.9,2932,47.1,0,3,2,28.2,1.56,2.16,534.2,1,0,1,115,Sedan,Petrol,Pune,2.95
49.7,1.84,60.5,2267,56.8,0,18,21,24.5,7.3,4.64,416.9,0,1,1,146,Sedan,Petrol,Chennai,5.06
23.91,2.0,55.8,1913,48.0,2,18,30,28.4,2.34,3.17,116.4,1,1,1,108,MUV,Petrol,Bangalore,4.54
11.48,1.68,46.4,1581,44.8,2,8,11,32.1,3.34,3.51,522.3,1,2,0,105,MUV,CNG,Bangalore,3.6
101.95,2.33,70.5,3447,72.5,1,2,0,22.6,-0.53,0.47,575.2,1,0,1,173,SUV,CNG,Pune,4.13
55.44,1.94,58.6,2533,61.3,2,23,38,26.7,1.39,0.63,653.2,0,1,0,186,SUV,Petrol,Pune,4.69
22.43,1.52,55.9,1875,51.5,2,7,15,28.1,-1.06,2.78,527.6,0,1,2,81,Hatchback,Petrol,Delhi,3.31
45.16,1.78,57.7,2238,54.4,0,22,34,20.1,-2.37,2.17,212.9,0,1,2,101,MUV,Diesel,Pune,2.43
19.8,2.23,54.7,1742,53.9,2,9,21,28.8,-1.11,3.07,351.1,1,2,2,121,Sedan,Diesel,Mumbai,3.42
38.96,1.2,53.7,1964,50.1,2,23,13,31.4,-2.48,3.48,5.2,0,1,1,162,SUV,Diesel,Ahmedabad,2.46
36.71,2.01,62.0,2187,53.3,1,13,12,31.7,0.35,2.66,129.2,1,1,0,156,SUV,Diesel,Pune,3.19
25.75,2.24,54.7,2112,63.3,0,12,21,30.0,-0.19,2.97,168.1,0,1,0,81,Hatchback,Petrol,Bangalore,3.14
115.22,0.29,64.8,3254,37.4,1,4,6,29.8,1.97,3.62,49.9,0,0,0,74,Hatchback,CNG,Mumbai,2.75
85.39,0.89,61.9,2660,39.2,0,0,8,28.7,-4.65,4.4,628.9,1,0,2,110,MUV,Petrol,Bangalore,1.22
25.25,1.56,54.3,1761,38.7,1,6,17,23.7,-3.36,4.09,468.1,1,2,2,91,MUV,Diesel,Pune,1.83
71.23,2.12,59.9,2735,57.5,0,3,2,24.4,-3.13,1.13,138.3,0,0,0,90,MUV,CNG,Chennai,1.95
44.06,1.61,57.9,2282,57.9,1,18,27,35.5,5.75,2.04,100.9,1,1,0,182,SUV,Petrol,Pune,5.0
26.2,1.27,47.7,1911,29.3,1,25,12,42.5,-0.85,3.73,701.5,0,1,0,95,MUV,Petrol,Ahmedabad,2.38
75.81,0.38,52.5,2274,34.6,1,1,8,22.2,-1.56,2.02,222.9,0,0,0,93,MUV,Diesel,Lucknow,1.18
39.18,0.57,46.4,1860,23.5,0,5,26,36.0,-4.24,2.31,654.4,1,1,0,123,Sedan,Diesel,Kolkata,0.32
55.61,0.52,52.8,2171,28.7,2,21,34,34.1,2.85,0.52,466.2,1,1,0,165,SUV,Petrol,Pune,3.68
47.74,1.98,60.7,2330,59.0,0,28,14,37.2,3.34,0.89,12.2,0,1,0,178,SUV,Diesel,Mumbai,3.82
27.9,0.86,55.6,1660,31.8,1,13,18,24.8,1.88,2.31,249.6,0,2,2,92,Hatchback,CNG,Jaipur,2.97
24.59,0.41,48.6,1335,17.6,1,8,28,35.0,1.96,4.25,225.0,0,1,2,141,Sedan,Diesel,Kolkata,2.67
45.86,2.42,66.0,2680,64.7,1,13,14,32.5,-3.2,0.45,226.8,0,1,0,104,Sedan,Diesel,Pune,2.55
53.32,1.12,51.4,2247,35.4,1,10,28,24.1,-6.08,3.38,32.9,1,1,0,178,SUV,Diesel,Hyderabad,1.25
14.29,2.19,50.3,1715,58.4,1,11,20,37.0,-1.93,1.97,360.6,0,2,0,83,Hatchback,Diesel,Lucknow,2.69
102.81,0.84,62.7,3043,41.2,0,2,6,43.9,-1.26,1.88,544.7,1,0,0,116,Sedan,Diesel,Delhi,1.98
19.68,1.88,55.3,1683,53.9,1,3,11,42.9,3.49,1.05,193.5,0,2,1,96,Hatchback,Petrol,Lucknow,4.54
32.89,1.87,56.3,2294,53.6,0,6,18,25.7,2.63,2.29,532.7,1,2,0,70,Hatchback,CNG,Hyderabad,2.8
47.74,2.37,64.2,2206,64.0,2,17,27,29.6,-4.19,1.69,555.7,1,1,2,170,SUV,Petrol,Delhi,3.68
44.55,0.36,53.3,1617,28.1,2,29,10,29.7,-2.13,1.21,712.3,0,1,0,126,MUV,CNG,Kolkata,1.64
25.96,0.14,48.9,1412,19.8,1,27,24,17.4,-0.58,2.97,178.3,0,1,0,175,SUV,Petrol,Jaipur,2.14
52.48,1.05,56.4,2172,42.2,2,13,38,36.0,0.51,3.6,637.0,1,1,0,191,SUV,Diesel,Mumbai,3.25
24.75,0.71,50.6,1397,32.5,0,16,27,22.2,-2.95,1.67,155.0,1,1,1,132,Sedan,Petrol,Pune,1.25
21.41,1.07,50.4,1480,39.5,0,10,22,38.9,3.89,3.83,142.5,1,2,0,113,MUV,CNG,Ahmedabad,3.04
45.4,2.35,61.6,2528,69.9,2,20,39,44.9,2.65,2.19,96.3,0,1,2,149,Sedan,Diesel,Jaipur,4.95
23.13,2.06,56.2,1994,63.1,0,5,16,36.5,0.99,0.29,21.7,0,2,2,165,SUV,Diesel,Hyderabad,3.52
33.42,1.34,51.2,1863,43.2,1,7,24,29.9,1.0,3.38,262.0,0,1,0,120,MUV,Diesel,Pune,2.84
28.79,2.27,59.5,2305,64.8,0,19,33,32.9,-2.16,2.95,780.7,1,1,2,105,Sedan,Petrol,Chennai,2.99
21.49,1.76,54.5,1590,50.6,1,9,19,34.2,-2.27,0.29,141.8,0,2,0,127,Sedan,Diesel,Chennai,2.35
118.06,0.8,61.8,3525,49.3,1,3,0,34.0,4.68,2.59,786.3,0,0,2,139,MUV,CNG,Pune,4.25
73.41,1.74,65.6,2955,53.1,1,3,2,22.1,0.6,3.93,226.1,1,0,0,126,MUV,Petrol,Delhi,3.28
51.14,2.07,63.7,2463,53.1,0,8,34,25.0,-0.62,0.88,378.4,0,1,0,102,Sedan,Diesel,Bangalore,2.71
11.89,1.49,50.8,1620,54.1,0,10,15,42.3,-0.8,4.02,401.9,0,2,0,110,MUV,Diesel,Ahmedabad,2.23
15.38,2.25,53.1,1678,61.5,0,2,8,32.3,-5.08,0.29,572.4,1,2,0,194,SUV,CNG,Pune,2.3
112.15,1.69,72.5,3265,58.4,0,4,7,33.3,-0.91,2.05,263.3,0,0,0,111,Sedan,Diesel,Ahmedabad,2.94
50.04,1.62,57.9,2331,50.9,0,9,24,32.4,-0.81,2.23,361.0,1,1,2,196,SUV,Petrol,Pune,3.34
115.07,0.95,68.2,3375,57.4,0,3,5,38.8,3.47,1.09,161.5,0,0,0,114,MUV,Diesel,Kolkata,3.24
37.89,1.34,54.9,2119,33.8,2,15,29,21.4,0.09,1.6,637.2,1,1,1,82,Hatchback,Petrol,Pune,3.03
88.17,1.53,65.4,3251,57.0,1,1,9,32.0,2.47,3.93,317.9,1,0,0,196,SUV,Diesel,Chennai,3.54
99.85,2.18,73.7,3466,68.5,2,4,8,37.2,-3.89,2.84,571.1,0,0,0,95,MUV,Petrol,Chennai,3.51
26.76,0.36,51.1,1529,29.1,1,15,24,20.6,-0.45,2.23,487.5,0,1,1,146,SUV,Diesel,Pune,2.0
48.99,1.75,60.5,2543,54.1,2,18,25,35.6,-1.11,3.57,620.5,0,1,0,121,MUV,Petrol,Delhi,3.71
24.53,2.43,54.7,1959,68.2,2,11,27,24.1,0.42,0.46,325.7,0,1,0,178,SUV,CNG,Bangalore,4.38
75.27,0.77,62.5,3059,41.9,0,3,5,30.3,-1.63,1.02,288.5,0,0,0,111,Sedan,Diesel,Chennai,1.55
84.48,2.17,68.9,3112,61.8,0,3,8,21.8,-1.04,2.73,519.2,0,0,1,98,Hatchback,Diesel,Bangalore,2.91
78.24,1.52,65.2,3059,51.4,2,4,2,21.4,-3.79,2.74,674.9,1,0,0,98,Hatchback,CNG,Jaipur,2.13
28.24,0.34,45.7,1391,25.3,2,6,11,23.0,-0.41,4.12,101.3,0,2,1,114,Sedan,Petrol,Lucknow,2.06
28.89,0.54,53.9,1582,24.3,1,10,20,23.5,-1.68,4.64,343.3,0,2,1,70,Hatchback,Diesel,Kolkata,1.25
67.79,0.57,57.6,2269,26.7,0,2,5,22.9,2.09,3.57,617.3,0,0,1,176,SUV,CNG,Bangalore,2.73
113.4,1.79,66.7,3766,73.3,0,2,4,38.2,-9.03,2.06,743.9,1,0,0,164,SUV,Petrol,Chennai,1.38
28.68,0.9,52.9,1562,33.2,1,24,12,25.0,-3.0,2.06,611.9,0,1,2,104,MUV,Petrol,Bangalore,2.02
32.19,1.62,56.7,1988,45.6,1,9,21,40.3,0.41,3.97,179.6,0,1,0,192,SUV,Diesel,Jaipur,3.34
23.51,2.18,55.1,1942,56.0,0,4,24,22.6,-0.94,0.35,552.0,0,2,1,125,MUV,Petrol,Delhi,3.44
50.8,1.05,55.4,2185,38.7,0,22,30,33.8,0.91,1.9,38.7,0,1,1,197,SUV,Petrol,Lucknow,3.46
15.13,1.25,52.3,1656,45.9,0,8,14,31.1,-0.38,2.04,198.4,0,2,1,138,MUV,Diesel,Pune,2.23
39.23,2.35,61.9,2457,67.7,0,9,29,35.4,0.76,0.92,501.4,0,1,2,112,MUV,Diesel,Lucknow,3.47
43.9,0.53,54.5,2030,29.6,0,8,38,27.3,5.04,0.87,217.3,0,1,1,153,SUV,Petrol,Ahmedabad,3.57
23.25,2.34,59.4,2125,61.9,1,14,26,28.5,-0.48,2.51,543.1,0,1,1,76,Hatchback,CNG,Ahmedabad,3.46
20.18,0.92,46.9,1393,28.3,1,17,14,26.2,-0.33,0.31,111.1,0,1,1,126,MUV,Petrol,Jaipur,2.52
18.01,1.14,46.6,1779,38.4,1,3,8,31.0,0.01,3.34,724.0,1,2,0,98,MUV,Diesel,Hyderabad,1.88
22.95,0.8,44.8,1510,23.9,2,9,20,23.7,-0.24,2.36,707.3,0,1,2,142,Sedan,CNG,Hyderabad,2.59
51.9,0.55,56.6,2394,25.7,0,21,26,27.2,-3.55,4.83,192.5,1,1,0,154,SUV,Petrol,Bangalore,1.06
42.84,1.27,57.9,1998,41.1,2,12,28,27.1,-2.85,4.85,534.9,0,1,2,129,Sedan,Diesel,Lucknow,2.4
103.02,0.33,63.0,3195,25.0,0,0,7,29.3,1.04,2.76,135.1,0,0,1,143,Sedan,CNG,Jaipur,2.48
109.02,2.07,74.7,3589,69.6,0,0,2,35.5,2.67,3.92,629.1,0,0,0,177,SUV,Petrol,Mumbai,5.02
37.54,2.24,54.5,2311,59.8,0,29,12,32.4,0.18,4.97,146.7,0,1,0,151,SUV,Petrol,Hyderabad,3.33
23.68,0.29,47.8,1378,21.2,2,13,24,32.5,2.3,1.39,581.8,0,2,0,96,Hatchback,CNG,Hyderabad,2.59
26.69,1.38,47.7,1784,47.4,1,6,33,29.2,1.8,1.66,516.2,1,1,0,139,Sedan,Diesel,Kolkata,2.74
59.75,1.11,55.2,2397,42.7,0,14,24,24.7,0.12,0.63,160.6,1,1,1,93,MUV,Petrol,Bangalore,2.01
52.71,0.15,50.1,2146,17.5,2,28,23,30.0,-0.73,4.1,614.9,1,1,0,122,MUV,CNG,Ahmedabad,1.6
46.09,1.95,60.1,2256,53.8,1,12,27,26.1,0.39,1.96,707.5,1,1,0,71,Hatchback,CNG,Bangalore,2.91
17.76,1.98,58.8,2000,51.7,0,7,5,31.4,1.12,1.47,352.4,0,2,0,133,MUV,Petrol,Kolkata,3.67
102.86,1.24,65.3,3337,53.3,1,0,2,30.6,1.73,1.9,35.5,1,0,2,126,MUV,Petrol,Mumbai,4.03
29.6,1.24,52.2,1649,31.8,2,22,20,20.2,5.56,1.7,512.8,1,1,0,96,Hatchback,Petrol,Jaipur,4.28
26.81,2.24,56.5,2101,59.7,2,10,19,18.1,-0.11,4.25,241.6,0,2,1,79,Hatchback,Diesel,Pune,3.54
34.93,2.04,58.4,2345,52.2,1,8,38,32.3,-5.18,1.66,465.5,1,1,0,92,MUV,Diesel,Ahmedabad,1.86
12.01,1.91,52.9,1509,51.2,2,9,19,23.5,2.31,4.49,269.9,0,2,0,112,MUV,CNG,Bangalore,4.04
20.23,0.94,45.8,1358,35.2,1,9,33,20.9,-0.02,3.16,573.8,0,1,0,82,Hatchback,Petrol,Bangalore,2.36
73.84,1.92,64.8,2883,57.8,1,0,6,31.2,3.51,4.83,362.9,0,0,0,142,SUV,Petrol,Pune,4.69
66.36,2.37,66.3,2928,75.3,1,3,5,37.4,1.3,0.72,511.4,0,0,0,92,MUV,Diesel,Mumbai,3.47
82.64,1.07,66.0,2992,46.8,0,0,8,27.2,-4.72,0.17,522.7,0,0,1,99,MUV,Petrol,Bangalore,1.36
45.76,1.47,55.6,2262,51.2,1,8,17,24.3,2.36,3.64,404.8,0,1,0,78,Hatchback,Petrol,Delhi,3.09
118.33,1.44,67.2,3689,62.9,0,1,5,35.3,1.32,3.35,770.3,0,0,1,81,Hatchback,Petrol,Chennai,3.65
27.8,1.98,53.9,1929,48.8,2,13,18,31.2,1.47,1.36,710.5,0,2,1,99,Hatchback,Petrol,Pune,4.35
51.32,1.94,54.8,2471,59.1,0,27,12,32.5,-1.83,3.32,658.5,1,1,0,111,MUV,Petrol,Bangalore,1.89
27.39,1.8,51.8,2293,64.1,0,8,15,33.6,-1.93,4.58,23.5,0,2,2,99,MUV,Petrol,Chennai,2.52
104.51,1.71,74.1,3341,68.3,0,4,7,20.4,6.62,3.46,191.0,0,0,0,134,Sedan,CNG,Delhi,4.64
28.34,0.84,49.6,1305,30.9,0,6,7,33.9,-2.35,2.72,99.3,0,2,1,138,Sedan,Diesel,Lucknow,1.3
14.73,0.82,48.2,1281,34.9,0,4,16,27.3,1.53,3.86,27.4,1,2,0,115,Sedan,Petrol,Pune,2.18
22.69,0.67,50.2,1315,21.7,2,15,20,30.6,-5.16,3.57,777.4,0,1,2,85,Hatchback,Diesel,Bangalore,1.43
27.47,1.72,51.9,1658,51.2,1,21,27,23.3,3.06,4.05,295.9,0,1,0,94,Hatchback,Diesel,Pune,3.33
38.22,1.16,48.1,2067,44.3,2,12,21,32.9,3.43,3.13,494.4,1,1,1,139,Sedan,Petrol,Mumbai,3.81
35.04,1.7,60.5,1967,43.5,1,14,32,30.2,4.88,2.93,790.4,0,1,0,80,Hatchback,Petrol,Chennai,4.7
91.55,2.43,70.2,3316,70.2,1,2,0,23.1,-1.66,2.77,442.6,1,0,0,180,SUV,Petrol,Kolkata,3.95
30.15,2.06,53.7,2038,56.1,0,15,10,41.7,2.02,2.11,225.8,0,1,0,71,Hatchback,Petrol,Jaipur,3.28
105.55,2.23,67.3,3629,77.9,2,0,4,24.3,10.0,3.09,148.9,1,0,0,103,Sedan,Petrol,Pune,6.6
62.47,1.35,65.9,2211,43.9,1,3,7,37.8,0.18,4.46,372.2,0,0,0,121,Sedan,CNG,Hyderabad,3.0
55.96,0.57,48.7,1966,33.9,1,16,14,19.1,-3.81,3.46,374.1,1,1,1,132,Sedan,Petrol,Delhi,1.06
10.29,0.54,45.9,1061,19.5,0,14,7,34.2,-4.2,4.38,494.8,1,2,0,159,SUV,Diesel,Mumbai,0.48
67.64,0.22,57.0,2272,16.2,0,4,4,36.1,-2.9,4.99,425.6,1,0,0,106,MUV,Petrol,Chennai,0.42
40.35,2.37,55.7,2379,62.2,0,25,29,25.3,0.12,3.77,520.9,0,1,0,176,SUV,CNG,Delhi,3.44
22.57,1.66,54.1,1610,47.9,1,11,24,19.1,-1.69,4.92,703.0,0,2,0,82,Hatchback,Petrol,Jaipur,2.82
29.44,1.93,56.4,1970,54.8,1,14,17,28.1,1.81,3.14,37.2,0,2,0,95,MUV,Diesel,Ahmedabad,3.0
98.18,1.22,63.6,3101,52.1,0,2,9,39.4,-4.27,4.75,487.0,1,0,0,134,Sedan,Petrol,Ahmedabad,1.88
92.39,2.42,67.1,3366,75.4,0,1,9,34.0,1.55,3.0,620.2,0,0,0,127,Sedan,Diesel,Jaipur,3.43
48.51,1.5,58.6,2086,44.4,0,23,27,24.1,3.48,2.93,78.5,0,1,0,145,SUV,CNG,Delhi,3.43
65.46,1.84,64.4,2777,60.0,0,3,7,41.2,-3.18,4.83,664.6,0,0,0,94,Hatchback,Petrol,Chennai,2.03
12.2,0.39,46.9,1261,14.7,2,6,12,19.4,-1.3,3.28,561.6,0,2,1,112,MUV,Petrol,Pune,2.1
93.62,0.95,64.3,2975,43.7,0,2,8,29.2,-0.28,1.03,467.8,0,0,1,74,Hatchback,CNG,Jaipur,2.27
47.36,0.58,51.5,1890,31.7,0,26,13,26.8,-0.32,3.84,255.8,0,1,0,137,MUV,Petrol,Pune,1.65
41.12,1.82,59.0,2186,55.4,1,22,35,26.2,4.21,0.51,760.2,0,1,0,85,Hatchback,Diesel,Kolkata,3.88
104.0,1.07,66.2,3085,49.3,0,1,6,34.2,1.96,4.05,389.2,1,0,0,114,MUV,Petrol,Pune,3.14
33.84,1.96,60.6,2118,52.1,1,18,35,29.9,2.38,2.47,266.9,1,1,0,119,MUV,Diesel,Ahmedabad,3.34
49.87,1.15,51.5,2002,37.2,1,16,34,25.2,0.95,0.55,528.0,0,1,0,131,Sedan,CNG,Ahmedabad,2.47
100.22,0.57,68.2,3238,46.1,0,1,1,40.8,-3.47,2.28,506.6,1,0,1,175,SUV,Petrol,Lucknow,2.06
107.88,1.01,66.9,3504,44.3,0,2,4,16.5,-2.71,1.18,433.0,1,0,2,71,Hatchback,CNG,Jaipur,1.93
21.61,0.16,46.7,1240,22.2,2,17,15,33.0,0.53,2.93,184.0,0,1,0,116,MUV,Diesel,Pune,2.05
50.16,0.45,53.3,2130,37.6,2,13,36,37.4,-4.28,2.53,732.7,0,1,0,106,MUV,Petrol,Hyderabad,1.67
17.48,2.01,50.9,2191,54.8,1,4,13,25.7,2.58,3.07,195.3,0,2,0,130,MUV,CNG,Bangalore,3.79
26.35,0.33,45.5,1464,13.5,1,7,39,27.8,-1.81,0.25,100.5,0,1,1,151,SUV,Petrol,Mumbai,1.95
28.44,1.42,52.1,1559,50.8,1,10,23,22.5,0.89,4.71,200.4,1,2,0,80,Hatchback,Diesel,Hyderabad,2.43
37.87,2.16,60.4,2553,66.8,1,14,28,21.1,0.64,1.94,796.4,0,1,0,182,SUV,Diesel,Lucknow,3.74
98.39,2.43,74.7,3424,78.4,0,3,5,42.8,0.94,4.34,765.2,0,0,0,112,Sedan,CNG,Ahmedabad,4.21
46.11,2.4,65.1,2362,69.6,2,6,33,40.8,-4.18,0.22,502.9,0,1,0,114,MUV,Diesel,Ahmedabad,3.08
46.43,1.45,59.9,2188,40.5,2,28,16,30.3,2.29,3.66,633.4,0,1,2,142,SUV,Petrol,Kolkata,4.66
106.22,0.2,66.7,3032,44.5,0,2,7,34.8,-1.81,4.38,247.1,0,0,0,187,SUV,Petrol,Pune,2.3
35.91,2.26,60.0,2226,58.2,1,24,31,25.4,-0.45,4.49,193.2,0,1,0,140,SUV,Petrol,Ahmedabad,3.8
32.39,1.86,55.9,2285,53.6,0,6,11,22.6,-3.11,2.51,414.3,0,2,1,173,SUV,CNG,Kolkata,2.1
45.09,1.33,49.8,2240,37.2,2,22,39,33.8,2.53,2.15,683.9,1,1,0,105,Sedan,Petrol,Lucknow,3.78
32.36,1.49,54.4,1846,49.4,0,21,31,35.2,-0.82,0.81,450.7,1,1,0,168,SUV,Petrol,Hyderabad,2.78
70.38,1.85,64.5,2912,63.8,0,4,9,18.3,6.48,4.39,309.1,0,0,0,91,Hatchback,Petrol,Lucknow,4.62
57.45,2.12,64.2,2628,54.9,0,11,26,30.0,0.46,2.28,784.4,1,1,1,122,Sedan,Petrol,Hyderabad,3.56
116.02,1.7,72.3,3676,64.8,0,4,8,34.4,1.34,3.34,337.4,0,0,1,83,Hatchback,CNG,Delhi,3.84
93.54,2.12,67.8,3373,60.4,2,4,0,38.9,4.66,2.61,609.8,0,0,0,95,Hatchback,Diesel,Jaipur,4.62
10.93,0.68,41.3,1155,21.5,0,13,19,31.7,-0.63,4.97,309.2,0,2,1,171,SUV,Petrol,Delhi,2.34
58.63,0.58,53.5,2057,42.3,1,13,35,31.5,2.38,4.06,325.9,1,1,0,92,Hatchback,Diesel,Pune,2.35
106.74,2.13,73.0,3604,72.3,1,2,6,30.8,1.12,2.89,513.8,0,0,0,124,MUV,Petrol,Bangalore,4.65
110.07,1.19,70.4,3406,57.1,1,2,4,36.8,1.16,0.57,587.0,0,0,0,78,Hatchback,Petrol,Kolkata,3.76
31.15,2.23,62.3,2231,70.5,1,23,24,33.8,-1.41,4.14,736.1,0,1,0,93,Hatchback,Diesel,Mumbai,3.23
34.1,0.92,50.2,1820,27.4,1,7,15,30.7,-2.38,1.22,48.8,0,1,0,133,Sedan,Petrol,Ahmedabad,1.84
23.8,1.87,50.3,1896,48.3,1,11,18,25.1,3.56,0.16,645.6,1,2,0,121,MUV,Petrol,Jaipur,3.83
27.58,0.11,52.6,1433,14.2,0,9,24,28.3,-1.15,1.09,283.3,0,2,0,184,SUV,Petrol,Hyderabad,1.63
23.03,0.33,45.9,1165,23.3,1,7,27,38.8,-5.52,3.53,485.9,1,1,0,128,MUV,Petrol,Lucknow,0.55
16.35,0.38,45.9,1185,32.3,1,7,14,38.1,-0.36,4.41,592.3,0,2,1,126,MUV,Petrol,Kolkata,2.28
42.35,1.91,58.3,2039,51.7,1,20,34,31.5,1.7,4.37,136.0,0,1,0,114,Sedan,CNG,Jaipur,3.81
14.57,1.0,46.7,1572,39.7,0,6,9,33.2,-1.53,3.99,351.8,0,2,0,191,SUV,Diesel,Ahmedabad,1.94
60.61,2.23,65.2,2747,61.1,0,3,4,20.8,-10.0,2.92,229.6,0,0,0,193,SUV,Petrol,Pune,1.37
53.9,0.62,57.9,1971,32.4,1,14,35,35.7,1.95,4.76,73.9,1,1,1,102,MUV,Petrol,Mumbai,3.04
23.12,1.72,51.6,1642,59.7,1,14,32,31.4,-1.7,3.51,744.6,0,1,1,129,MUV,CNG,Chennai,3.07
51.38,0.74,49.5,2042,43.3,2,6,37,36.1,0.7,1.66,580.2,0,1,0,120,Sedan,Petrol,Kolkata,3.06
31.11,2.35,57.3,2005,62.4,0,25,38,31.6,-0.36,3.73,215.5,0,1,0,164,SUV,Petrol,Kolkata,3.78
29.52,0.59,44.8,1399,28.5,2,17,15,42.5,0.33,4.88,565.8,1,1,2,149,Sedan,Diesel,Delhi,2.57
55.6,1.2,62.2,2455,43.2,1,17,19,28.7,3.07,0.91,720.7,0,1,0,129,Sedan,CNG,Bangalore,3.48
56.62,1.24,56.4,2373,44.4,1,20,20,43.5,-5.85,1.95,246.0,0,1,0,147,Sedan,Diesel,Jaipur,1.51
57.85,1.65,63.5,2461,56.9,1,18,10,29.1,2.79,0.92,255.2,0,1,0,128,MUV,Petrol,Chennai,4.14
41.11,1.15,56.5,1868,39.4,0,28,39,18.6,-2.46,3.41,213.4,1,1,0,99,MUV,Petrol,Delhi,1.76
78.46,0.56,60.5,2609,34.3,1,3,9,23.1,-2.49,2.58,99.4,1,0,0,142,SUV,Petrol,Ahmedabad,1.58
15.73,2.12,51.0,1911,56.0,1,10,7,39.1,-0.18,4.61,160.5,1,2,0,138,MUV,Petrol,Hyderabad,3.56
21.3,1.9,58.8,1684,56.7,0,3,14,34.0,-2.93,1.02,552.8,0,2,0,155,SUV,Diesel,Kolkata,2.1
25.53,0.19,48.3,1556,22.2,1,8,14,37.9,2.67,0.41,319.0,1,2,1,84,Hatchback,Diesel,Chennai,2.02
57.89,0.7,53.5,2153,28.8,1,18,17,35.2,1.16,0.5,151.5,0,1,0,138,MUV,Petrol,Chennai,2.72
32.23,2.15,58.0,2124,53.1,0,7,24,23.7,2.61,1.48,74.3,0,2,0,148,SUV,Diesel,Delhi,3.5
26.93,1.92,61.1,2108,53.8,1,9,24,35.8,-2.46,1.0,499.5,0,2,0,120,Sedan,Petrol,Mumbai,3.05
27.44,0.35,44.1,1083,30.3,1,15,36,36.9,1.67,0.33,64.5,0,1,2,91,Hatchback,Diesel,Ahmedabad,2.34
57.69,0.72,53.6,2562,38.2,2,26,14,37.5,-2.82,1.58,589.0,0,1,2,72,Hatchback,Diesel,Mumbai,1.92
23.28,1.92,53.1,2124,53.2,1,17,33,38.9,-5.44,1.96,184.0,0,1,0,153,SUV,Petrol,Hyderabad,2.7
52.7,2.35,64.7,2862,69.1,1,21,27,31.8,-0.36,4.42,128.9,1,1,0,132,Sedan,CNG,Bangalore,3.48
48.2,0.98,52.0,2370,48.6,2,14,33,32.1,0.61,0.38,556.6,0,1,2,121,Sedan,Diesel,Kolkata,2.9
19.69,0.68,51.6,1355,29.7,1,4,24,18.6,2.95,3.36,485.0,1,2,0,85,Hatchback,Petrol,Pune,2.73
95.42,2.37,74.4,3467,72.7,1,4,0,40.6,0.63,1.9,787.1,1,0,1,102,Sedan,Petrol,Ahmedabad,4.49
57.16,2.28,71.8,3023,64.0,2,13,20,25.3,0.74,2.37,514.2,0,1,0,127,MUV,Diesel,Hyderabad,3.86
32.25,1.54,53.6,1729,40.2,0,24,18,27.9,3.45,0.66,492.2,0,1,0,187,SUV,Petrol,Delhi,3.96
36.74,1.47,51.8,1941,41.2,0,19,34,28.3,-2.39,4.02,50.1,0,1,1,83,Hatchback,Diesel,Jaipur,1.67
48.08,2.4,65.8,2453,57.9,0,11,28,25.8,0.47,1.11,317.5,0,1,0,92,MUV,Petrol,Pune,3.66
94.95,0.2,60.2,2596,23.5,0,1,2,28.5,-0.33,1.45,699.5,0,0,0,77,Hatchback,Petrol,Bangalore,1.27
40.26,1.12,49.7,2062,41.7,1,12,34,26.6,1.65,4.95,140.0,1,1,0,92,Hatchback,Diesel,Ahmedabad,2.34
77.44,1.55,70.6,2929,49.9,0,3,1,29.7,2.24,0.66,252.4,1,0,1,136,Sedan,Diesel,Mumbai,3.03
21.24,0.23,46.4,1291,14.0,1,8,17,36.0,2.09,0.33,772.2,0,2,0,99,MUV,Petrol,Lucknow,2.61
35.37,1.73,51.7,1930,49.5,1,8,16,37.0,-5.29,4.74,402.2,1,1,0,106,Sedan,Petrol,Hyderabad,1.74
20.98,1.71,58.9,1454,53.8,0,9,11,31.7,-2.34,3.41,777.1,0,2,0,130,MUV,CNG,Mumbai,2.64
30.2,1.26,54.7,1651,44.6,1,23,23,34.4,-9.79,4.0,666.7,1,1,0,133,MUV,CNG,Hyderabad,0.45
20.5,1.86,50.4,1726,50.9,0,10,20,22.5,-2.65,4.88,539.7,0,2,0,90,Hatchback,Petrol,Jaipur,2.07
47.41,0.46,45.3,1837,36.5,0,7,15,20.2,-2.17,4.35,612.0,1,1,1,172,SUV,Diesel,Bangalore,0.96
62.79,0.5,55.5,2475,23.2,0,0,4,39.9,3.4,2.81,206.1,0,0,0,115,Sedan,Diesel,Lucknow,2.38
44.42,2.02,55.4,2437,58.2,0,16,26,40.2,1.49,0.39,706.6,1,1,0,115,Sedan,Diesel,Chennai,2.87
37.75,0.32,44.7,1504,23.4,1,25,22,39.6,-0.35,1.17,509.3,1,1,1,147,Sedan,CNG,Ahmedabad,1.8
12.55,0.27,47.6,1082,21.4,2,6,14,34.5,0.06,3.14,191.1,0,2,0,87,Hatchback,Petrol,Lucknow,2.48
82.15,1.52,66.9,3021,48.0,0,3,3,35.3,-2.66,4.27,315.3,1,0,0,94,Hatchback,Diesel,Ahmedabad,1.6
98.25,0.83,66.0,3395,41.3,1,1,2,30.9,-1.99,3.82,358.2,0,0,1,136,MUV,CNG,Kolkata,2.39
50.66,2.43,62.4,2336,74.9,0,22,33,41.0,0.74,2.03,352.0,0,1,0,119,Sedan,Diesel,Chennai,3.22
69.14,1.49,64.2,2675,43.5,1,2,4,40.2,-2.46,3.87,278.1,1,0,0,106,MUV,CNG,Chennai,2.3
87.44,0.8,65.2,2778,31.8,0,2,6,35.1,-2.08,2.22,25.8,0,0,1,147,Sedan,CNG,Hyderabad,2.04
30.34,0.8,53.2,1471,30.6,2,8,24,34.7,-1.48,3.57,669.8,1,1,0,71,Hatchback,Petrol,Chennai,2.36
22.91,2.11,51.9,1707,58.1,0,5,12,31.9,-1.14,2.08,39.1,1,1,0,96,Hatchback,Diesel,Hyderabad,2.09
52.58,2.33,63.7,2562,60.1,0,23,25,35.6,4.06,2.92,204.7,0,1,2,172,SUV,Petrol,Pune,5.57
95.14,1.71,70.7,3270,60.2,1,1,6,33.2,-0.8,4.62,731.2,0,0,0,77,Hatchback,Petrol,Mumbai,3.15
21.81,0.19,49.3,1409,19.5,1,23,39,24.3,-2.53,3.59,179.3,1,1,2,87,Hatchback,CNG,Chennai,1.55
39.14,1.25,52.7,2197,44.7,2,28,24,32.4,5.01,3.59,49.6,0,1,0,131,MUV,Petrol,Kolkata,4.57
30.64,1.32,51.8,1605,46.2,2,6,9,44.4,-2.74,1.17,605.9,1,2,0,107,Sedan,Diesel,Jaipur,1.93
52.88,0.35,54.0,2007,18.5,1,12,26,27.4,2.86,4.31,111.5,0,1,0,144,Sedan,Diesel,Bangalore,2.59
62.63,0.24,52.5,2026,23.3,1,1,7,29.1,1.9,2.07,207.3,0,0,2,110,Sedan,Petrol,Mumbai,2.24
19.57,1.83,52.6,1784,54.9,2,10,10,25.4,-2.13,2.67,765.3,0,2,1,198,SUV,Petrol,Mumbai,3.91
22.45,1.57,51.9,1655,47.1,1,4,11,21.9,2.87,1.97,27.4,1,2,0,73,Hatchback,Petrol,Jaipur,3.29
16.91,1.49,53.3,1621,45.1,0,7,17,29.0,4.19,0.21,266.5,1,2,1,147,SUV,Petrol,Bangalore,3.85
43.61,1.84,57.1,2143,49.7,2,15,26,31.3,0.57,2.04,397.0,1,1,0,85,Hatchback,Diesel,Hyderabad,2.98
15.67,1.09,52.8,1510,34.3,0,5,7,30.4,-0.83,4.92,463.9,0,2,2,111,Sedan,Petrol,Kolkata,2.19
30.43,1.8,58.9,2099,56.1,2,12,21,32.8,2.98,1.96,338.8,1,2,0,118,MUV,Diesel,Bangalore,3.9
108.67,1.85,74.4,3327,65.9,1,2,9,36.7,1.12,1.45,261.9,0,0,1,191,SUV,Diesel,Mumbai,4.3
46.52,0.33,50.8,2037,31.1,1,27,23,36.9,3.46,4.88,765.7,1,1,1,117,Sedan,Petrol,Ahmedabad,2.94
18.07,2.33,55.1,1666,59.4,0,9,23,23.9,2.3,3.19,556.7,0,2,1,101,Sedan,Diesel,Delhi,3.26
27.6,0.27,43.1,1333,18.2,1,6,12,32.4,-7.32,3.64,762.4,0,2,0,96,Hatchback,Petrol,Ahmedabad,0.3
31.22,1.51,49.6,1828,41.0,2,6,33,29.1,-4.71,1.61,579.7,0,1,0,74,Hatchback,Diesel,Hyderabad,1.72
46.69,1.32,56.3,2008,35.7,1,18,27,34.8,1.14,3.73,352.5,1,1,0,141,SUV,Petrol,Kolkata,3.16
29.94,1.35,52.2,1811,48.7,0,14,22,28.7,0.26,4.27,188.4,0,2,1,98,MUV,Petrol,Chennai,2.71
47.11,1.14,56.4,2015,42.4,2,8,33,33.1,5.18,2.81,759.2,1,1,0,113,MUV,Diesel,Chennai,3.81
43.46,2.08,57.7,2040,56.5,1,19,32,36.6,-1.4,2.18,603.6,0,1,0,165,SUV,Diesel,Chennai,3.24
12.69,1.12,53.0,1235,37.7,1,11,10,26.0,0.52,3.23,434.3,1,2,0,186,SUV,Petrol,Bangalore,2.79
25.82,1.49,50.2,1749,44.4,1,12,11,31.8,-0.25,2.19,640.9,0,2,0,119,Sedan,Petrol,Chennai,2.71
12.92,0.17,40.9,1300,17.6,0,2,23,26.1,7.4,3.53,726.4,1,2,0,78,Hatchback,Petrol,Pune,2.85
27.74,1.14,53.8,1932,36.2,2,26,38,41.3,-1.95,0.83,483.6,0,1,2,97,Hatchback,Diesel,Chennai,2.8
17.38,0.96,48.4,1395,32.7,0,14,22,21.5,-3.67,3.78,117.2,0,2,0,163,SUV,Petrol,Lucknow,1.42
21.91,0.65,47.2,1628,31.4,0,6,12,24.8,-0.13,3.0,704.6,1,2,0,138,MUV,Diesel,Ahmedabad,1.13
33.28,1.66,55.1,2135,55.6,1,18,13,20.8,-4.36,4.21,304.8,1,1,1,147,Sedan,Petrol,Pune,2.28
31.0,0.69,51.1,1923,26.9,0,10,29,26.7,2.68,1.55,26.6,0,1,1,132,Sedan,CNG,Mumbai,2.61
27.48,2.17,58.5,2059,50.3,1,7,11,28.0,2.82,1.29,32.9,0,2,1,145,SUV,Petrol,Ahmedabad,4.78
29.01,2.18,60.4,2021,62.4,1,6,9,30.4,-1.14,1.88,290.7,0,2,1,141,SUV,Petrol,Hyderabad,3.74
41.59,1.2,49.0,2051,49.0,1,12,19,38.7,2.45,3.24,529.8,0,1,0,193,SUV,Diesel,Hyderabad,3.05
20.85,0.63,43.6,1407,18.8,1,3,19,32.0,-2.58,3.91,265.1,0,2,1,135,MUV,Petrol,Chennai,1.92
76.82,2.45,71.6,3296,73.5,0,2,8,23.4,-3.19,1.84,391.2,0,0,0,74,Hatchback,Petrol,Kolkata,2.81
46.55,1.68,58.7,1938,63.9,2,11,19,29.2,-0.06,4.81,708.2,0,1,0,125,MUV,Petrol,Chennai,3.62
28.06,0.51,46.8,1613,26.4,2,7,12,36.9,0.96,3.32,335.2,1,1,1,99,MUV,Petrol,Jaipur,2.45
67.5,0.19,52.6,2226,16.5,2,2,6,29.4,1.56,3.33,526.5,1,0,0,199,SUV,Petrol,Lucknow,2.71
66.12,0.23,48.1,2164,23.8,0,1,6,36.0,-3.51,0.19,334.7,0,0,0,166,SUV,Petrol,Mumbai,0.84
27.47,0.44,53.4,1367,20.7,1,9,17,27.6,-2.19,4.08,414.6,0,2,2,192,SUV,CNG,Bangalore,2.36
45.88,1.01,53.4,2310,36.8,1,17,38,27.8,4.57,2.31,786.7,1,1,1,118,MUV,CNG,Pune,3.52
100.32,1.0,69.1,3168,45.0,1,2,4,31.3,2.48,0.55,134.1,0,0,0,89,Hatchback,Petrol,Jaipur,3.74
94.78,0.54,56.5,3044,34.2,1,2,4,40.9,5.7,3.97,32.4,1,0,1,163,SUV,CNG,Chennai,3.67
93.55,0.36,62.7,2773,38.0,0,0,3,30.8,-0.59,4.79,138.3,1,0,2,123,MUV,Petrol,Delhi,1.84
10.67,1.1,47.6,1388,28.8,0,11,10,32.4,-2.93,0.8,279.9,0,2,0,130,Sedan,Petrol,Pune,1.5
57.03,0.49,56.5,2238,26.1,1,5,20,31.2,-1.57,4.61,35.2,0,1,0,95,MUV,CNG,Chennai,1.54
51.3,1.69,58.5,2159,55.0,1,23,15,36.0,1.65,0.48,468.2,1,1,0,80,Hatchback,Diesel,Delhi,2.95
45.73,1.62,59.4,2035,44.1,2,25,23,35.7,2.23,3.03,427.3,0,1,0,96,MUV,Diesel,Mumbai,3.56
106.69,0.51,59.7,2896,34.1,1,1,3,19.0,-5.32,2.03,690.3,0,0,0,133,Sedan,CNG,Delhi,1.3
51.42,2.04,59.5,2557,54.8,0,13,26,32.4,-3.13,2.59,107.1,1,1,1,98,MUV,Petrol,Mumbai,2.2
102.31,0.66,63.3,3412,37.5,0,3,7,33.3,-2.28,4.22,545.2,1,0,0,140,Sedan,Petrol,Delhi,1.78
28.4,1.3,47.8,1740,41.1,2,8,32,24.0,1.35,0.74,324.9,1,1,1,72,Hatchback,Petrol,Chennai,3.12
95.49,0.62,61.0,3094,46.3,1,3,1,24.9,1.79,2.62,775.9,0,0,1,87,Hatchback,Petrol,Bangalore,2.81
94.89,1.01,68.1,3070,43.9,1,2,4,35.9,-0.79,4.34,21.0,0,0,0,95,Hatchback,Diesel,Chennai,2.38
27.39,1.56,55.2,2064,41.4,1,8,34,30.5,-0.7,3.69,234.8,1,1,2,106,MUV,Diesel,Bangalore,2.85
25.13,1.03,50.3,1487,27.6,0,5,23,35.6,-0.88,1.57,773.7,1,2,0,197,SUV,Diesel,Mumbai,1.95
50.96,0.23,49.7,1947,22.0,1,8,10,36.9,-3.21,2.09,370.7,0,1,0,90,Hatchback,CNG,Lucknow,0.53
48.92,2.32,63.0,2258,59.7,0,26,19,24.4,0.91,1.34,18.6,1,1,1,85,Hatchback,Petrol,Pune,3.34
27.96,0.28,46.5,1483,22.6,0,12,21,20.5,1.51,4.28,174.7,0,2,0,71,Hatchback,Petrol,Pune,1.66
66.66,1.63,63.3,2652,55.7,1,1,2,34.2,-1.98,3.82,586.3,0,0,2,113,Sedan,Petrol,Chennai,3.0
27.9,1.6,54.2,1716,46.6,0,3,20,31.3,-2.29,3.22,197.3,1,2,0,107,Sedan,Petrol,Delhi,1.8
26.19,0.27,47.3,1397,16.7,1,15,38,35.9,-0.68,1.4,546.2,0,1,1,118,Sedan,Diesel,Mumbai,1.81
21.55,2.43,57.7,1779,60.4,0,12,35,29.4,0.84,2.52,299.7,0,1,1,89,Hatchback,Petrol,Bangalore,3.84
106.69,1.42,72.8,3328,57.1,0,1,8,35.4,2.4,1.17,176.0,0,0,0,94,MUV,Diesel,Chennai,3.13
20.45,0.37,51.1,1291,21.5,2,25,37,19.1,-0.09,3.98,128.6,0,1,1,111,MUV,Diesel,Pune,2.38
89.97,0.2,58.2,2703,28.6,0,1,8,30.0,-2.05,0.23,107.2,0,0,2,131,MUV,Petrol,Lucknow,1.43
21.34,1.07,44.9,1882,34.4,1,10,16,36.7,2.68,3.39,642.8,0,1,1,144,Sedan,Petrol,Jaipur,3.63
31.42,1.18,50.8,1751,41.6,0,18,10,30.3,0.67,3.26,675.2,0,1,0,108,Sedan,CNG,Lucknow,1.92
34.64,0.26,55.6,1547,11.5,0,10,16,38.5,-0.01,1.32,219.5,0,2,0,103,Sedan,Petrol,Jaipur,1.62
32.57,2.07,53.4,2263,56.5,2,13,19,30.6,4.37,0.8,707.6,1,2,2,95,Hatchback,Petrol,Delhi,5.1
92.04,0.21,57.1,2675,26.0,1,3,3,22.2,-4.29,1.6,484.2,1,0,2,199,SUV,Petrol,Bangalore,1.38
48.31,1.9,55.9,2609,57.1,0,16,29,32.8,5.26,4.71,495.3,1,1,0,106,MUV,Petrol,Ahmedabad,4.05
83.27,1.68,68.7,3055,57.0,1,1,8,22.6,0.42,3.14,352.8,0,0,0,133,MUV,Diesel,Kolkata,3.07
35.48,0.89,52.0,1940,27.4,2,14,21,40.6,0.77,2.54,734.6,0,1,2,120,MUV,Petrol,Delhi,3.41
48.25,1.66,59.5,2409,53.7,1,22,29,37.9,-2.82,1.63,380.4,0,1,0,127,MUV,CNG,Ahmedabad,2.67
25.47,0.9,51.8,1785,34.3,0,21,15,23.6,2.1,2.64,783.8,1,1,0,123,MUV,Diesel,Kolkata,2.11
79.14,1.93,71.0,3247,61.4,0,4,4,24.2,2.24,4.12,140.0,0,0,0,136,Sedan,Petrol,Chennai,3.99
94.62,0.56,62.2,2953,36.5,0,1,4,39.2,-0.88,3.17,634.7,1,0,2,133,Sedan,Diesel,Chennai,2.17
75.84,2.46,71.9,3068,75.4,0,2,3,33.3,-0.05,2.6,86.6,1,0,2,154,SUV,Petrol,Chennai,4.1
11.22,0.33,46.8,1099,21.5,2,2,20,24.3,-3.58,0.76,763.2,0,2,0,73,Hatchback,Petrol,Pune,1.51
55.33,1.83,64.5,2420,58.8,1,23,31,32.5,-3.06,4.61,442.0,0,1,2,111,MUV,Petrol,Lucknow,3.57
34.55,1.96,61.1,2311,49.7,1,27,19,32.8,4.74,1.91,3.7,0,1,0,173,SUV,Diesel,Lucknow,4.33
57.2,1.66,62.5,2517,40.7,1,21,25,33.6,1.28,3.53,531.2,0,1,0,143,Sedan,Diesel,Chennai,3.6
21.1,1.78,53.6,1641,43.7,0,9,7,25.1,2.85,2.89,572.2,1,2,0,79,Hatchback,Diesel,Kolkata,2.54
76.98,2.0,69.7,2895,65.1,0,1,8,25.4,-0.52,4.0,417.1,0,0,0,93,Hatchback,Diesel,Kolkata,2.61
74.46,0.63,62.4,2167,28.8,0,2,1,31.5,0.14,0.43,50.6,0,0,1,96,MUV,CNG,Kolkata,1.87
31.49,0.42,43.5,1510,24.3,1,19,19,27.5,-2.6,1.09,546.2,0,1,2,102,Sedan,Petrol,Mumbai,1.29
84.86,0.6,63.0,2749,33.6,0,2,6,42.7,-0.35,3.56,232.9,0,0,0,115,Sedan,Diesel,Delhi,1.79
27.63,2.07,52.7,1977,64.9,2,20,11,23.3,1.76,2.78,24.3,0,1,0,73,Hatchback,Diesel,Pune,3.24
111.16,0.38,61.0,3483,40.5,0,3,9,25.5,-1.82,0.43,224.2,0,0,0,180,SUV,Diesel,Jaipur,1.61
41.86,1.92,56.7,2260,54.3,1,29,11,30.9,3.14,3.72,287.6,0,1,1,158,SUV,Petrol,Bangalore,4.48
74.81,1.98,59.0,2750,68.2,0,1,2,25.6,1.21,2.53,578.2,0,0,0,171,SUV,Petrol,Pune,3.47
26.45,1.74,54.8,1520,42.0,1,22,28,38.9,-1.32,4.95,215.9,1,1,0,121,MUV,Diesel,Chennai,2.46
96.8,2.1,71.1,3408,65.4,1,4,1,16.8,-2.0,2.03,251.7,1,0,0,114,MUV,Diesel,Jaipur,2.72
20.41,0.23,43.9,1464,20.9,0,14,6,31.8,-3.23,4.28,501.8,1,2,2,103,MUV,Petrol,Pune,0.55
74.6,2.19,64.2,3069,73.0,2,3,4,26.0,-2.87,0.83,552.7,1,0,0,135,MUV,CNG,Mumbai,3.05
29.86,0.39,51.2,1612,25.3,1,9,16,37.4,-3.28,0.23,261.7,0,2,2,132,Sedan,Diesel,Lucknow,1.71
59.6,1.01,57.9,2390,47.8,1,11,30,20.9,-1.74,4.51,144.1,1,1,0,97,MUV,Petrol,Delhi,1.99
51.19,2.48,59.2,2439,75.7,2,12,15,39.4,0.28,4.89,54.4,1,1,0,169,SUV,Diesel,Jaipur,3.91
66.84,1.87,66.8,2874,57.0,1,1,4,17.4,-1.08,3.47,680.3,0,0,2,146,SUV,Petrol,Jaipur,3.76
42.32,2.01,58.7,2415,59.4,1,24,38,27.4,5.58,0.2,486.7,1,1,0,102,Sedan,CNG,Bangalore,4.45
67.41,0.89,59.2,2592,48.0,0,1,1,34.2,0.68,4.46,791.9,1,0,1,194,SUV,Diesel,Chennai,2.46
55.68,2.37,63.5,2597,73.7,2,19,25,26.5,0.39,1.62,323.4,0,1,1,87,Hatchback,Petrol,Kolkata,4.47
54.39,0.62,55.3,2046,35.5,2,12,31,22.0,-3.79,3.53,276.1,1,1,0,128,Sedan,Diesel,Pune,1.13
56.96,1.19,55.9,2307,46.5,1,19,38,28.6,2.75,1.86,384.4,1,1,1,97,Hatchback,Petrol,Hyderabad,3.47
34.97,1.89,53.4,2024,54.7,2,13,20,29.8,0.04,2.28,426.6,0,2,0,130,MUV,Petrol,Chennai,3.84
73.58,0.88,58.9,2368,41.0,1,3,0,38.6,0.15,2.99,583.9,0,0,0,101,MUV,Petrol,Jaipur,2.43
22.78,1.67,60.8,1987,48.0,2,14,19,31.0,-2.9,4.6,107.8,0,1,1,194,SUV,Diesel,Kolkata,3.09
94.55,1.03,64.3,3116,42.2,0,1,2,32.7,-6.05,1.24,24.3,1,0,0,95,Hatchback,Petrol,Delhi,0.57
30.73,1.7,56.3,2065,52.6,2,27,27,42.7,-4.69,2.21,5.3,0,1,0,135,Sedan,Petrol,Ahmedabad,2.89
27.29,0.35,48.1,1466,19.7,1,21,35,32.6,-3.86,3.94,103.4,0,1,2,150,SUV,Diesel,Chennai,1.45
49.14,0.35,50.4,1870,32.3,0,23,11,29.5,-0.01,1.47,221.1,1,1,0,149,Sedan,Diesel,Chennai,1.13
34.65,2.12,58.5,2289,57.2,1,6,11,27.7,-1.23,3.93,489.5,0,2,0,98,MUV,CNG,Ahmedabad,2.68
91.15,1.48,65.4,3299,53.3,0,1,0,28.9,0.03,3.97,207.6,0,0,2,146,SUV,Diesel,Lucknow,2.74
34.55,0.24,50.7,1822,26.8,0,14,5,33.6,1.98,1.71,735.3,0,2,2,122,Sedan,Diesel,Kolkata,1.83
27.69,0.18,53.8,1309,16.4,1,5,25,23.8,-0.38,1.91,414.6,1,1,0,88,Hatchback,Diesel,Kolkata,1.32
58.31,1.52,59.1,2427,52.8,0,9,38,35.7,-2.9,2.36,418.5,1,1,1,149,Sedan,CNG,Mumbai,2.26
47.86,0.68,55.0,1829,32.8,1,5,32,28.4,-2.35,2.62,91.1,1,1,0,134,MUV,Petrol,Ahmedabad,1.67
24.1,1.53,58.7,1898,49.4,1,16,28,23.6,-4.7,1.34,306.3,0,1,2,190,SUV,Petrol,Kolkata,2.9
109.96,0.16,68.5,3395,38.5,0,3,6,39.9,-2.01,2.2,541.4,1,0,0,89,Hatchback,Diesel,Jaipur,1.13
41.57,2.23,60.1,2494,69.3,1,14,33,22.2,3.18,1.13,436.9,0,1,0,143,Sedan,CNG,Pune,4.15
22.12,2.04,53.0,1737,60.6,2,20,18,18.3,1.28,1.25,327.9,1,1,1,181,SUV,Petrol,Lucknow,4.77
101.55,1.98,69.6,3215,61.7,0,3,3,23.5,-0.29,0.91,352.6,0,0,0,77,Hatchback,Petrol,Jaipur,2.95
34.78,2.4,61.3,2091,60.8,0,14,19,33.1,-3.33,1.22,196.0,0,2,0,161,SUV,Petrol,Bangalore,2.98
60.11,2.3,63.3,2844,63.0,0,3,7,20.9,-1.0,1.56,120.0,0,0,0,98,Hatchback,Diesel,Bangalore,2.3
45.78,1.51,54.7,2283,45.4,1,11,32,24.5,-4.72,4.46,458.7,0,1,0,157,SUV,CNG,Pune,1.67
17.75,1.51,47.8,1356,46.7,1,5,20,36.8,5.97,3.39,202.5,0,2,0,159,SUV,CNG,Ahmedabad,4.32
33.46,0.11,45.7,1356,19.9,1,17,39,26.1,-1.03,4.01,353.7,0,1,0,141,SUV,Diesel,Mumbai,1.42
56.04,1.22,59.1,2456,43.3,0,24,17,23.1,2.83,0.65,313.8,0,1,0,88,Hatchback,Petrol,Ahmedabad,2.8
24.53,0.39,47.0,1643,24.5,1,8,26,25.8,-0.39,1.92,133.6,0,1,0,124,MUV,CNG,Chennai,1.66
31.52,0.5,46.7,1589,22.4,1,11,5,32.1,-0.13,1.89,87.4,0,2,2,164,SUV,Petrol,Bangalore,2.6
17.94,2.16,56.4,1907,57.1,0,3,18,28.8,3.86,0.97,118.6,0,2,0,173,SUV,Diesel,Ahmedabad,3.7
27.73,0.86,53.2,1549,34.9,2,8,38,22.6,4.0,1.16,249.5,0,1,0,102,Sedan,Diesel,Kolkata,3.39
21.62,2.5,54.5,2042,68.8,1,18,32,31.5,-0.84,4.19,417.9,0,1,1,98,MUV,Diesel,Bangalore,3.21
50.37,0.94,57.5,1845,45.6,0,13,15,39.2,6.65,4.91,634.1,0,1,0,144,SUV,Diesel,Delhi,3.32
33.38,2.26,63.0,2130,61.6,1,11,36,24.1,5.61,3.14,759.9,1,1,1,144,Sedan,Petrol,Hyderabad,5.52
27.58,0.78,51.4,1585,27.4,1,28,25,39.8,-2.23,0.37,579.3,0,1,1,92,Hatchback,Petrol,Jaipur,1.97
41.04,1.26,58.2,1959,44.9,1,11,24,36.9,-2.4,3.29,45.8,0,1,2,135,MUV,Diesel,Kolkata,2.47
94.63,1.64,67.8,3264,52.6,0,3,1,36.0,-0.83,0.91,250.6,1,0,1,199,SUV,Diesel,Chennai,3.11
59.72,0.15,49.3,2117,25.4,1,24,29,27.6,1.74,3.8,652.9,1,1,0,174,SUV,Diesel,Bangalore,2.11
65.63,0.8,55.0,2151,22.5,0,1,9,37.1,-2.63,1.83,605.5,1,0,2,144,SUV,Diesel,Delhi,1.58
46.74,1.45,64.1,2226,46.6,0,6,18,25.8,0.13,0.53,501.8,0,1,0,133,MUV,Diesel,Kolkata,2.28
97.73,2.42,71.4,3689,74.1,0,0,4,34.0,-0.55,4.39,51.2,0,0,0,174,SUV,Diesel,Bangalore,3.67
86.82,1.87,65.5,3278,55.0,1,3,0,28.5,-4.54,4.78,327.4,1,0,2,106,MUV,Diesel,Mumbai,2.1
45.95,0.63,49.0,1575,25.0,1,28,35,38.6,3.66,3.75,724.2,0,1,0,127,Sedan,CNG,Kolkata,3.08
35.85,2.28,57.4,1953,67.9,2,25,22,39.5,-2.74,1.15,526.9,0,1,0,153,SUV,Petrol,Hyderabad,3.86
19.22,2.12,55.7,1923,57.4,2,2,12,26.3,3.72,0.4,567.6,1,2,0,179,SUV,Diesel,Mumbai,4.17
43.19,1.8,51.8,2060,46.3,1,5,33,25.4,-2.6,0.52,214.6,1,1,2,113,MUV,CNG,Chennai,2.5
25.42,1.91,49.1,1936,57.2,2,14,18,39.9,-3.52,2.26,645.4,0,2,2,89,Hatchback,Diesel,Ahmedabad,2.78
86.38,0.62,65.8,2899,38.4,0,2,8,22.9,1.27,4.64,788.8,0,0,2,187,SUV,Petrol,Pune,3.27
51.6,0.2,52.9,1992,24.9,1,16,16,18.3,-3.64,4.21,155.9,1,1,2,178,SUV,CNG,Jaipur,1.22
49.09,0.12,48.6,2280,23.9,1,5,36,22.2,-7.9,0.89,87.0,1,1,2,127,MUV,Diesel,Jaipur,0.3
113.81,1.21,66.7,3443,53.8,1,0,2,31.8,-0.99,0.78,70.4,1,0,0,75,Hatchback,Diesel,Jaipur,2.46
26.39,0.46,51.2,1557,24.3,2,13,7,28.1,-2.09,3.05,724.9,1,2,1,94,MUV,Diesel,Pune,1.32
20.28,1.78,53.0,1868,46.1,0,25,17,27.9,-3.17,2.68,549.5,1,1,0,77,Hatchback,Petrol,Lucknow,1.6
29.03,1.49,52.2,1797,40.7,0,9,23,27.9,3.38,1.3,590.3,0,2,1,144,Sedan,Petrol,Bangalore,3.6
52.53,1.74,62.5,2556,41.4,1,28,32,42.9,6.23,0.14,477.4,1,1,0,81,Hatchback,Petrol,Lucknow,4.9
43.0,0.81,57.9,1888,44.0,0,26,23,21.2,3.17,2.4,259.8,0,1,1,153,SUV,Diesel,Ahmedabad,2.78
31.65,1.23,49.9,1956,45.8,1,10,19,33.6,-2.58,0.63,239.2,1,2,0,146,Sedan,Diesel,Kolkata,1.75
33.44,0.49,49.4,1740,25.1,2,11,13,23.9,-4.08,3.94,661.5,0,2,0,156,SUV,CNG,Pune,1.44
81.01,0.8,64.1,2598,43.9,0,4,5,31.7,1.13,4.23,15.9,0,0,0,80,Hatchback,Diesel,Pune,1.92
72.85,1.43,57.6,2664,55.8,0,4,1,38.9,-2.16,3.3,791.8,0,0,0,124,Sedan,Petrol,Hyderabad,1.99
20.76,2.33,50.8,2028,59.7,1,24,26,29.4,0.89,2.99,224.6,0,1,0,116,MUV,Diesel,Kolkata,3.45
55.42,0.64,53.3,2253,37.7,1,29,17,30.4,-1.55,0.69,369.0,0,1,0,137,MUV,Diesel,Mumbai,1.63
15.69,0.45,42.5,1160,16.9,0,14,24,30.2,3.07,4.02,147.1,1,2,0,123,Sedan,Diesel,Pune,2.05
38.14,0.57,49.3,2001,25.6,1,21,19,25.0,-4.65,2.33,237.1,0,1,0,135,MUV,Petrol,Ahmedabad,1.04
34.72,1.56,56.4,1926,44.7,1,11,13,32.0,5.14,1.44,659.6,1,1,0,161,SUV,Diesel,Ahmedabad,3.78
34.94,0.19,45.4,1694,23.4,0,14,11,27.7,1.2,0.59,191.0,1,1,0,93,MUV,CNG,Hyderabad,1.03
105.88,1.65,64.6,3364,56.1,1,4,1,22.2,1.23,4.1,286.7,0,0,0,72,Hatchback,CNG,Kolkata,3.17
10.74,1.57,45.9,1388,42.7,0,2,20,35.2,-6.78,1.86,442.2,0,2,1,109,MUV,Diesel,Chennai,1.08
45.69,1.38,52.5,2490,45.7,1,12,29,29.1,-1.33,4.95,484.9,0,1,0,179,SUV,CNG,Bangalore,2.77
37.15,1.16,47.3,1768,43.0,1,23,27,22.6,-1.46,2.09,596.9,0,1,1,133,Sedan,CNG,Hyderabad,2.29
100.07,2.37,71.1,3354,63.3,0,2,5,32.0,-3.15,4.23,311.3,0,0,1,178,SUV,Diesel,Ahmedabad,3.06
83.19,1.65,66.8,3158,58.5,0,3,2,25.0,0.48,4.72,441.3,0,0,1,72,Hatchback,Diesel,Delhi,2.23
52.24,1.13,56.3,2284,28.3,1,15,12,22.2,0.05,4.8,783.1,0,1,0,137,Sedan,CNG,Jaipur,2.39
20.12,1.89,48.5,1870,57.1,0,20,14,38.0,-3.81,4.55,187.7,0,1,0,145,Sedan,CNG,Mumbai,2.22
118.59,1.37,78.1,3481,60.4,0,4,6,24.4,-0.07,0.45,713.8,0,0,0,181,SUV,Petrol,Ahmedabad,3.87
21.03,1.64,51.4,1467,41.3,0,22,19,28.0,2.28,2.01,556.3,1,1,1,123,MUV,Diesel,Pune,2.65
40.51,1.66,55.4,2428,57.3,1,26,13,24.2,1.49,1.4,47.7,0,1,1,92,MUV,Petrol,Kolkata,3.5
16.17,0.9,40.2,1289,27.1,0,2,7,26.8,-0.93,2.47,680.2,0,2,0,152,SUV,Diesel,Pune,1.52
66.87,2.0,66.9,3023,63.5,1,0,3,19.5,-5.51,4.28,477.5,0,0,0,74,Hatchback,Petrol,Jaipur,2.0
55.26,1.25,56.1,2553,46.7,1,10,36,24.3,0.1,2.48,658.7,0,1,1,148,SUV,CNG,Bangalore,3.11
54.31,1.32,61.4,2359,32.5,1,26,36,29.9,-2.61,0.75,221.8,1,1,1,159,SUV,Petrol,Mumbai,2.6
82.17,0.34,58.9,2636,27.7,0,2,5,37.4,6.87,3.35,765.3,0,0,2,95,MUV,Diesel,Mumbai,3.1
112.48,2.42,75.9,3791,82.4,0,4,8,32.7,-2.62,0.81,607.0,0,0,0,80,Hatchback,Petrol,Hyderabad,3.48
31.5,1.64,59.5,2419,55.2,1,13,15,25.0,2.78,1.8,264.3,1,2,0,114,MUV,Petrol,Bangalore,3.68
34.67,1.78,51.0,2138,53.8,0,6,23,34.6,5.07,4.31,706.9,0,2,1,108,MUV,Petrol,Pune,4.11
72.59,0.24,58.4,2382,34.9,0,4,4,35.1,-3.79,2.2,37.4,0,0,0,149,SUV,Petrol,Kolkata,0.8
57.63,0.23,53.2,2171,25.2,0,26,10,30.6,-2.13,2.08,526.4,1,1,0,146,SUV,Petrol,Hyderabad,0.87
75.11,0.85,62.6,2454,35.8,1,1,5,40.3,1.19,3.36,266.9,0,0,0,160,SUV,Petrol,Jaipur,3.34
90.95,1.51,62.6,3104,58.6,2,4,1,36.2,-0.13,4.57,566.8,0,0,0,114,Sedan,CNG,Hyderabad,3.15
26.74,0.22,48.4,1514,19.6,1,7,18,26.5,0.05,1.78,275.5,1,1,1,136,MUV,CNG,Chennai,1.75
52.65,2.33,60.1,2581,64.2,2,18,12,34.0,-1.52,1.66,663.2,0,1,0,147,Sedan,Diesel,Kolkata,3.18
29.6,2.11,56.5,2133,56.7,0,4,12,27.4,-3.93,2.24,413.7,0,2,1,119,MUV,Diesel,Pune,1.98
38.3,0.64,54.5,1706,29.0,2,22,26,34.4,-1.2,0.46,366.3,0,1,1,124,Sedan,Diesel,Chennai,2.48
100.09,1.31,64.8,3104,53.9,1,0,3,31.2,0.61,0.61,759.9,0,0,2,97,Hatchback,Petrol,Bangalore,3.56
82.94,2.2,64.5,3046,63.8,0,3,2,28.5,-5.34,3.53,329.4,1,0,1,149,SUV,Petrol,Ahmedabad,2.15
73.05,1.94,66.6,2443,59.5,1,0,4,29.2,-0.5,1.72,396.5,1,0,0,82,Hatchback,Petrol,Kolkata,2.94
22.89,0.88,45.1,1433,27.8,1,6,13,25.1,0.07,1.35,83.5,0,1,0,128,MUV,CNG,Delhi,2.06
29.64,1.86,56.1,1970,50.0,0,12,12,29.4,-2.29,0.94,380.1,1,2,0,94,MUV,Diesel,Pune,1.62
16.07,0.9,51.2,1345,24.7,0,5,21,38.6,-2.4,0.87,483.9,1,2,0,139,MUV,Petrol,Jaipur,1.75
39.59,0.76,55.2,1756,33.3,1,28,10,36.7,1.47,0.96,219.9,0,1,2,114,Sedan,Petrol,Kolkata,3.08
84.02,1.7,68.4,2964,58.2,1,4,4,40.7,-3.4,0.21,285.7,0,0,1,99,MUV,Petrol,Chennai,2.85
27.49,0.95,50.6,1455,40.2,1,10,24,25.6,0.0,4.64,530.6,1,1,2,98,Hatchback,Petrol,Bangalore,2.62
18.88,0.68,44.0,1317,20.2,1,8,19,37.2,1.3,0.86,486.2,0,2,0,95,Hatchback,Petrol,Kolkata,2.62
13.96,2.39,54.7,1765,63.8,0,6,21,26.7,-3.98,2.35,771.6,1,2,0,139,MUV,Diesel,Hyderabad,2.1
33.75,1.06,48.2,1645,40.9,0,3,5,27.5,0.46,3.16,540.6,1,2,0,80,Hatchback,Petrol,Kolkata,1.55
28.21,0.15,43.8,1365,19.6,0,11,31,25.9,0.37,4.02,614.0,1,1,0,128,MUV,Petrol,Mumbai,1.45
40.27,1.85,57.6,2209,50.6,0,7,26,36.2,0.83,0.41,554.8,1,1,0,98,MUV,Diesel,Chennai,2.77
59.05,0.99,51.3,2271,31.4,0,23,24,24.5,1.25,2.07,266.1,1,1,0,100,MUV,Diesel,Kolkata,1.69
105.58,1.82,75.7,3719,65.3,0,1,9,32.8,0.31,0.88,124.5,1,0,2,189,SUV,Petrol,Mumbai,4.47
17.28,1.73,48.8,1705,45.3,0,4,14,33.5,-3.75,0.59,138.6,0,2,0,105,Sedan,Petrol,Jaipur,1.63
46.71,2.36,58.0,2374,67.5,2,8,30,29.3,-3.34,2.27,329.4,1,1,0,113,MUV,Petrol,Jaipur,3.16
33.44,2.16,57.3,1895,62.2,1,5,23,35.2,-1.58,4.8,44.0,0,2,1,91,Hatchback,Petrol,Mumbai,3.34
44.45,1.09,53.0,2132,32.9,1,17,28,19.6,-4.27,0.57,637.5,0,1,0,197,SUV,CNG,Lucknow,2.26
50.87,0.56,54.3,2149,30.2,1,8,11,25.2,4.09,3.62,717.0,0,1,0,80,Hatchback,Petrol,Pune,2.88
53.92,2.08,62.0,2760,50.9,2,8,38,41.1,-1.7,0.58,80.4,0,1,0,190,SUV,Petrol,Jaipur,4.53
89.11,1.8,71.4,3219,76.4,1,4,4,33.7,1.66,0.35,534.8,1,0,1,110,MUV,Diesel,Ahmedabad,3.59
98.36,0.25,60.6,2952,30.8,0,3,8,32.5,-0.68,4.98,342.3,0,0,0,99,Hatchback,CNG,Bangalore,1.53
38.5,0.93,51.9,1859,35.5,2,17,21,23.8,-1.18,1.63,354.8,1,1,0,107,MUV,CNG,Bangalore,2.02
27.18,1.43,55.0,1672,44.0,2,24,30,26.8,2.24,0.15,61.6,0,1,0,150,SUV,Petrol,Kolkata,4.21
37.98,0.8,48.7,2009,29.9,1,14,21,20.8,-4.63,3.91,532.3,0,1,0,139,Sedan,Petrol,Pune,1.2
46.08,0.13,54.8,1825,27.5,2,20,33,41.1,-2.33,1.94,388.2,0,1,2,149,Sedan,Petrol,Chennai,2.68
39.27,0.38,49.2,1729,13.9,1,14,37,34.8,1.42,4.48,447.4,0,1,1,126,Sedan,Diesel,Jaipur,2.47
24.08,0.71,51.8,1473,28.1,0,10,5,30.9,-0.8,0.55,715.2,1,2,0,95,Hatchback,Petrol,Chennai,1.26
31.94,0.1,49.4,1813,19.6,1,10,7,29.0,1.34,3.03,17.6,0,2,2,110,Sedan,CNG,Bangalore,1.87
33.39,1.64,53.3,2089,52.9,0,5,11,28.8,-0.72,0.63,492.3,1,2,0,111,Sedan,Diesel,Mumbai,1.88
66.46,0.17,54.0,2282,28.6,0,2,4,38.3,-4.36,3.84,8.3,1,0,1,196,SUV,Diesel,Chennai,0.58
52.66,1.15,54.8,2285,31.1,2,6,35,17.3,0.26,2.93,130.2,0,1,0,131,MUV,Diesel,Jaipur,2.98
88.94,1.15,65.3,2900,45.6,0,2,2,30.8,-0.76,4.99,474.7,0,0,0,92,MUV,Diesel,Jaipur,1.66
69.76,0.92,52.9,2218,35.1,1,1,2,35.3,0.62,3.88,16.2,1,0,0,113,MUV,Diesel,Jaipur,1.96
44.66,0.61,45.9,1948,32.9,1,26,37,19.4,0.19,0.8,1.6,0,1,0,80,Hatchback,Petrol,Pune,2.09
30.48,1.25,50.2,1808,37.7,2,9,23,19.1,-2.45,4.62,574.6,0,2,0,193,SUV,Petrol,Delhi,3.05
56.47,1.2,62.6,2373,43.4,2,6,23,40.4,-0.72,3.71,626.3,1,1,0,122,MUV,CNG,Delhi,2.97
58.44,1.88,58.1,2731,62.1,1,22,20,38.5,0.16,3.94,75.3,1,1,0,145,SUV,Diesel,Chennai,2.96
34.2,1.71,54.2,2086,45.9,1,12,16,29.4,-2.64,4.11,648.6,1,2,2,152,SUV,Petrol,Kolkata,3.11
22.59,1.7,52.7,1643,44.0,2,10,10,38.4,3.5,1.67,16.3,0,1,1,120,MUV,CNG,Kolkata,4.52
40.48,2.2,62.3,2513,62.1,1,18,27,36.5,-2.67,2.8,718.9,0,1,0,139,Sedan,Petrol,Mumbai,3.41
73.6,1.48,61.3,2622,46.0,0,1,5,33.0,-1.22,1.09,558.4,0,0,1,71,Hatchback,Petrol,Hyderabad,2.15
38.43,0.14,45.2,1826,18.6,1,29,26,27.5,0.42,0.49,754.1,1,1,1,113,Sedan,Petrol,Pune,1.74
58.96,0.14,52.5,1909,14.8,1,18,27,35.3,0.25,3.75,218.4,1,1,0,162,SUV,Diesel,Pune,1.69
10.47,0.87,47.5,1212,34.9,2,10,22,26.1,-0.18,1.14,538.1,1,2,0,105,Sedan,Petrol,Mumbai,2.52
20.53,0.69,49.5,1208,28.5,2,10,26,38.8,0.58,2.54,637.0,1,1,0,112,Sedan,Petrol,Ahmedabad,2.87
108.92,1.6,70.4,3499,72.5,0,1,7,23.7,-3.55,2.59,730.5,1,0,1,108,MUV,CNG,Bangalore,2.06
19.73,0.51,46.5,1146,18.1,0,2,11,25.4,6.53,0.8,566.2,1,2,1,146,Sedan,Petrol,Mumbai,3.01
97.15,2.0,71.7,3486,66.6,1,3,0,37.1,1.88,1.78,609.3,1,0,0,181,SUV,Petrol,Lucknow,4.57
28.24,0.32,46.9,1512,27.3,1,14,9,27.3,2.67,0.85,144.0,1,2,0,150,SUV,Petrol,Mumbai,2.34
22.7,1.67,56.2,1690,45.0,2,8,20,25.4,2.07,2.1,580.8,1,2,0,109,Sedan,Diesel,Bangalore,3.34
39.48,0.12,47.7,1961,6.5,2,23,17,20.1,1.43,2.73,131.4,1,1,0,107,Sedan,Diesel,Pune,1.68
33.88,1.4,51.8,2087,39.4,0,3,11,30.5,-2.13,1.78,118.1,0,2,0,161,SUV,Petrol,Pune,1.95
24.55,1.09,52.1,1752,37.7,2,17,34,21.4,-1.12,2.96,724.7,0,1,1,106,MUV,Petrol,Ahmedabad,3.19
13.73,1.96,53.1,1629,43.9,1,5,10,35.1,-3.01,4.96,472.3,0,2,0,105,Sedan,Diesel,Kolkata,2.34
51.91,1.41,63.4,2318,45.8,1,13,24,38.0,-1.3,2.23,415.5,1,1,0,108,Sedan,Diesel,Mumbai,2.26
35.79,1.27,55.4,1757,46.1,1,12,33,23.9,1.52,4.39,563.6,0,1,0,139,Sedan,Petrol,Lucknow,3.38
106.53,1.85,71.9,3470,68.5,1,3,9,28.5,3.3,4.85,185.9,0,0,0,81,Hatchback,Diesel,Ahmedabad,4.07
56.15,2.04,62.1,2597,58.7,2,14,38,19.9,4.26,2.6,746.0,1,1,0,183,SUV,Diesel,Lucknow,4.64
41.07,1.31,54.8,2227,51.2,1,29,22,30.3,-2.47,0.46,469.9,0,1,0,122,MUV,Petrol,Chennai,2.23
32.56,1.07,46.9,1526,26.4,2,4,21,20.9,2.02,3.98,506.9,0,2,1,102,Sedan,Petrol,Bangalore,3.31
15.73,1.03,50.6,1577,27.0,0,5,24,25.1,-7.82,1.0,488.1,0,2,0,80,Hatchback,CNG,Bangalore,0.3
35.75,1.06,57.1,2197,38.1,1,13,30,36.6,-4.06,4.87,571.5,0,1,0,165,SUV,Diesel,Chennai,2.05
45.5,1.42,56.5,2056,36.3,0,27,26,29.0,-6.03,1.54,590.6,0,1,1,140,Sedan,Diesel,Ahmedabad,1.2
53.73,1.37,59.9,2485,43.8,1,21,11,21.8,4.16,4.19,394.8,0,1,0,72,Hatchback,Petrol,Pune,3.7
45.97,0.19,49.8,1791,25.7,2,27,33,35.8,-1.52,4.54,436.4,0,1,2,85,Hatchback,Petrol,Kolkata,2.39
34.57,0.17,47.4,1309,19.3,1,8,24,34.6,-0.32,2.84,186.5,0,2,0,105,MUV,Diesel,Mumbai,1.59
49.27,1.74,59.9,2124,35.6,2,19,19,24.6,2.31,1.09,476.0,0,1,0,116,Sedan,Diesel,Chennai,3.67
116.84,1.53,75.3,3826,55.6,0,1,3,37.0,-0.14,3.09,297.8,0,0,1,77,Hatchback,Petrol,Ahmedabad,3.65
39.84,2.13,60.9,2421,48.5,2,24,26,25.5,2.1,1.7,277.2,0,1,0,87,Hatchback,Diesel,Pune,3.94
57.48,1.55,59.2,2536,50.2,2,6,18,19.1,-0.42,1.74,74.2,0,1,0,97,Hatchback,Petrol,Lucknow,3.15
26.86,0.69,52.7,1445,37.2,0,8,28,22.4,-1.85,4.32,136.5,0,1,1,84,Hatchback,Petrol,Bangalore,1.57
42.09,1.18,55.0,1892,41.9,1,10,37,36.0,-5.91,1.11,670.5,0,1,1,179,SUV,Diesel,Ahmedabad,1.72
28.65,2.42,60.3,1890,57.6,2,11,11,21.0,3.76,1.92,328.2,1,1,1,92,Hatchback,Petrol,Lucknow,5.08
29.59,1.64,53.9,1885,41.9,2,10,11,40.1,-0.8,4.29,462.5,1,1,2,102,MUV,Diesel,Jaipur,2.87
107.21,1.23,67.9,3486,51.1,0,3,0,39.7,-2.8,1.65,109.1,1,0,0,98,Hatchback,Petrol,Delhi,2.19
27.38,0.82,50.4,1597,21.6,1,5,35,27.2,0.98,3.9,249.9,1,1,0,188,SUV,Petrol,Mumbai,2.93
90.42,0.61,62.9,2934,39.7,0,3,2,27.4,-1.24,2.05,787.8,1,0,0,189,SUV,Diesel,Mumbai,1.71
100.14,2.03,71.0,3550,73.5,1,0,3,43.7,-0.02,2.79,81.4,0,0,0,95,MUV,Diesel,Delhi,3.45
65.19,1.09,54.8,2333,35.6,1,0,0,28.0,-5.92,4.11,701.0,0,0,1,192,SUV,Petrol,Lucknow,1.47
51.67,2.13,61.5,2521,60.1,0,22,23,22.7,1.92,0.3,330.4,1,1,0,168,SUV,Petrol,Bangalore,3.82
85.35,1.65,71.0,3184,52.4,0,2,9,25.7,-2.37,1.27,757.3,0,0,0,101,MUV,CNG,Kolkata,2.28
26.13,1.0,53.7,1702,36.1,1,19,15,37.5,0.01,4.82,217.4,0,1,1,98,Hatchback,Diesel,Lucknow,2.56
54.02,1.49,56.8,2526,47.1,0,14,36,29.3,-5.3,2.28,285.4,0,1,0,111,Sedan,CNG,Jaipur,1.42
50.52,2.23,59.0,2448,65.8,2,11,11,33.2,-6.21,1.06,762.0,0,1,1,105,Sedan,Petrol,Hyderabad,2.75
68.53,2.18,66.1,2920,61.4,1,3,7,20.7,1.87,3.3,42.3,0,0,2,79,Hatchback,Petrol,Ahmedabad,4.02
32.78,0.56,49.1,1611,36.5,1,5,12,22.9,0.75,3.96,556.0,1,2,0,142,SUV,CNG,Kolkata,2.06
51.15,1.97,54.4,2772,61.6,1,27,16,32.5,-3.09,3.7,671.3,0,1,0,120,Sedan,Diesel,Ahmedabad,2.19
32.82,1.81,55.7,2119,52.3,0,4,15,27.6,-1.73,1.08,5.5,0,2,1,125,MUV,Petrol,Hyderabad,2.51
76.97,0.11,58.0,2383,26.6,1,1,1,42.6,-2.81,4.5,253.3,1,0,0,99,Hatchback,Diesel,Jaipur,0.98
45.9,2.4,61.4,2466,71.3,1,8,36,23.2,1.12,3.76,524.5,0,1,0,86,Hatchback,Petrol,Delhi,4.21
22.43,1.34,52.1,1682,44.2,0,7,19,39.9,-2.8,3.79,188.8,0,2,0,125,Sedan,CNG,Kolkata,1.94
31.92,1.25,51.8,1893,40.5,0,6,37,40.7,-2.86,4.94,27.5,0,1,0,76,Hatchback,Diesel,Delhi,1.32
35.33,0.32,46.7,1766,19.6,1,26,33,25.2,1.2,1.52,706.8,0,1,1,80,Hatchback,Diesel,Mumbai,1.78
34.91,2.09,55.0,2140,54.6,2,25,19,27.3,4.03,1.03,386.6,1,1,0,94,Hatchback,CNG,Mumbai,4.14
52.57,2.12,64.9,2538,56.9,1,18,10,27.2,1.19,1.36,179.0,0,1,0,142,SUV,Petrol,Hyderabad,4.38
74.79,1.41,59.6,2900,51.5,0,4,9,29.1,-0.96,3.8,527.5,1,0,1,107,Sedan,Diesel,Pune,1.9
24.14,1.37,45.0,1746,44.9,1,13,23,39.5,-3.09,2.52,538.5,0,1,2,78,Hatchback,Petrol,Chennai,2.12
28.04,2.08,58.9,2116,63.7,0,4,24,36.8,0.02,1.65,412.9,0,2,0,73,Hatchback,Petrol,Mumbai,3.14
91.14,0.53,63.2,2803,32.7,1,0,2,18.5,-1.56,3.35,720.6,0,0,1,187,SUV,Petrol,Delhi,2.68
56.78,1.37,52.8,2308,48.5,2,20,31,34.7,-5.32,2.47,385.6,0,1,0,92,MUV,Diesel,Pune,1.84
102.1,1.42,68.1,3339,51.4,0,4,4,40.4,-5.85,1.46,179.4,0,0,1,158,SUV,Diesel,Chennai,1.82
41.16,2.26,60.8,2139,61.1,1,13,21,27.2,1.6,1.01,753.6,1,1,0,150,SUV,Diesel,Kolkata,3.25
27.23,0.34,44.0,1451,18.6,1,8,35,25.6,1.49,0.49,437.4,1,1,0,122,MUV,Diesel,Bangalore,1.71
86.83,2.17,66.6,3455,59.8,1,4,5,26.2,1.99,0.65,454.1,0,0,1,109,Sedan,Diesel,Mumbai,3.83
37.75,1.67,50.8,2111,50.6,2,16,35,29.9,-0.65,3.81,383.0,0,1,1,131,MUV,Petrol,Kolkata,3.88
66.11,0.47,56.7,2194,32.6,1,2,1,28.6,1.98,1.95,795.0,0,0,2,75,Hatchback,Diesel,Jaipur,2.31
43.61,1.13,56.3,2118,42.9,1,12,15,27.3,-0.98,0.23,6.4,0,1,0,128,MUV,Diesel,Pune,2.02
58.12,0.7,60.1,2343,37.7,0,6,18,29.1,-1.33,2.32,798.7,0,1,0,125,MUV,Diesel,Kolkata,1.58
17.38,0.26,43.5,1110,26.7,0,13,23,33.3,-0.6,3.58,727.3,1,2,0,115,MUV,CNG,Kolkata,1.21
37.39,1.51,61.4,1960,53.2,0,27,39,29.4,0.24,0.27,279.5,1,1,1,138,Sedan,CNG,Kolkata,2.8
55.9,2.13,63.4,2467,69.4,1,25,25,23.3,-5.32,3.06,591.5,1,1,0,159,SUV,Petrol,Lucknow,2.34
45.48,0.4,52.3,1691,27.4,0,26,37,36.9,6.52,0.28,46.2,0,1,2,173,SUV,Diesel,Mumbai,3.59
21.32,1.27,50.5,1755,41.2,1,12,16,21.5,2.64,3.25,405.9,0,1,0,109,MUV,Petrol,Bangalore,3.45
93.4,0.92,62.2,3149,47.4,2,2,6,38.4,1.55,1.28,794.0,1,0,2,108,Sedan,Petrol,Hyderabad,3.72
28.73,1.2,53.7,1870,26.1,1,12,26,32.5,-0.0,1.34,607.0,0,1,2,110,MUV,Petrol,Chennai,3.27
50.84,0.9,51.8,2028,28.6,1,19,12,29.9,-2.77,3.55,208.2,0,1,0,97,Hatchback,Petrol,Mumbai,1.32
102.84,2.05,78.3,3696,67.1,0,2,8,22.0,-1.81,4.25,722.6,1,0,1,108,MUV,Petrol,Kolkata,3.25
38.22,0.31,52.2,1738,25.1,2,17,29,28.4,1.9,0.29,413.2,1,1,1,138,MUV,CNG,Mumbai,2.68
97.68,0.36,61.2,3166,36.9,0,3,7,30.7,-0.97,0.36,767.2,0,0,0,153,SUV,Diesel,Ahmedabad,1.93
44.52,2.06,58.4,2208,58.3,0,25,18,27.7,6.79,0.66,69.9,1,1,0,135,Sedan,Diesel,Kolkata,3.9
97.26,0.24,62.8,2750,31.6,0,4,1,18.2,-3.32,1.72,761.0,1,0,0,182,SUV,Petrol,Pune,1.19
59.76,2.03,63.2,2412,51.5,1,20,30,20.1,6.25,0.98,178.7,1,1,1,71,Hatchback,Diesel,Bangalore,4.34
24.71,0.11,47.4,1328,10.9,2,12,24,33.9,-5.08,3.64,215.8,0,1,0,79,Hatchback,Diesel,Lucknow,0.73
110.78,2.18,73.6,3960,67.3,1,3,3,33.1,2.94,1.77,548.9,0,0,1,107,MUV,Diesel,Mumbai,4.36
38.03,0.46,50.1,1607,25.0,2,22,11,32.6,-2.54,1.27,395.1,0,1,0,145,Sedan,Petrol,Bangalore,1.8
90.96,1.59,69.9,3126,60.9,0,1,8,37.7,0.92,4.57,133.8,0,0,0,134,MUV,Diesel,Mumbai,2.95
15.05,2.07,56.9,1557,58.0,1,3,11,37.2,1.53,4.24,281.2,0,2,1,116,Sedan,CNG,Mumbai,4.08
30.11,2.43,55.0,1924,59.2,1,6,28,27.9,2.08,1.94,728.5,0,1,0,99,Hatchback,Diesel,Hyderabad,3.69
53.32,0.5,52.1,2174,21.2,1,16,19,28.0,-2.21,0.28,319.1,0,1,0,178,SUV,CNG,Bangalore,1.6
116.86,0.5,61.2,3556,42.8,0,2,5,28.8,2.53,1.01,451.7,1,0,0,101,MUV,Diesel,Pune,2.28
18.58,1.41,49.5,1502,43.9,2,4,19,21.5,2.8,0.21,538.4,0,2,2,96,MUV,Petrol,Ahmedabad,4.21
28.53,2.16,55.2,2152,58.8,0,18,28,36.2,-3.24,2.6,285.3,0,1,0,85,Hatchback,Petrol,Mumbai,2.4
12.23,0.86,47.7,1230,26.1,0,12,8,42.6,1.99,2.16,543.5,0,2,0,104,Sedan,Diesel,Delhi,2.21
54.1,1.2,58.4,2552,40.1,0,23,27,26.3,0.13,4.79,742.5,1,1,0,138,Sedan,Petrol,Delhi,2.31
20.71,1.6,53.2,1372,41.8,0,27,31,22.9,-3.07,0.43,721.1,1,1,1,82,Hatchback,Petrol,Bangalore,2.01
111.4,1.26,69.3,3694,51.3,0,2,6,23.3,0.5,4.34,724.5,0,0,2,198,SUV,Petrol,Hyderabad,4.04
31.12,1.42,46.7,1739,46.5,0,7,24,24.4,2.07,0.82,167.5,1,2,0,136,MUV,CNG,Ahmedabad,2.51
26.9,2.13,54.8,1904,55.7,2,28,25,39.6,1.49,4.11,228.7,1,1,0,116,MUV,Diesel,Kolkata,3.7
94.27,1.93,67.6,3440,62.4,0,1,4,32.3,3.24,1.23,289.5,1,0,0,177,SUV,Diesel,Jaipur,3.94
119.38,0.56,64.0,3625,38.1,0,0,1,30.6,-3.97,3.01,537.4,0,0,0,154,SUV,Petrol,Kolkata,1.86
34.52,1.31,54.8,1840,44.6,2,10,16,20.1,2.1,3.79,48.1,1,2,0,109,MUV,Petrol,Jaipur,3.43
25.99,0.43,47.4,1818,13.9,1,25,25,26.1,-2.32,0.53,239.4,1,1,2,74,Hatchback,Diesel,Pune,1.18
39.53,2.47,62.2,2487,64.0,1,9,12,27.1,2.95,0.23,554.1,0,1,0,94,Hatchback,Petrol,Ahmedabad,4.44
74.19,2.06,67.0,2708,61.6,1,3,9,32.9,-2.53,0.32,168.7,1,0,0,121,Sedan,Petrol,Kolkata,2.8
32.58,0.22,48.0,1521,11.5,1,13,12,32.3,-5.14,2.3,379.2,0,1,2,110,Sedan,Diesel,Bangalore,0.55
32.34,1.67,55.7,1991,39.1,1,10,13,20.7,5.89,4.84,371.3,0,2,2,72,Hatchback,Diesel,Pune,3.82
56.34,0.39,58.1,2146,27.8,0,29,37,31.3,-3.28,3.98,128.8,1,1,0,159,SUV,Petrol,Hyderabad,1.54
80.13,1.13,57.9,2494,41.3,0,0,4,28.9,-3.02,3.52,3.4,0,0,0,87,Hatchback,Petrol,Ahmedabad,1.31
30.24,0.55,45.2,1470,30.4,1,8,13,32.3,0.81,3.52,80.3,1,1,1,114,MUV,Petrol,Hyderabad,2.14
41.2,0.19,47.3,1538,13.3,1,29,13,34.2,-1.07,2.84,704.9,0,1,2,146,SUV,Petrol,Jaipur,2.01
26.8,1.7,44.4,1841,52.2,0,12,37,36.7,-5.72,1.42,262.6,1,1,0,107,MUV,CNG,Kolkata,0.82
24.13,1.71,53.4,1778,47.2,2,20,24,23.5,3.32,0.13,126.2,1,1,0,73,Hatchback,Diesel,Pune,3.67
37.63,0.28,47.0,1640,18.4,1,17,15,30.6,2.52,2.93,457.0,1,1,2,161,SUV,Diesel,Kolkata,2.48
29.9,1.46,50.9,2164,48.4,0,12,19,31.5,1.66,2.99,697.5,1,1,1,135,Sedan,Petrol,Bangalore,3.15
10.68,1.78,51.3,1546,44.6,1,2,14,33.0,1.28,4.04,601.9,1,2,1,112,MUV,Petrol,Hyderabad,3.45
54.27,2.34,63.8,2828,55.7,1,23,14,44.5,0.96,1.33,409.9,1,1,0,81,Hatchback,Diesel,Delhi,3.23
17.92,1.9,54.6,1737,53.3,0,10,13,29.8,1.46,4.45,422.4,0,2,0,93,Hatchback,Diesel,Delhi,2.69
45.94,1.53,55.8,2295,52.1,2,26,17,33.5,-2.08,2.27,327.4,0,1,0,73,Hatchback,Diesel,Kolkata,2.37
49.29,1.66,61.2,2019,49.0,1,24,29,29.8,2.88,3.48,748.3,1,1,2,130,Sedan,Petrol,Pune,4.42
82.75,1.43,67.6,2824,55.9,1,0,8,25.9,-0.83,0.9,252.6,1,0,0,127,MUV,Diesel,Hyderabad,2.6
37.17,2.37,59.6,2491,71.5,1,6,38,26.2,-1.95,1.89,138.0,0,1,0,130,Sedan,Petrol,Delhi,3.39
67.87,0.31,55.8,2208,20.8,2,0,2,30.1,5.09,4.01,549.4,0,0,0,141,SUV,Petrol,Delhi,3.68
69.14,2.26,65.2,2725,67.4,1,1,9,27.9,-0.34,4.37,92.2,1,0,0,136,MUV,CNG,Pune,3.13
23.57,1.44,56.0,1767,48.1,0,7,22,28.5,0.33,4.03,221.2,0,1,0,122,Sedan,CNG,Mumbai,2.41
40.11,0.1,47.2,1639,20.6,1,24,14,32.4,-3.94,0.78,166.9,0,1,0,141,Sedan,Petrol,Delhi,0.74
56.42,1.38,54.1,2445,48.7,1,20,33,27.8,3.67,2.64,9.8,1,1,0,119,MUV,Diesel,Hyderabad,3.07
26.3,2.48,59.7,1875,65.8,1,28,35,18.6,-2.95,3.84,264.9,0,1,0,83,Hatchback,Petrol,Delhi,3.31
58.12,1.4,59.4,2299,53.4,0,22,24,27.2,3.13,3.99,734.1,1,1,0,134,Sedan,Diesel,Mumbai,2.75
90.48,1.71,67.0,3230,60.5,1,0,2,39.3,-5.57,2.56,428.1,1,0,0,114,Sedan,Diesel,Jaipur,1.69
23.89,2.41,55.0,2184,60.1,1,7,24,39.0,-1.91,1.36,466.5,1,1,0,106,Sedan,Diesel,Jaipur,2.96
14.99,0.98,46.8,1386,29.2,0,5,5,33.8,0.44,3.83,683.8,0,2,0,81,Hatchback,CNG,Hyderabad,1.8
112.31,1.6,70.1,3633,58.9,0,4,2,34.3,-2.97,3.56,467.5,1,0,2,108,Sedan,Petrol,Hyderabad,2.9
31.66,2.45,59.6,2327,70.4,1,18,16,35.0,-1.32,1.63,75.6,0,1,1,100,Sedan,Petrol,Hyderabad,3.59
90.79,0.92,69.1,3046,48.6,1,3,4,31.8,1.99,0.22,754.9,0,0,0,94,Hatchback,Petrol,Hyderabad,3.35
85.42,1.4,62.5,3025,52.0,1,0,8,22.1,-5.87,1.55,34.2,1,0,0,109,Sedan,Petrol,Pune,1.32
54.8,2.28,66.1,2672,75.9,2,17,19,21.1,6.02,2.86,797.1,1,1,0,143,Sedan,Petrol,Lucknow,5.73
65.26,0.72,57.1,2576,39.7,0,3,9,23.9,2.98,0.93,252.1,1,0,0,144,Sedan,Petrol,Ahmedabad,2.62
57.59,1.39,59.4,2607,44.8,1,14,17,22.3,-1.13,4.93,14.0,0,1,0,166,SUV,Diesel,Delhi,2.37
29.17,1.6,57.2,2118,49.4,2,12,17,26.5,0.24,3.44,687.9,0,2,0,149,Sedan,Petrol,Ahmedabad,3.8
107.75,0.47,66.8,3112,35.2,1,4,9,29.5,-1.47,0.64,686.1,0,0,0,118,Sedan,Diesel,Bangalore,2.11
84.6,1.62,61.1,2939,54.3,0,0,9,20.0,-2.24,2.38,351.8,0,0,0,135,Sedan,Diesel,Jaipur,1.81
57.96,0.97,54.4,2014,27.9,0,5,35,24.3,1.38,4.82,635.0,1,1,0,100,Sedan,Petrol,Chennai,2.49
27.81,0.91,51.2,1700,36.1,2,6,22,39.5,-0.62,3.4,459.5,0,1,1,171,SUV,Petrol,Hyderabad,3.34
19.75,0.78,40.5,1379,23.0,0,7,12,24.5,1.48,0.45,295.5,1,2,1,101,Sedan,Diesel,Bangalore,1.85
104.36,1.02,70.0,3309,53.2,0,1,5,37.9,2.36,0.85,102.4,0,0,0,148,SUV,Diesel,Jaipur,2.97
112.16,1.73,72.2,3468,65.7,0,0,0,32.6,-5.09,3.72,65.0,0,0,1,140,Sedan,Petrol,Mumbai,2.86
35.01,1.46,55.5,2011,39.8,0,17,26,24.4,0.37,1.13,125.1,0,1,0,86,Hatchback,Petrol,Ahmedabad,2.57
37.82,2.47,55.7,2354,57.2,1,7,20,21.7,0.29,1.09,220.6,0,1,0,77,Hatchback,CNG,Lucknow,3.48
35.0,1.32,53.2,1867,36.4,2,29,11,20.5,1.82,3.42,438.3,1,1,0,117,Sedan,Petrol,Pune,3.26
85.78,1.8,63.3,3344,59.5,1,0,4,23.4,1.38,3.05,600.1,0,0,0,128,Sedan,Diesel,Bangalore,3.17
55.91,2.18,65.2,2550,62.9,1,12,32,34.8,0.6,0.71,119.5,1,1,0,76,Hatchback,Diesel,Pune,3.14
28.03,2.17,58.7,1768,51.1,2,6,16,19.9,3.55,3.88,74.2,0,2,0,130,Sedan,Diesel,Pune,4.42
56.81,1.99,61.8,2401,67.6,2,18,39,35.1,3.14,2.25,187.8,0,1,0,149,SUV,Diesel,Pune,4.77
65.0,2.25,59.8,2995,67.6,0,2,3,27.9,0.42,1.88,587.5,0,0,1,143,SUV,CNG,Kolkata,3.08
36.91,1.33,51.3,2171,36.9,1,20,13,28.7,-0.56,2.87,508.8,0,1,2,123,Sedan,Petrol,Mumbai,2.95
75.99,0.5,63.6,2521,30.5,1,4,2,28.5,3.43,0.81,394.6,0,0,0,77,Hatchback,Diesel,Bangalore,2.49
27.27,1.58,51.2,1921,56.4,0,23,10,26.4,5.41,2.14,657.1,0,1,0,95,MUV,Petrol,Bangalore,3.6
93.96,0.41,62.1,3036,31.1,0,0,5,35.8,4.82,0.3,518.3,0,0,0,164,SUV,Diesel,Mumbai,2.97
65.7,1.68,62.7,2517,56.6,1,0,5,29.4,-3.27,0.56,553.8,1,0,0,86,Hatchback,Diesel,Hyderabad,1.56
67.07,1.71,57.3,2804,52.0,0,3,5,28.0,3.11,2.72,18.5,0,0,2,148,Sedan,Diesel,Jaipur,3.33
19.75,2.1,58.4,1813,58.0,2,5,16,30.2,-4.26,4.2,97.5,0,2,0,118,Sedan,Petrol,Hyderabad,2.97
35.26,1.51,54.8,2014,52.7,2,20,35,34.1,2.61,2.17,428.7,0,1,0,75,Hatchback,Diesel,Lucknow,3.51
17.75,2.01,49.0,1967,58.8,0,2,18,26.9,5.94,4.62,587.1,0,2,1,180,SUV,CNG,Chennai,4.55
46.68,0.54,53.8,1862,26.7,2,13,23,37.7,-0.7,1.21,710.7,0,1,0,196,SUV,Diesel,Delhi,2.74
26.56,0.62,45.4,1712,24.6,2,5,27,33.8,1.34,4.53,120.9,0,1,0,131,Sedan,Petrol,Bangalore,3.09
70.38,0.63,58.6,2325,33.9,0,4,9,32.8,-1.68,2.57,725.3,1,0,1,136,Sedan,Petrol,Kolkata,1.43
69.13,0.39,56.1,2331,28.3,0,3,1,28.2,5.37,3.35,459.8,1,0,2,186,SUV,Diesel,Chennai,2.9
41.95,2.3,58.9,2428,60.3,1,25,23,32.0,1.26,2.14,582.5,0,1,0,85,Hatchback,CNG,Bangalore,3.57
26.25,1.42,49.2,1877,43.4,2,26,23,31.5,-2.67,4.0,629.0,0,1,1,72,Hatchback,Diesel,Pune,2.17
11.95,0.18,39.5,994,22.2,1,12,16,21.5,6.83,4.38,540.8,1,2,0,77,Hatchback,CNG,Bangalore,2.96
29.81,1.31,49.9,1987,41.1,0,10,20,32.7,1.73,2.01,388.5,0,2,0,147,Sedan,Petrol,Delhi,3.06
34.9,2.06,56.4,2510,56.3,2,7,13,18.1,0.76,1.11,717.7,0,1,1,171,SUV,CNG,Jaipur,4.25
56.6,2.45,61.5,2413,72.1,1,22,20,30.8,2.35,2.72,313.6,1,1,0,93,Hatchback,Petrol,Jaipur,4.13
28.88,1.28,49.6,1805,44.2,1,19,13,32.5,-0.42,4.37,472.6,0,1,0,100,Sedan,CNG,Kolkata,2.2
26.51,1.26,52.3,1633,40.0,0,21,19,30.3,4.47,1.71,390.7,1,1,0,134,Sedan,Petrol,Kolkata,3.49
27.8,0.99,50.4,1822,33.2,0,23,35,43.5,-1.06,4.02,123.8,0,1,1,138,Sedan,Petrol,Delhi,2.45
41.4,2.03,54.5,2430,60.9,0,10,13,21.2,-3.24,4.0,363.0,0,1,0,141,SUV,Petrol,Jaipur,2.22
115.6,2.3,75.7,3875,74.9,1,3,9,43.4,-6.35,0.74,780.4,0,0,2,84,Hatchback,Petrol,Ahmedabad,3.46
31.62,0.69,46.8,1224,26.1,1,12,13,38.7,-4.77,4.4,138.6,0,2,0,194,SUV,Petrol,Chennai,1.55
89.1,1.14,63.6,2895,51.9,1,2,6,33.2,0.66,4.18,25.8,0,0,0,97,Hatchback,Petrol,Mumbai,2.97
40.69,0.11,53.3,1563,19.2,0,26,13,25.4,4.88,2.75,414.1,0,1,1,160,SUV,CNG,Delhi,2.68
64.53,0.56,53.1,2435,35.3,0,1,4,31.8,-0.49,4.14,204.4,0,0,0,175,SUV,Petrol,Mumbai,2.07
36.67,0.51,53.2,1640,24.8,2,11,17,32.4,6.48,2.91,530.4,0,1,0,94,MUV,Petrol,Bangalore,3.76
76.91,1.16,60.9,2641,44.2,1,2,4,26.4,3.9,1.37,94.4,0,0,0,171,SUV,Petrol,Bangalore,4.09
66.29,2.23,60.7,2683,62.3,0,0,1,28.1,-0.66,1.54,687.7,0,0,0,76,Hatchback,Petrol,Bangalore,2.72
58.81,0.86,53.7,2120,29.2,0,11,13,32.2,-4.93,3.88,113.1,0,1,0,190,SUV,Diesel,Chennai,1.08
32.91,0.72,47.3,1868,24.6,1,9,13,26.9,-2.46,1.26,601.9,1,1,0,133,Sedan,Diesel,Delhi,0.89
39.73,1.67,60.5,2444,52.4,0,23,18,40.6,2.74,4.41,709.8,0,1,2,84,Hatchback,CNG,Chennai,3.49
100.78,1.51,67.7,3269,53.2,0,4,9,31.7,0.77,2.51,450.2,1,0,0,103,MUV,Petrol,Jaipur,3.2
91.45,0.49,57.5,3007,44.4,0,0,9,33.6,-4.23,2.47,705.1,1,0,1,187,SUV,Petrol,Pune,1.24
38.09,1.68,56.7,2188,55.8,1,12,25,28.5,8.79,2.56,43.0,0,1,0,138,MUV,Petrol,Hyderabad,5.5
10.61,1.1,51.5,1137,28.1,1,8,11,33.4,1.44,1.5,732.8,1,2,0,163,SUV,Diesel,Delhi,2.72
19.5,0.26,44.1,1097,13.5,2,3,23,35.5,-1.28,1.91,598.6,0,2,1,99,MUV,Petrol,Mumbai,2.03
14.6,0.63,45.3,1338,17.8,0,12,7,28.4,-3.04,0.82,497.8,1,2,1,83,Hatchback,Petrol,Hyderabad,0.43
43.47,1.42,60.9,2100,46.3,2,9,20,28.1,-2.61,2.61,670.1,1,1,0,135,MUV,Petrol,Delhi,2.66
25.46,0.52,45.0,1806,19.9,1,7,18,27.2,-5.45,1.71,666.2,1,1,0,119,Sedan,CNG,Delhi,0.51
53.66,0.16,45.2,2038,24.2,2,7,38,40.8,0.43,1.71,485.0,0,1,0,91,Hatchback,CNG,Delhi,2.44
30.55,2.06,58.2,1977,56.4,2,20,32,26.8,-4.07,1.18,302.5,0,1,0,104,Sedan,Petrol,Pune,2.92
46.94,1.89,64.8,2420,54.7,2,5,22,40.4,2.72,4.3,99.5,1,1,0,116,MUV,Petrol,Ahmedabad,4.68
115.8,2.41,80.9,3849,71.7,1,3,3,38.8,2.99,0.47,391.3,0,0,2,148,SUV,Petrol,Ahmedabad,6.32
47.76,1.5,55.3,1976,49.7,2,26,10,15.4,-0.76,3.68,117.8,0,1,0,120,MUV,Petrol,Lucknow,3.28
33.32,0.91,50.2,1813,36.3,2,17,29,34.7,0.82,0.97,671.0,0,1,0,76,Hatchback,Diesel,Pune,2.61
84.5,1.61,62.7,3076,63.4,0,3,5,28.4,-1.46,3.58,336.5,0,0,1,122,MUV,Petrol,Mumbai,2.7
17.67,0.62,46.6,1302,21.7,0,8,16,26.5,-2.57,0.5,471.1,0,2,2,105,MUV,Diesel,Ahmedabad,1.31
66.59,1.3,59.8,2567,46.7,0,1,2,34.3,-3.32,3.15,798.0,1,0,0,139,Sedan,Petrol,Kolkata,1.71
35.1,1.86,56.5,2283,51.2,2,12,20,32.7,1.82,1.2,197.8,0,1,0,100,MUV,Petrol,Bangalore,3.98
52.65,2.24,63.2,2520,57.1,1,10,36,35.0,0.72,1.01,113.8,1,1,2,137,Sedan,Petrol,Chennai,4.52
28.09,0.86,52.0,1547,32.1,1,24,12,31.6,0.0,4.75,89.6,0,1,0,164,SUV,Diesel,Bangalore,2.37
82.64,2.2,66.2,3268,71.7,0,1,3,30.5,4.29,4.74,481.1,1,0,1,163,SUV,Petrol,Hyderabad,4.76
47.06,1.79,60.6,2353,51.6,1,19,10,28.0,1.19,2.34,80.1,0,1,2,159,SUV,Petrol,Kolkata,4.03
39.59,1.37,61.9,1984,39.6,1,19,17,23.8,-1.86,2.52,504.5,1,1,1,112,MUV,CNG,Jaipur,2.35
36.9,1.82,58.0,2233,46.8,2,13,30,33.3,1.97,2.1,347.1,0,1,1,99,MUV,Diesel,Mumbai,3.92
24.68,1.97,59.3,2208,51.5,1,24,13,30.3,2.52,4.33,761.4,0,1,1,119,Sedan,Petrol,Bangalore,4.43
57.16,0.63,53.9,2000,28.0,1,19,33,35.6,-1.58,2.94,298.8,1,1,0,144,SUV,Diesel,Ahmedabad,1.62
24.26,1.04,49.7,1662,38.3,0,6,34,42.3,-0.48,4.27,698.4,0,1,0,179,SUV,Diesel,Delhi,2.62
38.83,1.45,61.0,2170,45.2,0,14,35,16.3,-3.06,1.85,778.7,1,1,2,83,Hatchback,Diesel,Jaipur,1.85
52.26,1.27,56.6,2409,47.0,0,16,39,25.4,-1.55,4.4,110.1,0,1,0,186,SUV,Petrol,Chennai,2.84
32.71,1.7,56.5,1904,47.7,2,5,11,20.6,1.79,0.68,218.4,0,2,0,77,Hatchback,Petrol,Delhi,3.64
63.92,0.76,61.0,2452,31.2,0,4,9,35.2,-1.32,3.29,769.1,1,0,1,178,SUV,Petrol,Hyderabad,2.19
39.13,1.36,54.5,1997,35.8,2,17,10,28.6,-3.26,4.34,382.2,0,1,0,89,Hatchback,Petrol,Pune,2.12
22.04,1.65,51.7,1885,43.6,1,9,16,33.0,1.8,3.18,75.2,0,1,0,187,SUV,Diesel,Mumbai,3.65
17.75,0.12,44.8,1133,9.1,1,7,14,22.4,-1.53,4.5,597.0,1,2,1,155,SUV,Diesel,Bangalore,1.1
40.69,2.09,56.1,2277,64.4,1,19,28,22.1,3.02,1.24,355.2,1,1,2,194,SUV,Petrol,Pune,4.94
31.27,1.63,55.7,2082,44.8,2,26,20,25.8,-3.68,3.97,591.1,0,1,0,147,SUV,Petrol,Hyderabad,2.65
67.85,1.58,62.8,2957,58.4,0,2,7,34.4,1.4,0.48,96.1,0,0,0,110,MUV,Petrol,Jaipur,2.98
76.47,2.03,66.4,3113,58.1,1,4,6,28.5,5.75,4.09,413.8,1,0,0,136,MUV,Petrol,Hyderabad,5.01
16.81,1.58,57.9,1708,49.8,1,6,12,43.0,-3.37,0.86,668.2,0,2,1,86,Hatchback,Petrol,Ahmedabad,2.49
61.8,0.46,55.5,2258,20.8,0,0,8,15.5,2.51,2.22,71.5,0,0,0,159,SUV,CNG,Lucknow,2.55
32.86,2.14,62.9,2187,62.4,1,13,8,26.0,0.38,0.28,591.4,1,2,0,152,SUV,Petrol,Mumbai,3.63
14.93,1.95,50.4,1701,46.2,1,13,21,30.7,8.08,1.16,8.1,1,2,2,89,Hatchback,Petrol,Jaipur,5.32
60.89,1.0,55.1,2413,43.2,0,3,1,30.7,-1.08,0.76,89.8,0,0,1,106,MUV,Petrol,Chennai,1.83
98.11,0.16,64.1,2818,28.7,2,3,2,30.0,-5.04,0.19,63.1,0,0,0,127,MUV,Petrol,Lucknow,1.3
29.3,0.21,48.5,1544,23.2,0,10,16,20.4,-3.85,2.52,580.0,1,2,0,95,MUV,Petrol,Pune,0.3
22.87,1.02,48.7,1661,46.2,2,3,19,26.6,-0.06,3.9,754.4,1,2,0,122,MUV,Diesel,Jaipur,2.22
30.27,0.93,49.2,1898,26.9,0,8,10,28.7,5.66,2.8,444.7,0,2,0,197,SUV,Petrol,Lucknow,3.83
29.16,0.66,52.6,1623,39.0,0,3,8,26.5,-2.95,4.16,438.0,0,2,1,128,MUV,Petrol,Mumbai,1.1
18.55,1.36,54.5,1859,43.7,2,13,21,33.5,2.02,2.98,489.9,0,2,0,119,MUV,CNG,Kolkata,3.63
33.89,1.93,66.8,2194,57.6,2,11,27,28.6,-2.65,2.17,594.0,1,1,0,126,MUV,Petrol,Pune,3.28
24.57,1.69,52.9,2110,50.9,0,12,13,22.8,-0.5,4.68,384.2,0,1,2,129,MUV,CNG,Pune,2.84
98.35,2.49,74.2,3480,76.9,0,0,1,25.9,-1.14,2.98,530.2,0,0,0,169,SUV,Diesel,Bangalore,3.53
53.96,1.84,60.5,2292,66.7,1,15,38,38.7,1.19,1.91,639.2,1,1,0,126,Sedan,Petrol,Jaipur,3.92
59.11,1.95,63.3,2601,62.6,1,10,24,43.1,-0.29,1.57,320.5,0,1,0,177,SUV,Diesel,Ahmedabad,3.69
51.92,0.7,47.7,1997,32.1,2,19,36,31.9,-3.24,4.53,785.4,1,1,0,138,MUV,Diesel,Ahmedabad,1.45
105.2,1.61,71.9,3411,62.5,0,2,5,29.3,1.77,3.88,367.5,0,0,0,70,Hatchback,Petrol,Kolkata,3.5
34.46,1.39,58.5,1856,46.5,2,22,38,29.4,-3.19,1.76,323.6,0,1,0,102,Sedan,Diesel,Ahmedabad,2.14
76.93,0.1,56.6,2562,31.4,2,0,5,18.5,-1.42,4.21,382.1,0,0,0,115,MUV,Diesel,Delhi,1.65
39.64,0.11,44.6,1631,20.5,0,27,12,24.8,0.37,0.38,405.5,0,1,0,72,Hatchback,Diesel,Hyderabad,0.69
108.03,2.28,72.8,3936,73.7,0,4,4,25.6,1.65,2.4,720.7,0,0,1,172,SUV,Petrol,Chennai,4.6
22.74,0.7,50.1,1425,23.5,1,28,34,34.9,4.11,1.61,39.2,1,1,0,138,Sedan,Diesel,Pune,2.95
48.31,1.34,56.1,2041,42.0,0,25,32,38.0,5.49,4.47,573.9,1,1,2,161,SUV,Petrol,Lucknow,4.47
16.6,2.31,55.6,1588,54.9,1,4,16,29.3,-0.55,3.58,388.0,0,2,1,182,SUV,Petrol,Mumbai,4.23
21.62,2.35,56.3,1680,57.3,1,2,7,38.6,-2.85,3.46,343.7,0,2,0,102,MUV,Diesel,Chennai,2.76
36.3,1.1,54.4,1765,37.4,1,7,33,34.9,1.27,2.23,415.0,0,1,0,123,Sedan,Diesel,Hyderabad,3.01
101.74,0.19,64.8,3332,30.6,2,3,4,20.8,-3.31,2.05,252.6,0,0,1,135,MUV,Petrol,Bangalore,2.3
98.32,0.31,63.5,2866,26.1,1,0,7,33.0,2.66,2.57,653.3,1,0,0,73,Hatchback,Diesel,Jaipur,2.65
42.71,0.75,55.0,2166,31.1,2,10,23,32.5,1.59,4.57,85.7,0,1,0,134,MUV,Petrol,Chennai,3.45
22.68,0.95,54.1,1429,32.1,1,13,22,20.8,3.3,1.6,787.3,0,1,0,105,Sedan,Diesel,Ahmedabad,2.74
104.52,2.01,69.0,3310,78.8,1,1,1,39.0,-1.68,4.97,480.0,1,0,1,108,Sedan,Petrol,Delhi,3.59
50.05,1.4,58.1,2123,46.6,0,10,19,44.4,1.0,1.23,599.3,0,1,1,102,Sedan,Diesel,Delhi,2.59
60.42,2.15,64.9,2525,60.8,2,3,3,20.0,3.28,2.22,92.4,0,0,2,113,Sedan,Diesel,Bangalore,4.36
57.15,2.11,59.0,2733,71.9,1,28,13,27.9,1.83,3.7,221.1,0,1,0,122,MUV,Diesel,Lucknow,3.3
64.56,0.48,55.1,2042,36.3,0,0,0,19.4,5.04,2.65,589.8,0,0,0,157,SUV,Diesel,Pune,2.62
89.61,2.45,70.9,3366,75.2,0,0,6,34.4,-1.74,0.3,754.6,0,0,2,107,Sedan,Petrol,Pune,3.72
22.13,1.23,50.8,1660,32.2,2,9,18,35.5,-2.19,0.27,581.4,0,2,0,190,SUV,CNG,Kolkata,3.0
52.3,0.96,51.6,1990,45.1,1,9,31,29.7,0.75,1.48,772.0,0,1,1,186,SUV,Petrol,Chennai,3.36
26.87,2.41,58.1,1916,62.8,1,18,20,28.5,0.39,0.11,746.5,0,1,0,129,MUV,Petrol,Chennai,4.15
30.34,1.35,49.9,1829,39.3,0,14,16,34.7,1.42,2.97,578.6,0,1,2,96,MUV,Petrol,Pune,3.03
25.8,0.38,46.9,1508,25.7,1,13,6,31.6,-4.76,1.18,444.8,0,2,0,82,Hatchback,CNG,Chennai,0.47
20.6,1.6,48.9,1992,39.5,0,27,11,30.0,0.57,0.97,761.4,0,1,0,111,MUV,Diesel,Kolkata,2.41
23.14,0.84,49.0,1550,31.5,2,26,29,32.5,9.04,4.04,213.5,0,1,1,142,Sedan,Petrol,Lucknow,5.58
47.44,2.37,59.7,2420,73.0,1,7,39,34.2,0.78,0.97,733.7,0,1,0,134,Sedan,CNG,Chennai,3.99
31.38,1.13,53.4,1609,41.2,0,11,20,22.8,2.89,1.41,38.9,0,2,0,93,MUV,Diesel,Kolkata,2.38
14.33,1.94,54.2,1593,49.4,1,5,14,24.4,-1.8,1.72,514.5,1,2,0,100,MUV,CNG,Chennai,2.43
52.5,0.33,53.0,2012,20.2,1,28,12,26.3,-6.43,0.69,750.3,1,1,0,130,Sedan,CNG,Bangalore,0.3
17.5,1.97,55.4,1698,47.9,1,7,7,27.4,-0.38,1.26,457.3,1,2,0,107,MUV,Diesel,Ahmedabad,2.5
21.22,1.81,52.6,1802,57.8,2,24,30,19.6,0.73,1.97,109.1,1,1,0,99,MUV,Diesel,Jaipur,2.93
29.02,1.43,53.6,1602,47.9,0,7,5,44.9,-4.39,4.74,661.8,1,2,1,89,Hatchback,Petrol,Jaipur,1.46
57.78,2.5,66.2,2844,74.2,1,17,19,32.1,3.64,0.63,796.0,0,1,0,110,MUV,Diesel,Hyderabad,4.31
24.41,0.52,44.3,1565,24.3,2,25,11,29.4,3.57,2.98,119.7,1,1,0,110,MUV,Petrol,Bangalore,2.8
83.95,1.65,66.3,3100,62.8,0,3,8,34.0,-4.03,3.47,412.1,0,0,2,90,Hatchback,Diesel,Mumbai,2.02
22.09,0.46,44.9,1647,23.5,0,13,6,39.8,3.11,1.65,476.0,0,2,1,189,SUV,Petrol,Hyderabad,3.03
62.85,1.88,66.8,2637,55.9,1,2,1,15.6,-1.09,3.36,327.6,0,0,2,106,Sedan,Petrol,Jaipur,3.35
62.15,1.62,63.6,2321,58.9,1,3,3,34.6,1.46,1.05,333.9,1,0,0,138,Sedan,Diesel,Chennai,2.85
40.13,0.77,57.3,1858,31.6,1,19,13,22.0,5.73,1.27,408.6,1,1,0,91,MUV,Petrol,Pune,3.41
83.66,1.25,69.5,2831,40.9,1,1,3,19.5,-4.24,0.75,730.6,0,0,2,93,Hatchback,Petrol,Jaipur,2.11
15.28,1.99,53.7,1698,59.1,1,6,7,25.2,-2.51,4.26,349.1,1,2,1,95,MUV,CNG,Kolkata,2.3
25.11,0.3,44.9,1471,28.2,1,9,12,25.7,0.6,2.56,380.6,1,2,2,98,MUV,CNG,Kolkata,1.5
79.03,0.47,53.5,2735,24.0,0,3,1,31.9,0.57,2.96,59.7,1,0,0,144,Sedan,Diesel,Pune,1.4
97.63,1.12,67.0,3099,39.6,0,3,6,30.3,-2.0,3.72,369.1,1,0,1,97,Hatchback,Petrol,Kolkata,2.06
39.72,1.73,52.6,1975,54.2,1,16,33,27.0,-0.46,2.01,163.3,0,1,2,179,SUV,CNG,Bangalore,3.31
31.45,1.3,51.6,1914,38.4,1,12,13,38.1,-1.7,0.25,548.2,1,2,0,91,MUV,Diesel,Jaipur,1.85
41.11,2.43,57.4,2359,60.7,1,17,19,28.2,2.6,0.93,305.2,1,1,1,184,SUV,Diesel,Bangalore,3.96
30.2,0.48,48.9,1412,17.8,2,21,12,42.1,1.66,1.37,394.1,0,1,1,176,SUV,CNG,Ahmedabad,3.25
57.97,2.23,65.9,2642,62.9,2,16,27,29.4,4.8,3.89,166.5,0,1,0,180,SUV,Petrol,Lucknow,6.05
47.81,1.25,63.3,2053,44.9,2,5,33,25.1,-3.3,2.74,278.0,0,1,1,99,MUV,Petrol,Delhi,2.64
24.12,0.81,43.7,1825,25.3,2,20,27,32.5,3.46,3.6,440.9,1,1,1,113,Sedan,Petrol,Hyderabad,3.65
62.11,0.17,50.3,2183,25.8,0,3,3,37.5,-5.91,2.52,445.7,0,0,0,93,Hatchback,Diesel,Chennai,0.3
36.2,2.18,59.3,2030,55.6,2,18,16,35.9,2.77,0.13,639.6,0,1,0,100,MUV,Diesel,Hyderabad,4.3
32.65,2.14,54.5,2065,56.5,0,12,18,25.5,3.01,2.14,477.4,0,1,2,71,Hatchback,Petrol,Chennai,3.65
92.61,0.6,58.5,2767,38.6,0,1,0,30.0,-1.6,2.59,126.0,1,0,1,103,Sedan,Petrol,Hyderabad,1.47
26.21,0.62,55.3,1488,25.5,1,5,5,37.2,1.33,2.98,636.6,0,2,0,161,SUV,Diesel,Kolkata,2.55
21.0,2.48,54.9,2074,68.5,2,13,12,16.2,3.4,1.5,709.2,1,2,0,158,SUV,CNG,Lucknow,4.88
110.53,0.54,63.2,3251,38.3,0,3,1,41.6,2.06,3.45,566.5,1,0,2,121,Sedan,Petrol,Delhi,3.33
26.47,1.11,56.0,1716,32.7,0,11,16,24.4,-3.26,2.79,705.0,1,1,0,141,Sedan,Petrol,Kolkata,1.47
95.56,1.64,60.1,3430,53.0,0,0,7,29.8,1.89,4.57,353.5,1,0,0,115,Sedan,Petrol,Bangalore,3.1
25.77,2.43,54.6,2032,49.8,2,24,20,25.6,-4.6,2.16,302.6,1,1,0,173,SUV,Petrol,Kolkata,3.06
14.04,0.17,43.7,1105,15.2,0,6,21,41.9,-4.34,1.0,412.1,0,2,1,93,Hatchback,CNG,Lucknow,0.5
108.56,2.22,76.9,3457,83.3,0,2,6,23.7,1.56,2.83,447.5,1,0,1,98,Hatchback,Petrol,Ahmedabad,4.29
32.3,0.59,50.4,1650,26.7,1,3,6,27.7,-0.54,3.21,551.7,1,2,0,195,SUV,Petrol,Lucknow,2.03
109.59,0.78,70.6,3142,47.6,1,4,0,40.0,0.24,3.13,171.2,0,0,1,164,SUV,Petrol,Chennai,3.67
86.84,2.43,73.4,3436,71.4,0,0,4,27.3,0.68,4.51,389.0,0,0,0,94,Hatchback,Diesel,Bangalore,3.46
12.78,1.06,54.6,1578,28.9,0,6,21,27.7,0.8,0.53,622.0,0,2,0,143,SUV,CNG,Kolkata,2.47
50.83,1.48,59.3,2071,47.7,2,5,18,33.8,0.26,3.01,792.1,1,1,0,96,Hatchback,Petrol,Delhi,3.44
24.71,0.15,46.4,1204,16.7,1,14,17,31.6,-1.57,4.88,138.2,1,2,0,119,Sedan,Petrol,Mumbai,1.27
43.49,2.2,56.9,2329,63.7,1,11,19,30.4,-6.52,0.42,459.4,0,1,0,158,SUV,CNG,Lucknow,2.18
51.87,1.32,61.0,2594,39.5,0,23,38,41.2,4.41,2.02,436.5,1,1,0,166,SUV,Petrol,Ahmedabad,4.25
25.45,2.27,58.8,2064,65.6,2,5,36,24.4,-0.03,4.94,82.7,1,1,0,192,SUV,Petrol,Bangalore,4.73
14.38,0.73,51.5,1296,41.4,0,8,11,36.8,-2.08,0.64,621.2,1,2,1,139,MUV,Petrol,Jaipur,1.6
70.31,1.33,64.5,2435,41.3,0,2,7,35.4,0.24,3.93,102.7,0,0,1,72,Hatchback,Petrol,Hyderabad,2.74
39.28,2.29,58.2,2252,61.0,1,27,11,25.9,-1.97,3.21,568.6,0,1,0,130,MUV,CNG,Pune,2.9
17.5,0.49,49.2,1328,28.3,1,14,12,37.4,4.82,3.8,116.4,0,2,2,124,Sedan,Petrol,Ahmedabad,4.05
24.61,1.49,56.7,1879,43.0,1,14,7,24.4,-0.84,2.19,642.9,0,2,2,88,Hatchback,Petrol,Pune,2.89
50.6,2.18,61.4,2417,56.4,1,28,30,25.1,-2.17,2.16,536.9,0,1,1,143,SUV,Diesel,Hyderabad,2.75
87.09,0.93,66.3,2812,51.6,0,3,4,16.5,-5.04,0.9,55.8,0,0,2,105,MUV,Diesel,Jaipur,1.22
117.48,2.03,77.0,3719,72.7,0,1,1,38.2,-3.2,2.73,194.9,0,0,1,167,SUV,Petrol,Ahmedabad,3.86
53.75,1.69,58.2,2611,55.2,2,14,39,27.1,-1.72,4.95,223.2,0,1,2,84,Hatchback,Diesel,Mumbai,2.83
26.34,0.26,43.7,1285,5.0,2,13,18,33.7,3.7,1.66,370.2,0,2,0,106,MUV,CNG,Ahmedabad,2.83
19.02,1.71,49.0,1593,46.6,0,6,14,39.2,-0.23,4.34,407.9,1,2,1,98,Hatchback,Petrol,Kolkata,2.7
25.66,2.44,61.2,2101,61.7,2,5,13,15.8,0.59,2.72,285.7,0,1,1,145,SUV,Petrol,Lucknow,4.93
42.64,1.39,56.9,2048,50.3,2,14,30,29.2,-1.46,0.44,195.1,0,1,0,163,SUV,Petrol,Jaipur,3.48
93.31,0.98,68.1,3141,41.6,0,0,6,39.3,1.75,3.04,639.2,0,0,1,141,Sedan,Diesel,Chennai,3.0
31.33,1.24,50.0,1644,39.8,1,2,24,28.5,2.11,0.6,539.3,0,2,0,193,SUV,Petrol,Hyderabad,3.71
31.27,0.83,53.4,1912,38.6,0,9,38,39.7,-4.99,4.74,313.6,0,1,0,146,SUV,Petrol,Ahmedabad,1.51
22.68,0.85,49.3,1455,25.8,1,11,18,24.2,-1.71,4.1,329.8,1,2,0,90,MUV,CNG,Chennai,1.38
25.95,1.07,51.0,1591,32.1,1,25,12,33.6,-5.24,1.07,64.4,0,1,2,106,Sedan,Petrol,Bangalore,1.39
20.52,1.26,51.7,1715,43.6,1,11,32,20.5,-0.55,4.54,39.6,0,1,0,117,MUV,Petrol,Pune,2.7
57.82,0.95,58.0,2434,36.2,1,25,22,32.0,4.25,4.57,372.5,1,1,1,124,MUV,Diesel,Kolkata,3.13
26.04,1.97,52.4,1739,52.6,0,21,21,22.9,-3.47,0.49,341.7,0,1,0,188,SUV,Petrol,Ahmedabad,2.38
93.56,1.16,61.5,2909,48.7,0,4,0,35.4,2.48,0.78,740.9,0,0,1,141,SUV,CNG,Pune,3.12
28.66,1.61,50.7,1992,41.0,0,14,11,33.5,-3.02,4.01,137.0,0,2,1,117,Sedan,Petrol,Hyderabad,1.92
53.06,1.55,59.2,2488,41.9,0,18,13,24.0,-1.97,2.67,117.3,1,1,0,135,Sedan,Diesel,Kolkata,1.82
43.41,1.93,53.7,2178,55.2,2,9,15,23.1,-2.13,3.12,142.8,0,1,2,97,Hatchback,CNG,Lucknow,3.11
54.42,1.3,53.7,2369,47.2,2,18,22,44.0,-0.51,1.64,339.9,0,1,0,79,Hatchback,CNG,Jaipur,2.94
115.81,1.37,69.8,3727,48.8,0,1,2,23.7,0.14,2.62,546.7,0,0,2,99,Hatchback,Diesel,Bangalore,2.93
22.96,0.32,46.5,1548,28.4,2,13,5,23.2,1.32,3.57,467.9,0,2,0,137,MUV,Diesel,Ahmedabad,1.96
82.82,1.87,65.1,3020,59.6,0,4,9,28.5,2.66,2.23,176.8,1,0,2,143,Sedan,Diesel,Jaipur,3.24
57.38,0.3,52.2,1773,27.2,1,18,26,27.6,-1.93,1.2,775.7,0,1,0,94,MUV,Diesel,Kolkata,1.28
13.75,1.64,48.5,1579,49.2,0,3,19,24.4,-2.94,3.72,583.8,0,2,1,131,Sedan,Petrol,Hyderabad,2.02
10.13,0.84,38.5,1252,26.9,0,9,17,27.0,3.74,2.53,319.1,1,2,1,184,SUV,Petrol,Pune,2.92
48.5,0.55,55.8,1967,25.5,2,21,23,16.6,1.34,2.25,434.3,0,1,0,128,MUV,Diesel,Jaipur,2.76
55.3,0.75,60.5,2539,24.7,1,21,28,39.8,0.94,1.68,69.9,1,1,2,165,SUV,Petrol,Hyderabad,3.52
73.25,1.0,62.7,2630,37.3,0,2,6,25.5,-0.26,0.18,102.7,0,0,0,157,SUV,CNG,Mumbai,2.02
30.48,2.09,59.9,1810,52.8,0,2,22,21.9,2.06,1.87,335.1,0,2,0,83,Hatchback,Petrol,Pune,3.61
21.8,2.16,53.4,2031,45.2,0,25,20,31.0,-1.64,4.2,545.5,1,1,0,141,Sedan,Diesel,Delhi,2.43
114.45,0.56,69.4,3282,36.7,0,4,4,27.1,-1.24,3.85,157.5,0,0,1,117,Sedan,Petrol,Ahmedabad,2.38
48.83,1.4,56.7,2130,49.1,0,23,29,39.0,-0.76,1.01,254.7,1,1,0,100,Sedan,Petrol,Delhi,2.33
92.7,2.07,71.8,3267,72.5,1,1,2,33.4,-4.11,2.48,412.6,0,0,0,112,Sedan,CNG,Hyderabad,2.71
29.07,2.22,54.2,1967,59.9,1,6,20,37.8,1.89,0.51,25.1,0,1,1,147,Sedan,Petrol,Mumbai,4.59
30.91,1.05,49.0,1805,43.8,1,9,7,26.7,3.64,2.09,157.4,0,2,0,77,Hatchback,Petrol,Chennai,3.22
119.46,1.5,73.9,4039,67.4,0,4,0,27.1,-1.92,0.22,432.8,0,0,2,122,Sedan,Petrol,Jaipur,3.3
107.38,1.85,68.7,3672,60.9,1,0,4,38.0,-2.98,1.15,118.7,0,0,0,129,Sedan,Diesel,Kolkata,2.77
40.03,0.2,49.2,1601,18.0,1,23,25,30.4,0.31,0.54,388.4,0,1,0,118,MUV,CNG,Bangalore,1.86
57.9,0.64,58.9,2220,36.8,1,27,36,19.0,4.99,0.82,724.5,0,1,0,95,Hatchback,Petrol,Jaipur,3.77
22.09,1.17,47.6,1575,38.5,0,25,17,28.9,-1.03,3.82,83.4,0,1,1,168,SUV,Petrol,Bangalore,2.53
84.52,0.45,64.7,2735,41.9,1,3,3,33.9,1.04,2.22,740.1,0,0,0,143,Sedan,Petrol,Kolkata,2.95
20.66,1.2,47.9,1487,40.4,1,13,15,39.2,2.72,3.88,98.6,0,2,0,119,Sedan,Petrol,Lucknow,3.57
116.78,0.67,63.4,3436,45.5,0,1,1,36.7,-4.51,2.99,320.5,1,0,0,100,MUV,Diesel,Jaipur,1.11
16.3,1.22,46.9,1522,42.1,2,7,15,20.7,-3.52,2.59,177.9,0,2,0,92,MUV,Diesel,Bangalore,1.65
77.65,1.91,65.8,3140,58.2,1,1,7,32.4,-4.61,0.2,396.8,0,0,0,124,MUV,Petrol,Bangalore,2.44
56.19,2.0,61.2,2627,62.0,0,11,13,30.7,0.32,1.43,377.6,0,1,2,112,MUV,Petrol,Pune,3.55
93.3,1.91,72.2,3154,62.2,0,0,3,31.6,1.22,4.16,448.0,0,0,0,135,MUV,Petrol,Kolkata,3.82
54.84,1.68,58.7,2485,62.7,2,14,30,32.3,1.18,3.67,6.7,0,1,0,95,MUV,Diesel,Pune,3.41
34.84,2.19,55.6,2073,60.1,0,5,10,29.2,-4.41,2.27,579.3,1,2,2,147,SUV,Petrol,Pune,2.26
49.9,2.29,56.1,2353,66.7,1,23,11,33.2,1.09,1.85,113.9,0,1,2,105,Sedan,Diesel,Chennai,3.54
20.33,1.33,50.9,1804,41.8,1,12,39,40.6,-3.14,4.0,575.0,0,1,0,136,Sedan,CNG,Chennai,2.34
53.99,1.15,58.6,2443,44.4,1,11,17,27.0,-3.84,2.08,49.0,0,1,2,118,Sedan,CNG,Mumbai,1.73
44.26,0.88,51.9,1859,42.1,1,11,30,35.2,1.59,3.67,390.6,0,1,2,143,Sedan,Petrol,Lucknow,3.59
80.26,2.39,69.7,3152,65.0,0,4,7,38.8,3.2,3.41,730.8,1,0,1,138,MUV,CNG,Lucknow,4.02
68.65,0.78,58.1,2420,27.5,0,0,2,18.9,-3.97,2.26,682.4,1,0,0,124,Sedan,Petrol,Jaipur,0.78
18.65,1.4,54.5,1592,35.7,1,3,7,33.0,-1.37,2.33,398.7,1,2,0,96,Hatchback,CNG,Delhi,2.32
11.4,1.12,47.7,1374,32.2,0,9,21,27.9,4.08,4.17,548.0,0,2,0,87,Hatchback,Diesel,Mumbai,2.64
34.39,2.19,58.5,2163,57.7,2,6,7,28.2,1.48,2.5,56.0,1,2,0,138,MUV,Petrol,Ahmedabad,4.21
108.52,0.96,69.1,3288,46.4,0,3,9,32.3,-0.96,3.72,217.9,0,0,0,75,Hatchback,Diesel,Kolkata,1.96
87.37,0.59,58.5,2808,41.7,0,3,9,36.3,-1.23,2.04,364.5,1,0,0,128,MUV,Petrol,Kolkata,1.5
42.8,1.02,52.6,1870,37.9,2,17,11,26.4,-4.73,2.29,57.9,1,1,0,98,Hatchback,Petrol,Hyderabad,1.2
88.61,1.5,66.4,3134,50.0,0,4,5,33.4,2.88,4.95,194.8,1,0,0,131,MUV,Diesel,Mumbai,3.05
109.98,1.31,65.8,3365,49.9,1,1,7,32.1,-0.04,4.65,130.3,1,0,0,94,Hatchback,Petrol,Ahmedabad,3.17
20.79,1.67,54.9,1512,47.9,1,11,20,33.7,4.21,2.68,769.3,0,2,0,98,MUV,CNG,Lucknow,4.11
40.68,0.65,52.8,1953,32.3,0,13,20,35.9,-0.57,4.31,532.8,1,1,0,122,Sedan,Petrol,Mumbai,1.72
28.18,2.02,55.0,2012,53.7,1,13,16,35.4,6.33,4.81,485.8,1,2,2,77,Hatchback,Petrol,Lucknow,5.03
78.65,0.24,56.2,2277,33.5,0,2,8,38.1,2.68,1.82,268.7,0,0,0,90,Hatchback,Petrol,Kolkata,2.25
15.62,1.72,49.7,1593,49.5,0,14,14,27.4,1.91,3.45,729.0,0,2,2,137,Sedan,Petrol,Mumbai,3.45
27.14,2.41,57.6,2176,61.8,2,28,14,31.1,7.14,3.76,168.4,0,1,0,92,Hatchback,CNG,Jaipur,5.2
21.54,2.44,58.5,1972,79.9,0,11,28,21.0,2.76,4.92,89.1,0,1,2,122,MUV,Petrol,Delhi,4.45
54.0,1.47,57.6,2614,43.1,1,21,36,30.3,0.01,4.49,83.8,0,1,1,78,Hatchback,Petrol,Ahmedabad,3.28
30.42,1.87,49.5,1973,42.0,1,28,22,33.1,0.48,4.05,357.5,0,1,2,98,MUV,Petrol,Lucknow,3.7
29.48,1.39,51.5,1949,47.9,1,9,26,16.2,-1.31,2.89,288.1,1,1,0,147,Sedan,Petrol,Lucknow,2.72
52.99,0.29,51.9,2203,26.3,1,14,24,37.9,-2.42,2.91,735.6,1,1,0,178,SUV,Petrol,Chennai,1.64
57.31,0.63,50.4,2189,41.2,1,27,17,29.5,2.85,2.25,522.0,1,1,0,115,MUV,Petrol,Bangalore,2.5
79.69,1.79,67.1,2886,53.6,0,0,8,26.8,5.3,0.91,763.9,1,0,1,77,Hatchback,CNG,Bangalore,3.65
59.57,1.16,57.7,2364,38.9,2,5,33,33.9,-2.64,1.95,167.6,0,1,0,81,Hatchback,Petrol,Bangalore,2.83
59.86,0.15,53.5,2330,26.5,1,7,29,26.8,5.91,0.62,265.7,0,1,0,122,Sedan,Diesel,Pune,2.95
35.25,1.66,61.2,2040,55.2,2,8,11,39.9,-0.72,0.26,741.3,0,1,0,75,Hatchback,Diesel,Ahmedabad,3.07
41.52,0.12,47.2,1559,26.5,1,5,24,36.5,-2.7,0.46,389.2,0,1,0,103,Sedan,Diesel,Mumbai,1.23
27.53,2.13,56.3,2138,58.2,1,2,20,33.4,1.56,1.85,706.3,0,2,0,97,MUV,Petrol,Mumbai,4.29
30.27,2.16,61.3,2211,64.2,2,18,14,31.1,-1.34,0.11,475.9,0,1,1,142,SUV,Diesel,Lucknow,3.58
87.04,0.88,69.4,2715,48.6,0,2,1,36.3,4.41,1.54,167.3,0,0,0,83,Hatchback,Diesel,Ahmedabad,2.74
30.77,1.62,54.3,1930,46.2,2,14,28,33.8,-1.33,2.71,91.7,0,1,0,118,Sedan,Diesel,Delhi,2.92
114.89,0.94,69.8,3528,47.2,2,2,3,22.9,-1.91,1.99,231.4,0,0,0,118,MUV,Diesel,Hyderabad,2.75
26.73,2.48,61.6,2373,62.8,0,3,15,15.3,1.35,3.33,684.2,0,2,1,163,SUV,Diesel,Jaipur,3.66
28.32,0.3,45.1,1362,23.0,0,14,31,36.9,-4.89,2.61,600.0,0,1,1,140,SUV,Diesel,Chennai,0.68
16.94,1.8,51.9,1789,49.7,1,6,6,33.1,1.92,2.01,709.8,1,2,0,96,Hatchback,Petrol,Ahmedabad,3.26
54.85,1.66,66.5,2334,56.9,1,12,37,41.3,-0.46,0.68,417.6,0,1,1,137,MUV,Diesel,Jaipur,3.42
34.17,1.33,54.5,1900,41.3,2,20,39,28.5,1.32,1.2,584.1,1,1,0,115,Sedan,Diesel,Ahmedabad,3.04
39.32,0.11,53.7,1646,22.8,0,19,35,27.2,3.72,1.21,238.4,0,1,2,120,Sedan,Diesel,Bangalore,2.12
32.32,2.34,63.4,2354,57.4,2,15,38,42.3,-2.11,2.47,258.5,0,1,1,164,SUV,CNG,Ahmedabad,4.36
31.81,2.06,59.3,2181,57.7,1,27,16,38.8,2.73,4.54,487.7,0,1,0,81,Hatchback,Petrol,Chennai,4.26
33.79,0.94,54.2,2051,38.8,0,14,16,36.2,-2.58,0.72,163.8,0,2,0,183,SUV,Petrol,Chennai,2.03
36.17,0.86,54.5,1765,35.6,2,27,37,30.5,0.59,4.29,488.3,1,1,0,83,Hatchback,Diesel,Hyderabad,2.53
31.83,0.55,44.4,1838,32.4,2,14,19,20.6,-2.55,0.84,622.8,0,2,0,110,Sedan,Petrol,Ahmedabad,1.74
43.74,2.34,64.1,2200,59.7,0,11,33,20.3,2.7,1.36,177.7,0,1,0,102,Sedan,Petrol,Bangalore,4.21
21.72,0.66,45.7,1452,25.6,1,8,17,42.0,-1.41,3.66,707.5,0,2,0,117,MUV,Diesel,Lucknow,1.55
31.69,2.07,53.1,1945,51.5,0,13,19,26.4,-1.54,4.55,96.5,1,1,0,175,SUV,Petrol,Chennai,2.78
33.76,1.67,49.8,2026,47.4,0,7,8,24.5,-4.55,2.25,309.6,0,2,1,87,Hatchback,Petrol,Kolkata,1.27
22.81,1.45,50.2,1566,38.9,1,14,35,32.8,1.2,3.63,176.0,0,1,2,97,MUV,Petrol,Lucknow,3.95
45.04,1.8,60.8,2108,49.9,1,27,33,28.2,0.56,3.37,390.8,0,1,0,90,Hatchback,CNG,Mumbai,3.17
22.3,0.29,47.9,1120,26.7,1,14,22,27.1,-1.34,2.29,269.3,0,2,0,196,SUV,Petrol,Kolkata,2.05
23.03,2.13,59.5,2034,56.0,0,5,24,38.1,-1.21,3.06,678.5,0,1,1,125,Sedan,Diesel,Ahmedabad,3.01
59.44,2.09,63.8,2891,60.4,0,8,29,25.2,-1.58,1.62,120.0,0,1,0,99,Hatchback,CNG,Pune,2.55
56.56,0.5,51.1,1867,31.4,1,21,11,24.5,-2.81,0.16,325.6,0,1,1,107,MUV,Petrol,Bangalore,1.15
28.43,2.37,53.2,1855,62.8,2,3,17,33.4,1.5,3.36,503.3,1,2,1,87,Hatchback,Diesel,Hyderabad,3.73
27.47,0.99,51.5,1707,24.4,0,11,22,28.0,7.51,4.26,450.5,1,2,0,98,Hatchback,Petrol,Hyderabad,3.55
23.6,0.93,55.3,1697,25.6,1,27,34,43.3,4.53,4.31,286.2,0,1,0,78,Hatchback,Petrol,Lucknow,4.13
22.14,1.84,54.8,1588,43.4,1,10,21,34.4,2.67,1.16,573.4,0,2,2,158,SUV,Petrol,Ahmedabad,4.83
55.94,1.95,66.2,2449,54.2,2,8,24,23.5,-1.0,3.3,429.6,0,1,0,194,SUV,Diesel,Pune,3.51
27.18,0.4,47.0,1491,13.9,2,14,29,32.0,-1.57,1.67,3.1,0,1,0,70,Hatchback,Petrol,Bangalore,1.92
31.63,1.74,56.9,1986,54.0,1,13,8,30.1,-3.22,1.4,96.8,0,2,0,127,MUV,Petrol,Kolkata,2.48
97.32,0.13,62.0,2671,39.4,1,4,2,32.8,-4.67,0.75,365.5,1,0,0,89,Hatchback,Petrol,Ahmedabad,0.75
19.97,0.69,48.0,1471,24.2,0,6,21,25.6,-1.06,1.72,467.7,0,2,0,105,MUV,CNG,Mumbai,1.54
53.84,0.17,51.8,2286,18.7,0,23,33,27.6,1.81,1.9,710.8,0,1,0,121,MUV,Diesel,Bangalore,1.78
24.47,1.98,57.8,2176,53.1,2,7,14,24.4,1.46,4.4,126.6,1,1,2,143,SUV,Diesel,Chennai,3.99
24.49,1.45,52.8,1680,34.1,0,14,9,29.3,-0.01,1.52,362.2,0,2,0,94,MUV,Petrol,Delhi,2.31
68.04,0.57,60.7,2483,34.0,2,1,7,43.2,1.57,1.64,396.5,1,0,0,90,Hatchback,Petrol,Delhi,3.11
63.59,1.35,64.0,2566,45.3,1,4,9,24.8,1.75,2.35,507.9,1,0,0,109,Sedan,Petrol,Delhi,3.22
36.8,1.39,55.2,1781,43.1,1,29,18,21.6,2.56,1.3,666.3,1,1,0,140,Sedan,Diesel,Delhi,3.03
33.24,0.67,52.3,1667,25.6,2,12,10,23.3,-3.92,3.7,241.7,0,2,0,136,MUV,Petrol,Bangalore,1.58
99.18,0.84,70.3,3051,44.3,1,1,5,25.5,2.61,4.57,608.3,0,0,2,76,Hatchback,CNG,Mumbai,3.3
34.28,0.56,47.5,1998,23.8,1,6,8,38.8,3.28,4.85,39.9,0,2,0,99,MUV,Diesel,Kolkata,2.43
39.03,1.85,56.3,2252,45.7,1,21,21,23.8,2.05,3.86,122.0,1,1,0,179,SUV,Petrol,Bangalore,4.09
27.26,0.89,50.9,1758,32.8,2,28,10,28.5,-4.09,4.0,0.5,0,1,0,71,Hatchback,Petrol,Ahmedabad,1.37
81.85,1.6,67.8,2951,54.5,1,2,4,34.1,-8.78,2.66,406.3,0,0,0,95,MUV,CNG,Pune,0.89
28.43,1.0,54.2,1655,36.1,1,29,11,39.7,-1.04,3.31,278.7,0,1,0,142,SUV,Petrol,Lucknow,2.54
30.0,0.44,44.0,1466,24.3,2,20,32,42.1,-1.37,2.37,686.8,0,1,0,92,MUV,Petrol,Jaipur,2.11
50.89,1.6,57.4,2146,52.3,0,6,37,23.6,-4.02,3.59,684.8,0,1,1,166,SUV,Diesel,Lucknow,2.14
35.28,2.29,62.0,1942,59.1,1,13,20,20.9,5.67,2.46,667.6,0,1,0,186,SUV,Diesel,Pune,4.81
29.66,0.85,56.4,1586,32.0,2,7,5,29.6,-4.87,1.36,760.9,1,2,0,104,Sedan,CNG,Delhi,1.21
116.27,0.67,66.9,3593,42.1,1,3,5,33.7,-2.64,4.18,261.1,1,0,0,103,MUV,Diesel,Hyderabad,1.79
115.7,0.55,65.4,3320,42.8,0,4,3,28.5,-1.12,0.62,778.0,0,0,1,135,MUV,CNG,Chennai,2.28
63.99,0.13,51.6,2227,30.7,1,1,8,28.2,2.54,2.33,306.2,1,0,0,144,Sedan,Diesel,Kolkata,2.01
50.32,1.73,57.1,2466,49.1,1,9,37,21.6,0.96,0.66,28.5,0,1,0,186,SUV,Petrol,Pune,4.1
75.51,2.19,69.0,2901,62.4,1,1,2,33.0,0.0,4.88,87.3,0,0,0,182,SUV,Diesel,Lucknow,3.41
26.69,0.43,47.8,1531,29.2,0,13,18,34.2,2.36,1.2,268.8,1,2,0,74,Hatchback,Petrol,Pune,2.08
50.2,2.14,56.4,2464,54.3,1,11,15,17.2,3.51,1.85,56.7,0,1,0,115,MUV,Petrol,Lucknow,4.25
100.82,0.28,63.0,2803,23.8,1,0,8,20.6,6.42,4.63,603.2,0,0,0,104,MUV,Diesel,Bangalore,3.26
72.22,1.32,64.4,2718,52.9,0,1,5,25.7,-0.77,2.22,283.6,0,0,0,71,Hatchback,Petrol,Chennai,1.95
26.18,0.71,46.3,1234,36.0,1,14,14,39.9,5.48,2.18,663.8,1,1,1,98,MUV,Petrol,Kolkata,3.55
116.96,0.82,70.5,3468,42.6,1,4,5,36.0,4.35,0.69,352.6,0,0,0,140,Sedan,Petrol,Chennai,4.64
32.53,1.13,52.1,1969,39.4,0,5,14,20.1,1.94,4.3,713.4,1,2,1,195,SUV,Petrol,Ahmedabad,3.03
87.76,1.21,58.6,2860,56.3,0,2,3,31.2,7.55,3.69,524.1,0,0,0,80,Hatchback,Petrol,Chennai,4.12
34.25,1.16,54.3,1888,37.7,2,10,12,25.1,-0.46,1.15,169.9,0,2,0,90,Hatchback,Diesel,Bangalore,2.24
48.87,0.92,54.0,2217,36.1,0,16,32,29.7,-2.6,3.89,567.2,1,1,2,74,Hatchback,Petrol,Chennai,1.48
84.52,1.05,54.2,2941,44.7,1,2,7,34.3,2.58,1.46,674.1,0,0,0,197,SUV,Diesel,Hyderabad,3.13
54.01,0.7,52.4,2248,24.7,1,5,35,23.7,-0.14,1.02,773.7,0,1,0,89,Hatchback,Petrol,Kolkata,2.17
105.67,2.47,75.9,3345,79.8,0,3,7,39.4,2.36,0.59,299.7,1,0,0,139,Sedan,Diesel,Ahmedabad,4.31
64.83,0.76,53.1,2386,36.3,0,1,1,35.2,-1.21,2.19,249.4,1,0,0,98,Hatchback,Petrol,Pune,1.31
29.56,2.15,51.3,1954,63.6,2,14,14,33.4,1.59,3.69,492.5,0,1,2,81,Hatchback,Petrol,Bangalore,4.32
31.09,0.77,47.7,1608,34.7,1,11,23,27.7,-2.54,3.43,542.5,0,2,0,78,Hatchback,Petrol,Chennai,1.46
43.76,0.84,60.6,2100,29.1,1,27,36,20.9,-8.0,3.27,160.2,1,1,0,188,SUV,Petrol,Ahmedabad,1.02
23.42,2.35,54.9,1887,62.2,1,27,28,27.8,-5.88,2.98,480.1,1,1,1,89,Hatchback,Diesel,Pune,1.84
40.29,0.84,52.9,1967,34.6,1,27,14,22.4,-2.72,1.24,248.5,0,1,2,100,Sedan,CNG,Hyderabad,1.71
24.17,0.86,49.9,1258,22.4,0,19,35,31.9,-5.47,2.93,788.7,0,1,2,136,MUV,Diesel,Hyderabad,1.24
10.23,1.54,47.8,1345,37.4,1,11,5,26.5,1.06,3.63,338.1,0,2,1,73,Hatchback,Petrol,Bangalore,3.19
28.32,0.45,46.6,1646,19.4,1,8,16,25.7,0.44,1.42,528.8,0,1,2,173,SUV,Diesel,Lucknow,2.25
29.04,2.42,52.9,2109,67.2,0,11,15,22.7,1.87,4.13,237.5,0,2,2,127,Sedan,Petrol,Kolkata,4.17
52.27,1.03,52.5,2147,33.1,0,12,33,32.6,1.36,1.27,304.6,1,1,1,87,Hatchback,Petrol,Hyderabad,2.36
45.19,0.88,52.0,2035,34.6,2,29,26,35.9,1.91,1.92,725.7,0,1,1,185,SUV,Petrol,Pune,3.93
82.9,1.47,69.3,3035,50.1,0,2,5,23.4,0.6,4.63,407.3,1,0,0,98,MUV,Petrol,Pune,2.73
11.42,0.17,43.6,999,18.5,1,2,24,44.0,-0.27,2.19,280.1,0,2,2,98,MUV,CNG,Delhi,2.29
21.36,2.33,55.4,2021,63.9,1,10,6,41.9,2.7,3.37,18.8,0,2,0,77,Hatchback,Petrol,Jaipur,4.18
55.75,1.64,56.2,2439,49.5,2,28,11,31.2,-0.96,0.62,312.3,0,1,1,84,Hatchback,Diesel,Hyderabad,2.76
20.7,1.47,48.2,1735,39.1,0,9,6,24.3,-5.27,4.28,365.2,1,2,0,148,Sedan,CNG,Bangalore,0.77
32.38,1.67,55.5,2073,45.6,2,10,20,26.3,1.78,2.11,424.1,1,1,0,154,SUV,Petrol,Bangalore,4.23
21.79,2.04,55.8,1765,47.7,1,8,36,28.4,0.57,2.44,253.2,0,1,0,94,MUV,Diesel,Ahmedabad,3.06
27.85,0.2,45.6,1225,20.9,0,25,37,22.8,-6.0,3.65,383.5,0,1,0,119,MUV,CNG,Pune,0.3
12.44,2.02,48.5,1829,49.0,0,7,13,34.4,3.05,2.07,796.0,0,2,0,145,Sedan,Diesel,Pune,3.37
18.06,1.43,50.5,1366,38.4,2,9,20,29.1,-5.09,4.19,377.6,0,2,0,78,Hatchback,Diesel,Bangalore,1.55
52.44,1.55,59.4,2579,46.6,2,10,37,29.0,4.14,1.73,561.6,0,1,0,100,MUV,Petrol,Pune,4.72
31.57,0.23,50.4,1575,17.3,2,21,29,26.5,-3.08,0.93,725.2,1,1,0,94,MUV,CNG,Hyderabad,1.1
29.21,1.98,50.9,1903,52.9,1,29,12,43.0,-4.69,0.83,181.3,0,1,0,102,MUV,Petrol,Delhi,2.3
24.36,2.07,62.1,2308,49.5,0,7,19,23.4,-3.55,3.2,35.8,0,2,0,71,Hatchback,Petrol,Hyderabad,2.41
61.15,2.48,67.0,2811,62.3,2,0,6,23.5,0.04,2.06,259.7,0,0,0,116,MUV,Diesel,Kolkata,3.52
43.66,1.84,65.6,2230,56.6,2,7,31,25.4,3.04,1.89,334.3,0,1,2,93,MUV,Petrol,Ahmedabad,4.98
52.53,0.94,53.2,2274,37.2,1,18,31,43.3,0.22,2.33,646.5,0,1,0,73,Hatchback,Diesel,Delhi,2.4
19.79,0.3,45.4,1413,18.4,1,14,6,42.6,-5.24,1.51,614.6,0,2,2,118,Sedan,CNG,Lucknow,0.96
31.06,2.08,58.4,1777,52.6,0,25,29,22.8,2.94,0.29,92.7,0,1,1,106,MUV,Petrol,Kolkata,4.24
57.82,1.66,62.1,2474,47.7,0,12,18,22.3,1.7,0.81,141.0,1,1,0,115,Sedan,CNG,Bangalore,2.91
76.52,0.59,63.9,2382,35.8,0,4,6,27.8,1.16,4.77,132.7,0,0,0,73,Hatchback,Petrol,Chennai,2.17
45.8,2.33,64.2,2345,75.2,2,7,25,29.6,0.84,4.19,764.2,0,1,0,150,SUV,CNG,Bangalore,4.19
67.22,0.24,54.4,1936,20.8,2,1,9,35.2,-0.19,2.15,511.7,1,0,2,156,SUV,Petrol,Ahmedabad,2.76
12.3,1.06,42.7,1439,29.4,0,3,13,30.3,-3.86,4.48,406.1,1,2,0,78,Hatchback,Petrol,Kolkata,0.64
72.49,1.79,65.5,3112,61.1,0,1,6,26.8,1.46,3.03,465.3,0,0,1,76,Hatchback,CNG,Delhi,3.13
104.45,1.39,68.1,3511,52.2,0,2,8,24.6,2.55,0.13,684.2,1,0,0,192,SUV,Petrol,Lucknow,3.77
50.67,1.12,51.6,2095,43.6,2,17,37,32.8,-0.58,3.91,675.2,1,1,0,192,SUV,CNG,Chennai,3.11
39.17,0.31,50.2,1488,23.9,1,17,30,34.4,-2.38,4.73,578.2,1,1,1,132,Sedan,Petrol,Hyderabad,1.49
116.1,0.68,62.2,3382,49.1,1,2,9,34.5,1.28,4.25,355.9,1,0,0,92,Hatchback,Diesel,Hyderabad,2.6
22.01,2.16,52.7,1687,63.0,1,6,15,35.2,-2.16,1.85,765.3,0,2,1,164,SUV,Petrol,Pune,3.9
17.01,1.89,54.3,1827,46.2,1,11,16,16.6,0.42,3.29,689.7,0,2,0,121,Sedan,CNG,Lucknow,3.33
54.75,0.49,54.2,2079,25.0,1,7,22,31.5,-1.72,4.51,69.2,0,1,0,139,Sedan,CNG,Ahmedabad,1.68
53.97,1.52,54.0,2443,46.9,1,9,28,20.8,2.78,0.58,657.5,0,1,0,152,SUV,Diesel,Lucknow,3.24
20.68,0.68,48.0,1325,21.5,0,5,10,19.7,-2.69,2.58,718.3,1,2,0,93,Hatchback,Diesel,Pune,0.82
41.0,0.28,51.5,1617,14.8,1,24,14,34.7,0.38,0.58,639.7,1,1,0,145,SUV,Diesel,Pune,1.82
76.54,1.14,61.8,2544,49.0,0,3,3,22.8,2.55,1.33,210.5,0,0,0,72,Hatchback,Petrol,Ahmedabad,2.78
58.33,0.71,60.7,2582,31.2,2,26,28,35.4,2.31,4.01,432.0,1,1,2,148,SUV,Petrol,Mumbai,3.86
25.54,2.19,55.1,2124,52.2,2,13,14,43.5,-0.1,0.68,692.4,0,1,0,141,SUV,Petrol,Jaipur,4.31
18.61,1.98,60.3,1582,57.8,1,2,22,29.5,2.81,3.44,516.7,0,2,0,178,SUV,Petrol,Hyderabad,4.96
22.73,2.12,56.8,2054,64.7,1,2,23,26.1,-2.92,4.2,280.5,1,2,0,100,MUV,Petrol,Lucknow,2.51
94.62,2.34,67.5,3508,78.1,0,3,3,23.3,1.04,4.77,51.5,1,0,0,193,SUV,Diesel,Ahmedabad,3.56
34.26,1.93,48.9,2051,60.7,1,10,6,33.8,-1.41,3.22,194.5,0,2,2,130,Sedan,CNG,Mumbai,2.86
23.76,1.0,50.5,1804,34.1,1,10,8,35.9,1.17,4.37,322.7,1,2,0,105,Sedan,Petrol,Mumbai,2.73
24.66,0.87,49.2,1435,34.6,0,24,30,20.0,0.44,3.71,111.4,1,1,1,95,MUV,Diesel,Delhi,1.79
24.4,0.36,48.4,1338,22.4,2,11,38,41.8,-5.96,4.21,39.3,0,1,0,96,Hatchback,Diesel,Chennai,1.02
33.79,1.54,56.7,2039,42.1,0,29,27,21.6,-0.66,3.98,443.0,0,1,2,142,SUV,Petrol,Pune,2.99
12.63,1.79,46.0,1812,43.0,0,10,14,33.0,-0.42,3.5,147.2,1,2,0,97,Hatchback,Petrol,Mumbai,2.36
10.92,2.19,51.3,1688,47.3,1,12,23,36.8,2.97,1.11,146.0,1,2,1,99,MUV,Diesel,Kolkata,3.7
14.1,1.35,50.1,1382,43.1,1,14,19,26.6,-2.23,2.28,643.4,0,2,1,156,SUV,Petrol,Mumbai,2.7
30.9,1.81,52.2,1926,52.2,0,2,5,19.9,-1.69,1.45,612.5,1,2,1,193,SUV,Diesel,Pune,2.22
57.76,2.22,61.9,2588,65.3,1,25,26,35.4,1.89,0.16,774.8,0,1,0,132,Sedan,Petrol,Delhi,4.4
33.15,0.66,47.3,1698,37.5,2,13,15,25.3,1.63,3.03,83.5,1,1,0,139,MUV,Petrol,Pune,2.81
54.43,1.55,55.0,2567,43.3,1,25,31,30.1,0.07,3.63,640.7,0,1,0,156,SUV,Diesel,Bangalore,3.03
30.42,2.03,58.5,1990,52.2,1,25,18,20.1,2.42,1.07,699.8,0,1,1,71,Hatchback,Diesel,Lucknow,3.43
70.36,1.65,63.1,2714,58.3,0,4,3,28.8,2.11,4.07,510.2,0,0,0,119,Sedan,Petrol,Hyderabad,3.31
88.21,1.69,66.7,3110,54.5,0,4,3,29.0,-5.32,4.66,565.7,0,0,1,72,Hatchback,Petrol,Pune,1.52
103.4,1.09,65.4,3249,45.5,0,2,7,39.0,3.69,3.3,318.0,1,0,0,168,SUV,Petrol,Delhi,4.06
28.8,1.96,56.2,2112,52.5,1,9,23,33.2,3.15,3.22,371.8,1,1,0,114,MUV,Diesel,Chennai,3.38
26.13,2.47,55.6,2067,70.3,1,14,28,21.3,1.1,1.41,417.6,1,1,1,163,SUV,Diesel,Pune,3.79
118.76,2.25,79.5,3871,79.0,0,0,6,27.1,2.02,3.24,303.5,1,0,1,75,Hatchback,Diesel,Chennai,4.03
14.83,2.2,50.2,1803,55.7,1,13,21,27.7,2.54,0.71,472.4,0,2,1,89,Hatchback,Petrol,Mumbai,4.27
74.6,1.85,66.6,3067,59.0,2,1,6,23.3,-4.22,3.05,745.7,0,0,1,100,MUV,Petrol,Pune,2.85
36.31,0.24,44.9,1305,28.4,2,6,20,39.1,2.63,0.73,779.2,0,1,0,127,Sedan,Petrol,Chennai,2.93
21.54,1.58,51.3,1635,46.4,2,9,37,21.5,-0.26,2.61,5.9,1,1,1,124,MUV,Petrol,Jaipur,3.58
23.14,0.91,44.7,1540,35.2,2,28,11,35.2,-1.0,2.78,326.8,0,1,2,148,SUV,Diesel,Ahmedabad,2.31
116.12,1.6,74.4,3892,59.6,0,3,5,31.8,-2.22,4.18,377.8,1,0,0,154,SUV,Diesel,Hyderabad,2.48
21.87,1.67,53.0,1763,52.3,2,8,17,28.7,4.28,1.08,88.4,0,2,0,175,SUV,Diesel,Bangalore,4.06
18.94,2.34,55.5,1940,58.9,0,10,11,24.0,-1.41,1.62,81.9,1,2,0,94,Hatchback,Petrol,Lucknow,2.89
16.5,1.36,52.0,1379,39.4,0,14,11,25.7,-2.66,2.76,483.7,0,2,2,130,MUV,CNG,Jaipur,2.12
23.4,1.61,55.8,1505,36.4,0,18,13,40.1,4.22,1.46,406.5,0,1,0,118,Sedan,Diesel,Chennai,3.35
17.12,1.63,50.8,1798,41.2,1,6,14,34.0,-2.18,2.13,670.4,1,2,0,94,Hatchback,Diesel,Mumbai,1.99
90.28,2.31,71.4,3285,75.7,0,4,5,33.5,-2.86,4.18,203.7,0,0,2,72,Hatchback,Diesel,Jaipur,2.65
52.18,2.07,60.3,2733,59.3,2,28,22,36.7,1.46,3.26,148.7,0,1,0,137,Sedan,CNG,Mumbai,4.29
87.2,1.03,66.4,3194,45.2,0,3,7,27.5,-4.36,4.43,694.9,0,0,0,173,SUV,Diesel,Chennai,1.59
32.31,1.54,57.6,1902,45.2,1,5,6,23.7,1.54,1.0,780.2,0,2,1,121,MUV,Petrol,Jaipur,3.39
26.43,0.63,49.5,1394,32.2,1,11,17,31.4,3.88,1.65,700.4,1,2,0,84,Hatchback,Petrol,Bangalore,2.85
28.57,0.24,51.9,1487,21.0,1,9,12,44.7,0.77,2.16,631.0,0,1,0,126,Sedan,Petrol,Delhi,2.32
62.77,0.44,55.7,2112,36.5,1,0,6,22.5,-2.78,2.83,24.8,1,0,0,173,SUV,Diesel,Pune,1.06
31.76,1.27,54.9,1807,45.8,2,12,11,29.5,-0.54,1.24,192.8,1,2,0,140,SUV,Petrol,Mumbai,3.17
36.34,1.68,59.2,1734,48.2,0,17,10,31.0,0.4,1.82,583.8,1,1,2,170,SUV,Diesel,Kolkata,2.8
76.88,2.22,67.5,3114,68.7,1,0,9,36.7,1.06,4.72,335.9,0,0,0,126,Sedan,Petrol,Hyderabad,4.37
20.33,1.79,53.6,1834,37.3,1,9,11,38.1,1.29,0.48,106.7,0,2,1,125,MUV,CNG,Chennai,3.69
101.95,2.44,75.3,3755,81.2,0,2,6,21.0,-1.17,4.27,182.9,0,0,2,139,MUV,Petrol,Bangalore,4.13
18.91,2.29,52.5,2159,57.9,0,14,8,36.1,0.43,0.22,109.3,0,2,1,102,Sedan,CNG,Lucknow,3.07
13.01,2.46,52.7,1737,65.6,0,13,5,39.2,0.39,4.19,319.5,0,2,0,126,MUV,Petrol,Chennai,3.63
76.97,0.6,58.5,2305,43.4,1,0,7,34.3,5.84,3.9,659.1,1,0,0,110,Sedan,Petrol,Jaipur,3.61
12.08,0.57,44.1,1152,23.0,1,12,6,18.3,0.63,4.69,706.5,1,2,1,98,MUV,Petrol,Delhi,1.81
39.04,1.22,51.6,1936,43.7,1,10,38,31.9,2.67,1.14,356.2,1,1,1,148,SUV,Petrol,Bangalore,3.62
30.95,1.94,57.0,2081,53.5,2,20,33,28.2,-3.21,4.44,636.0,0,1,0,79,Hatchback,Petrol,Pune,2.99
25.32,2.26,58.3,2092,66.2,1,8,16,28.6,1.16,2.82,650.7,0,1,2,151,SUV,Diesel,Lucknow,4.05
24.2,1.55,56.4,1653,50.5,1,13,16,31.3,-4.09,3.84,344.9,0,1,0,71,Hatchback,Diesel,Jaipur,1.46
40.01,0.98,56.6,1623,46.8,0,19,21,26.0,-3.88,2.56,254.3,0,1,1,127,Sedan,Diesel,Chennai,1.14
44.2,0.29,48.8,1996,23.4,2,26,38,35.4,5.47,0.53,390.3,0,1,0,178,SUV,CNG,Delhi,4.06
40.63,2.01,50.2,2318,65.2,2,19,17,23.4,-4.12,4.11,144.2,0,1,0,194,SUV,Petrol,Jaipur,2.83
56.2,1.23,58.6,2517,41.3,1,26,18,28.5,-3.0,2.98,207.9,0,1,0,120,Sedan,Diesel,Pune,1.64
34.5,1.25,55.1,2225,45.9,2,6,18,15.3,0.58,3.7,272.7,0,2,0,73,Hatchback,Petrol,Lucknow,3.27
28.24,2.25,57.6,2022,56.4,0,11,5,34.4,-1.01,3.34,609.2,0,2,0,90,Hatchback,CNG,Lucknow,2.94
27.37,0.22,40.6,1402,12.1,1,9,21,19.6,1.96,4.15,49.2,0,1,0,84,Hatchback,CNG,Delhi,1.81
47.64,2.21,56.2,2614,66.0,1,7,17,30.6,4.09,0.35,612.4,1,1,1,93,Hatchback,Petrol,Bangalore,4.38
83.66,2.33,70.6,3159,65.6,0,1,3,24.7,-2.46,4.97,120.0,0,0,0,101,MUV,Petrol,Chennai,2.81
29.13,1.31,51.0,1876,37.0,0,8,7,31.7,2.41,1.68,405.0,0,2,1,139,Sedan,Petrol,Pune,2.97
54.58,2.47,71.4,2794,66.7,1,10,31,37.9,1.53,2.6,216.8,0,1,0,84,Hatchback,CNG,Hyderabad,4.47
83.82,1.78,68.4,3177,65.7,0,2,7,38.8,-5.05,2.33,234.4,1,0,0,173,SUV,Diesel,Kolkata,1.91
21.58,2.47,62.5,1845,69.8,0,13,19,36.8,-2.69,4.53,399.1,0,2,1,105,Sedan,Petrol,Kolkata,3.34
32.8,2.42,51.9,2150,65.3,2,5,18,38.0,-1.58,2.86,324.3,1,2,1,114,MUV,Diesel,Ahmedabad,3.3
98.86,2.35,72.1,3549,82.8,0,4,7,29.0,-2.78,2.63,301.0,0,0,0,90,Hatchback,Petrol,Bangalore,3.2
33.13,0.66,50.8,1681,26.2,2,15,30,28.3,3.1,1.69,747.4,0,1,0,84,Hatchback,Petrol,Bangalore,3.39
113.55,1.44,75.8,3786,65.4,1,1,0,18.7,2.09,0.76,715.4,1,0,0,152,SUV,Diesel,Lucknow,3.76
31.39,1.64,53.6,1982,40.0,1,9,20,26.5,-0.18,1.28,391.3,0,2,0,160,SUV,CNG,Chennai,2.84
36.92,0.36,47.0,1750,10.7,2,14,17,39.8,-1.4,4.02,229.6,0,1,0,100,MUV,Petrol,Delhi,1.9
97.31,0.97,64.4,3033,41.5,0,1,4,36.8,-0.51,2.78,487.2,1,0,2,103,Sedan,Petrol,Lucknow,2.74
30.91,1.83,54.7,2111,45.8,2,29,23,27.5,-4.81,4.16,565.7,0,1,0,141,Sedan,Petrol,Delhi,2.66
90.35,0.53,58.8,2909,34.6,0,3,8,23.9,-4.31,0.15,791.8,0,0,0,115,Sedan,Petrol,Pune,0.98
38.11,2.01,62.2,2365,58.7,2,20,31,25.7,2.42,0.6,516.4,1,1,2,103,Sedan,Diesel,Mumbai,3.95
32.2,0.64,48.7,1697,31.2,1,10,14,22.1,-2.09,1.74,398.8,1,2,0,120,MUV,Petrol,Delhi,1.23
26.35,1.47,57.6,1653,48.0,0,4,21,18.1,-0.55,3.11,123.0,0,2,0,165,SUV,Petrol,Lucknow,3.17
95.27,2.1,70.1,3626,63.9,1,2,7,20.0,1.04,4.28,195.7,0,0,1,82,Hatchback,Diesel,Pune,3.73
70.15,1.39,58.1,2494,51.5,1,3,5,33.8,-2.86,3.57,110.7,1,0,1,147,Sedan,Diesel,Bangalore,1.87
42.65,1.11,53.0,2108,35.1,1,8,39,31.2,-2.7,1.72,101.0,0,1,1,140,Sedan,Petrol,Mumbai,2.72
107.18,0.64,69.2,3031,41.5,0,2,2,23.3,2.17,1.71,165.7,0,0,0,86,Hatchback,Petrol,Kolkata,2.71
96.85,0.85,70.6,2905,37.0,0,2,9,39.9,-3.58,0.25,252.5,0,0,0,96,Hatchback,Diesel,Ahmedabad,1.65
23.65,1.85,53.5,2043,51.3,2,8,38,26.6,1.01,2.84,365.9,1,1,1,124,MUV,Diesel,Bangalore,3.41
25.31,1.5,49.0,1917,45.0,2,12,22,34.8,2.68,2.67,189.3,0,1,0,159,SUV,Diesel,Pune,3.78
105.65,0.44,65.6,3369,30.5,1,4,8,26.7,0.57,0.99,466.0,0,0,0,99,MUV,Diesel,Mumbai,2.15
34.31,0.17,42.6,1486,15.5,0,11,11,33.8,-0.11,4.87,659.1,0,1,0,130,MUV,Petrol,Delhi,1.27
27.83,0.4,50.9,1550,17.9,1,7,18,30.8,2.19,4.11,247.6,0,2,0,147,Sedan,Petrol,Kolkata,2.62
33.07,2.45,58.7,2087,64.6,1,10,16,29.9,-2.76,2.72,768.3,1,2,0,114,MUV,Petrol,Pune,2.76
25.17,0.59,48.7,1749,29.1,1,28,16,35.8,-4.79,4.67,41.3,1,1,0,90,Hatchback,Petrol,Hyderabad,0.63
33.36,0.39,45.9,1470,14.0,0,11,22,23.8,2.06,0.44,154.5,0,2,2,70,Hatchback,CNG,Delhi,1.86
32.15,0.78,49.2,1560,35.8,0,7,9,22.4,0.8,3.21,751.8,1,2,0,194,SUV,Diesel,Jaipur,1.9
20.42,1.33,51.9,1501,39.4,0,13,16,29.3,-0.05,4.22,117.2,1,2,1,171,SUV,CNG,Mumbai,2.76
15.88,0.93,46.1,1263,32.3,1,11,11,32.2,0.63,2.62,373.5,0,2,1,106,MUV,Petrol,Kolkata,2.68
41.23,1.13,57.1,2059,44.0,0,10,23,20.2,-0.91,0.75,372.9,1,1,1,135,Sedan,Diesel,Jaipur,1.76
65.63,1.75,63.2,2664,57.7,1,0,0,33.4,-2.11,2.71,337.1,0,0,1,129,MUV,Diesel,Delhi,2.6
90.93,0.83,62.8,2931,43.9,0,0,9,26.4,0.62,1.95,788.8,1,0,2,72,Hatchback,CNG,Mumbai,2.07
32.39,2.14,61.9,2033,56.1,1,15,20,35.7,0.6,4.49,389.8,0,1,0,121,MUV,Petrol,Hyderabad,4.17
11.81,1.03,48.6,1274,27.1,1,12,11,26.2,0.65,1.57,683.6,0,2,1,97,Hatchback,CNG,Ahmedabad,2.49
42.07,0.85,55.6,1870,34.4,2,22,12,22.3,-6.62,1.92,309.7,1,1,0,156,SUV,Petrol,Bangalore,1.34
58.73,0.21,56.1,2237,28.7,0,14,30,37.9,-4.26,0.92,742.3,1,1,1,160,SUV,Petrol,Mumbai,1.12
104.21,0.41,58.6,3137,31.7,0,4,3,20.9,1.19,0.61,368.1,0,0,0,93,Hatchback,Diesel,Pune,1.95
22.39,1.37,50.3,1725,43.8,0,18,20,29.6,1.29,2.34,452.8,0,1,0,141,SUV,Petrol,Lucknow,2.75
43.26,1.38,53.1,2218,41.6,1,11,19,24.6,3.01,2.44,713.5,0,1,0,107,MUV,Diesel,Hyderabad,3.0
56.2,1.22,59.7,2325,42.9,2,5,33,22.3,3.76,2.9,384.6,1,1,1,84,Hatchback,Diesel,Bangalore,3.6
13.69,0.46,58.0,1049,21.0,0,4,6,26.8,-6.9,2.19,658.1,0,2,0,122,Sedan,Petrol,Mumbai,0.3
26.59,1.79,51.7,1917,43.4,0,13,10,38.3,1.95,1.43,725.3,0,2,0,143,SUV,Diesel,Chennai,2.82
15.01,0.64,48.1,1167,19.5,1,3,7,34.5,3.95,3.34,691.4,0,2,0,187,SUV,Petrol,Ahmedabad,3.54
21.61,1.95,59.6,1792,42.0,0,21,32,22.2,-0.79,0.77,106.0,0,1,0,164,SUV,Diesel,Hyderabad,2.99
41.34,2.39,59.6,2363,60.8,1,17,26,17.0,4.25,3.04,701.1,0,1,1,127,MUV,Diesel,Lucknow,4.35
37.88,1.5,54.9,2029,48.1,0,25,11,30.6,-3.56,3.03,678.3,0,1,1,110,MUV,CNG,Jaipur,1.58
35.44,0.82,48.6,1740,37.9,2,10,20,15.9,3.03,0.17,555.9,0,1,0,192,SUV,Petrol,Lucknow,4.13
20.89,1.3,46.9,1552,41.8,0,2,9,32.9,-2.87,2.49,433.6,0,2,1,98,MUV,CNG,Pune,1.2
24.53,1.64,52.5,1831,55.0,2,9,29,34.8,3.25,2.32,202.1,0,1,0,97,Hatchback,Petrol,Hyderabad,4.46
105.29,1.69,70.9,3463,62.8,1,2,0,22.5,-1.92,1.97,789.4,0,0,0,91,Hatchback,Petrol,Pune,3.04
53.18,0.24,49.2,1968,28.5,1,24,12,33.9,-2.0,4.05,721.0,1,1,2,93,Hatchback,CNG,Mumbai,1.2
111.91,2.25,74.5,3838,74.9,0,1,2,39.9,-0.67,0.26,445.2,0,0,0,128,Sedan,Petrol,Lucknow,4.23
23.47,0.17,41.1,1404,14.1,1,6,29,35.7,3.92,3.77,463.2,0,1,0,159,SUV,Petrol,Kolkata,3.13
39.67,1.38,58.4,1842,39.2,2,21,35,43.2,-0.81,1.5,138.4,1,1,0,107,Sedan,Petrol,Lucknow,3.4
25.08,1.36,50.1,1764,44.1,1,18,13,35.1,1.49,1.52,129.8,0,1,1,108,Sedan,Diesel,Mumbai,2.76
41.17,1.74,58.4,2015,52.1,2,7,20,33.6,-2.25,0.46,708.0,0,1,0,183,SUV,Diesel,Kolkata,2.96
20.46,2.49,57.1,1852,68.8,0,12,13,40.5,-2.75,3.71,0.1,1,2,1,140,Sedan,Diesel,Delhi,2.6
49.79,1.87,61.3,2430,53.8,1,23,17,31.9,-0.69,2.44,59.7,0,1,2,101,MUV,Petrol,Bangalore,3.5
104.91,2.02,74.6,3650,65.1,1,0,1,39.4,-0.71,0.23,88.0,0,0,1,96,Hatchback,Diesel,Kolkata,3.48
45.47,0.69,51.9,2005,24.4,2,12,35,20.2,4.64,2.54,1.6,1,1,0,155,SUV,Diesel,Bangalore,3.22
22.63,2.07,48.8,2171,60.4,1,21,21,39.8,-4.62,2.56,267.8,0,1,0,105,Sedan,Petrol,Lucknow,2.27
70.26,1.84,66.7,2872,62.4,1,1,4,24.1,3.03,2.86,125.7,0,0,1,117,MUV,Diesel,Bangalore,3.6
92.51,1.8,67.7,3299,56.6,0,3,5,38.7,-0.53,3.02,763.8,1,0,1,107,Sedan,Petrol,Kolkata,3.12
45.18,1.34,52.5,2198,45.3,2,23,21,29.7,0.4,2.51,267.2,0,1,2,117,MUV,Petrol,Kolkata,3.68
47.24,2.43,60.8,2505,55.7,0,13,18,27.2,2.74,1.32,788.4,0,1,1,80,Hatchback,CNG,Hyderabad,3.54
96.46,1.23,61.6,2896,53.0,0,4,5,26.5,-1.2,0.3,72.6,0,0,2,149,Sedan,Petrol,Bangalore,2.7
16.02,0.77,49.9,1515,18.4,2,4,5,35.5,1.35,4.41,558.0,0,2,2,177,SUV,Diesel,Lucknow,3.28
42.73,1.13,51.7,2135,39.7,1,10,17,25.1,-1.55,4.47,501.1,0,1,0,140,SUV,CNG,Pune,1.97
22.96,1.51,50.2,1616,41.4,0,13,9,37.5,0.49,2.23,418.5,0,2,0,118,MUV,Diesel,Kolkata,2.45
39.85,0.45,48.9,1911,18.0,1,18,21,36.1,2.11,2.23,531.5,0,1,1,163,SUV,Petrol,Mumbai,3.1
28.0,1.18,57.2,1738,38.4,0,5,13,22.7,-1.2,2.91,609.0,0,2,0,87,Hatchback,Petrol,Jaipur,1.86
77.71,1.5,68.1,2867,57.1,0,1,0,25.0,-1.75,3.04,482.3,0,0,0,130,Sedan,CNG,Jaipur,2.14
34.23,0.63,48.8,1623,24.7,0,3,22,27.3,4.68,0.21,296.0,0,2,0,135,MUV,Diesel,Pune,2.56
19.37,1.14,52.5,1492,34.3,0,7,5,24.6,-1.17,3.12,134.0,0,2,1,71,Hatchback,Petrol,Bangalore,1.81
24.26,2.11,48.5,1767,57.5,0,14,18,32.1,4.93,2.08,201.4,1,2,2,113,Sedan,Petrol,Chennai,4.37
66.12,2.05,61.1,2599,59.8,0,0,4,42.9,-0.27,0.15,83.1,0,0,0,86,Hatchback,Petrol,Jaipur,3.08
30.64,1.36,50.9,2276,45.8,2,8,35,25.9,-2.37,1.1,768.1,0,1,1,70,Hatchback,CNG,Pune,2.7
54.77,1.74,57.5,2515,58.2,2,24,30,37.0,1.45,3.76,362.3,0,1,1,105,Sedan,CNG,Kolkata,3.99
24.61,0.29,48.6,1399,18.9,1,14,10,17.7,-0.64,1.33,652.1,0,2,0,130,MUV,CNG,Lucknow,1.79
43.09,0.65,51.1,1721,31.5,1,11,24,42.1,-7.01,2.81,131.8,0,1,1,142,Sedan,Diesel,Lucknow,0.8
44.77,1.3,58.0,2290,40.2,0,9,32,37.3,1.83,1.36,254.1,0,1,2,146,SUV,Diesel,Mumbai,3.39
43.02,2.14,64.3,2135,68.1,1,5,17,34.4,-3.21,1.27,469.5,0,1,0,150,SUV,CNG,Mumbai,3.07
50.47,1.65,58.4,2651,50.0,1,7,32,19.8,0.75,1.57,760.2,0,1,0,113,Sedan,Petrol,Pune,3.61
84.14,1.58,65.7,2997,50.1,0,4,0,29.6,1.69,4.87,35.9,0,0,2,71,Hatchback,CNG,Mumbai,3.18
87.59,1.33,71.1,2923,58.7,0,1,5,27.3,0.5,2.62,265.3,1,0,0,81,Hatchback,Diesel,Kolkata,2.3
33.97,2.18,53.1,1972,54.7,0,3,11,24.0,-2.85,1.75,496.1,0,2,0,110,Sedan,Petrol,Bangalore,2.05
51.35,1.29,54.0,2439,49.5,1,19,18,40.3,-3.12,2.06,3.2,0,1,0,125,Sedan,Diesel,Ahmedabad,1.92
77.49,0.55,57.9,2754,32.0,0,3,0,19.6,-1.84,4.16,365.0,0,0,0,135,Sedan,Petrol,Delhi,1.31
48.8,0.24,54.0,1791,21.0,2,6,19,28.3,1.55,0.57,678.4,0,1,0,101,Sedan,Petrol,Pune,2.49
27.12,1.45,54.2,1797,45.0,2,24,31,21.2,0.39,4.33,365.1,0,1,0,138,Sedan,Diesel,Bangalore,3.18
15.7,2.0,49.6,1903,46.4,0,12,19,27.4,2.17,3.19,331.9,0,2,1,77,Hatchback,Petrol,Ahmedabad,3.48
22.35,0.79,54.5,1619,30.2,1,4,14,35.9,-1.37,0.71,513.6,1,2,0,108,MUV,Petrol,Chennai,1.89
15.55,0.49,45.1,1180,27.6,0,7,24,37.9,0.48,3.93,17.9,1,2,0,167,SUV,CNG,Ahmedabad,2.03
46.93,1.6,61.0,2333,58.5,2,28,16,32.8,1.37,2.65,108.0,0,1,2,102,Sedan,Petrol,Mumbai,4.4
46.28,0.95,46.9,2212,30.5,1,25,17,25.3,1.08,2.38,403.5,1,1,0,150,SUV,Petrol,Bangalore,2.27
20.02,1.56,50.6,1728,39.9,1,14,16,38.3,0.36,3.46,71.7,0,2,2,135,MUV,CNG,Kolkata,3.14
31.5,1.36,52.4,1814,44.1,0,11,12,22.5,-2.75,3.17,158.9,0,2,0,112,Sedan,Petrol,Kolkata,1.55
119.1,1.71,72.3,4043,71.6,1,4,8,25.9,1.87,0.63,325.3,0,0,0,132,MUV,Petrol,Ahmedabad,4.61
14.71,0.72,44.6,1249,31.1,2,12,8,42.4,2.18,4.23,691.9,1,2,0,71,Hatchback,Diesel,Jaipur,2.19
34.14,2.31,57.4,2333,60.6,1,24,19,26.3,-0.74,3.56,332.4,0,1,0,113,MUV,Petrol,Jaipur,3.52
34.94,1.79,59.2,1986,46.3,2,28,12,39.5,4.2,3.15,80.9,0,1,2,90,Hatchback,Petrol,Jaipur,5.29
28.01,1.08,51.8,1683,36.0,1,24,21,24.1,1.69,3.0,761.4,1,1,0,113,Sedan,Petrol,Bangalore,2.69
96.1,1.69,68.1,3284,59.5,1,1,4,31.4,0.32,3.34,553.3,1,0,1,106,MUV,Petrol,Hyderabad,3.68
33.22,1.96,62.8,1883,51.4,2,17,24,22.2,2.04,2.79,716.8,1,1,0,137,Sedan,Petrol,Kolkata,4.54
44.7,1.27,55.4,2142,35.1,2,22,23,31.7,3.1,2.27,16.7,1,1,2,100,MUV,Petrol,Mumbai,4.13
26.53,1.06,48.5,1775,33.5,2,7,20,36.7,2.23,0.68,380.8,0,1,0,128,Sedan,Diesel,Mumbai,3.19
88.78,1.05,59.4,2813,48.4,0,0,0,27.6,1.29,4.7,641.4,1,0,2,129,MUV,Diesel,Kolkata,2.47
28.41,0.22,50.2,1545,21.1,0,19,34,31.5,3.67,0.22,364.3,0,1,0,94,Hatchback,Petrol,Hyderabad,2.53
11.9,1.54,47.0,1386,45.5,0,3,22,35.4,-1.8,1.19,618.8,0,2,0,107,MUV,Diesel,Delhi,1.85
18.27,0.29,45.2,1228,27.0,0,13,15,22.6,-5.17,2.35,254.6,0,2,1,79,Hatchback,Diesel,Bangalore,0.3
50.94,0.56,52.0,1975,33.8,2,18,39,25.1,-0.18,1.39,433.5,0,1,1,185,SUV,Petrol,Hyderabad,2.99
119.45,2.42,74.2,3974,76.5,1,1,8,39.7,3.76,3.5,350.8,0,0,0,114,Sedan,Petrol,Lucknow,5.98
106.78,1.41,70.9,3518,60.0,1,4,5,29.9,-1.7,1.94,413.0,1,0,0,127,MUV,Diesel,Delhi,2.51
30.52,0.91,54.0,1722,40.4,0,12,9,37.1,1.03,2.99,307.3,0,2,1,80,Hatchback,Petrol,Mumbai,2.55
33.03,1.76,58.8,1926,50.4,0,5,35,27.5,2.54,4.82,430.8,1,1,1,143,SUV,Petrol,Mumbai,3.92
59.1,0.93,56.0,2265,40.3,2,23,33,27.3,-3.86,1.93,357.5,1,1,0,152,SUV,Diesel,Chennai,1.71
83.17,1.2,60.5,2876,56.3,0,1,6,33.8,4.0,3.85,746.6,1,0,0,166,SUV,Petrol,Hyderabad,3.4
30.38,0.49,46.4,1371,20.5,0,11,14,43.3,2.26,1.54,565.2,0,1,0,182,SUV,Petrol,Ahmedabad,2.67
13.57,0.38,45.9,1177,16.2,2,7,14,26.8,0.36,3.55,429.8,0,2,1,121,MUV,Petrol,Chennai,2.61
54.26,0.88,55.7,1991,32.4,1,11,12,22.9,5.99,2.99,763.5,0,1,1,175,SUV,Petrol,Lucknow,4.44
30.15,0.78,48.6,1588,26.8,2,25,14,32.8,-2.28,2.45,255.7,0,1,0,116,Sedan,Petrol,Mumbai,1.88
46.86,2.1,62.5,2516,50.8,2,17,23,28.3,1.55,2.19,298.2,1,1,0,129,Sedan,Petrol,Ahmedabad,4.15
14.84,0.79,50.1,1264,34.8,0,8,22,43.1,-2.85,2.72,629.2,1,2,0,171,SUV,Petrol,Ahmedabad,1.87
119.88,0.3,63.5,3394,28.1,2,4,6,36.7,-2.98,4.86,719.0,0,0,0,127,Sedan,Petrol,Hyderabad,2.62
106.24,2.08,74.8,3422,69.9,0,1,8,22.3,1.5,3.19,747.8,0,0,1,126,Sedan,Petrol,Bangalore,4.43
25.38,1.1,50.8,1702,37.7,1,11,11,21.5,-3.21,0.63,484.5,0,1,0,91,Hatchback,Diesel,Lucknow,1.33
16.89,0.8,48.3,1347,35.3,1,2,20,29.2,0.32,1.13,104.3,0,2,0,70,Hatchback,Diesel,Mumbai,1.9
51.46,2.23,62.4,2582,60.9,2,25,20,37.3,1.78,3.68,686.4,0,1,0,78,Hatchback,Petrol,Mumbai,4.77
34.11,2.11,54.9,2073,60.9,1,2,20,24.5,-1.42,3.51,364.6,1,2,2,150,SUV,Petrol,Kolkata,3.4
18.5,0.43,51.3,1039,25.5,1,13,17,36.3,1.09,3.95,793.8,1,2,0,192,SUV,Petrol,Hyderabad,2.97
26.0,1.99,55.3,2115,65.0,0,10,7,37.7,-0.45,1.08,237.9,0,2,0,129,Sedan,CNG,Hyderabad,2.94
119.45,1.11,70.3,3610,37.4,1,0,1,30.0,-2.14,1.53,620.2,1,0,2,111,MUV,Diesel,Jaipur,2.72
30.12,0.69,46.2,1719,30.3,0,7,9,33.7,0.69,0.39,617.9,1,2,0,150,SUV,Petrol,Chennai,1.81
57.04,1.29,54.4,2683,51.4,1,23,32,30.2,-2.43,3.73,113.1,0,1,1,76,Hatchback,Diesel,Jaipur,2.01
88.32,0.46,55.2,2721,33.1,0,2,1,22.1,-0.71,2.81,603.0,1,0,2,138,MUV,Petrol,Bangalore,1.73
64.06,2.28,65.7,2834,68.1,0,3,6,31.1,-0.91,3.44,744.9,1,0,0,113,Sedan,Petrol,Mumbai,2.97
18.76,0.9,55.4,1162,36.7,0,7,15,18.9,1.28,1.34,48.8,0,2,0,149,Sedan,Petrol,Pune,2.75
52.32,2.16,59.0,2542,74.2,2,24,39,19.6,-1.58,1.16,207.8,0,1,0,96,Hatchback,Petrol,Jaipur,3.72
30.8,0.49,52.0,1614,30.8,2,2,8,33.3,-4.6,2.3,162.2,1,2,0,134,MUV,Diesel,Kolkata,1.23
32.72,2.21,63.8,2212,52.8,1,23,18,32.7,1.33,2.1,488.4,1,1,0,141,SUV,Diesel,Kolkata,3.52
36.56,2.09,54.4,2157,64.4,2,26,26,30.2,1.52,3.37,254.4,0,1,1,86,Hatchback,Petrol,Bangalore,4.38
30.13,2.0,55.0,2145,56.2,1,21,11,39.4,-3.04,1.2,658.2,0,1,0,130,MUV,CNG,Lucknow,2.52
56.64,0.12,55.6,2001,34.2,2,9,25,19.5,-3.37,4.87,710.8,0,1,2,158,SUV,Petrol,Jaipur,1.85
68.08,1.26,63.2,2485,54.1,0,1,1,29.2,-6.73,0.65,267.9,1,0,1,78,Hatchback,Petrol,Jaipur,0.63
17.86,1.37,46.7,1751,39.7,0,9,12,22.5,-1.02,3.71,164.5,0,2,0,89,Hatchback,Petrol,Bangalore,1.97
115.54,1.81,72.3,3567,75.0,0,4,8,23.1,0.65,0.73,581.1,1,0,2,146,Sedan,Petrol,Kolkata,4.06
57.89,2.22,63.4,2593,70.9,2,9,34,35.9,0.99,3.55,224.6,1,1,2,186,SUV,Petrol,Kolkata,5.32
71.98,1.1,58.5,2707,41.0,1,1,3,30.6,-1.85,0.8,571.8,0,0,0,158,SUV,Diesel,Hyderabad,2.26
109.62,0.57,64.9,2958,38.8,0,4,2,29.0,0.45,3.14,753.9,0,0,0,82,Hatchback,Petrol,Kolkata,2.36
59.0,0.65,55.7,2298,45.0,2,22,15,24.8,-2.97,2.52,120.3,0,1,0,118,Sedan,Diesel,Chennai,1.56
24.37,2.14,50.4,2162,61.0,1,9,15,26.3,-0.39,2.74,74.6,0,2,1,126,MUV,Petrol,Hyderabad,3.51
104.33,0.9,68.5,2935,49.7,0,3,7,22.4,-1.14,0.77,566.0,0,0,2,97,Hatchback,Petrol,Bangalore,2.57
52.05,0.4,56.4,2046,33.1,1,28,15,30.7,-0.41,0.27,341.5,0,1,0,139,Sedan,Petrol,Ahmedabad,2.12
57.94,2.32,63.6,3099,66.0,2,9,14,37.9,-1.25,1.13,594.6,0,1,2,146,SUV,Petrol,Kolkata,4.71
47.81,0.56,53.8,1673,33.2,1,25,38,31.3,-3.18,4.88,641.6,1,1,1,143,Sedan,Diesel,Bangalore,1.6
43.45,0.7,58.5,2133,27.1,1,29,37,26.8,3.13,4.46,268.9,0,1,2,82,Hatchback,CNG,Lucknow,3.13
36.54,2.31,59.5,2028,64.1,2,5,39,23.3,2.87,3.65,555.4,0,1,0,139,MUV,Petrol,Ahmedabad,5.22
32.81,0.4,41.7,1228,22.1,1,29,15,36.3,-2.76,1.62,510.3,1,1,0,137,MUV,Petrol,Mumbai,1.08
57.5,1.34,61.8,2315,41.6,1,24,29,30.8,3.3,1.77,152.8,1,1,0,109,MUV,Diesel,Bangalore,3.28
11.78,0.58,50.8,1086,23.3,0,4,10,21.3,2.13,2.53,301.4,1,2,2,184,SUV,Diesel,Bangalore,2.31
54.69,0.25,55.1,2002,11.5,2,9,15,32.3,3.5,3.04,99.6,0,1,0,118,MUV,Diesel,Hyderabad,2.68
91.01,2.32,71.4,3679,76.5,0,4,7,40.4,4.19,1.44,630.4,1,0,0,112,MUV,Petrol,Chennai,4.85
32.31,2.36,59.7,2068,53.2,0,14,22,21.9,2.06,3.45,49.6,1,2,0,167,SUV,Petrol,Bangalore,4.08
16.29,0.45,44.4,1354,20.9,0,3,13,28.5,2.63,1.16,393.8,0,2,0,81,Hatchback,Diesel,Chennai,1.66
61.75,0.9,58.9,2491,43.8,0,1,6,30.6,1.73,0.93,531.4,1,0,0,123,Sedan,Petrol,Kolkata,2.43
41.18,0.14,46.3,1634,22.0,1,26,36,27.2,-1.44,1.12,267.2,0,1,1,72,Hatchback,Petrol,Bangalore,1.48
21.04,0.46,45.4,1441,19.3,2,23,33,36.6,-1.85,4.99,183.6,0,1,2,194,SUV,Petrol,Jaipur,3.12
99.01,0.11,63.5,2896,22.1,0,0,6,28.5,0.87,4.43,676.2,0,0,1,81,Hatchback,Petrol,Ahmedabad,1.98
58.8,1.48,57.1,2628,51.4,2,12,31,24.4,-1.03,4.56,664.9,1,1,0,73,Hatchback,Diesel,Bangalore,2.29
45.36,0.98,57.8,2066,38.9,1,22,21,30.9,0.2,1.78,652.2,0,1,0,163,SUV,Diesel,Hyderabad,2.5
54.93,0.71,59.1,2269,36.4,0,20,25,27.7,-0.27,3.66,303.7,0,1,0,180,SUV,Petrol,Kolkata,2.41
30.59,0.48,45.9,1577,24.2,2,5,8,28.8,0.68,3.76,603.4,0,2,0,95,MUV,Diesel,Chennai,1.89
51.6,0.9,50.5,2040,22.8,2,29,31,37.8,-4.53,4.54,146.9,1,1,0,136,Sedan,Petrol,Mumbai,1.85
55.9,2.18,63.1,2689,64.4,1,29,13,25.8,-2.84,0.92,52.8,1,1,0,133,Sedan,Petrol,Chennai,2.8
24.75,0.59,42.8,1321,23.2,0,8,16,31.3,0.81,2.44,646.8,1,2,1,76,Hatchback,Petrol,Lucknow,1.68
55.04,1.26,62.1,2344,45.7,1,5,11,33.2,-0.6,1.51,789.5,0,1,0,104,MUV,Diesel,Chennai,2.2
24.54,1.57,52.2,1711,46.6,1,26,15,35.3,-1.74,2.83,326.1,0,1,0,195,SUV,Petrol,Delhi,3.19
59.29,1.07,60.1,2253,43.5,1,14,32,31.7,1.1,2.99,429.3,0,1,0,117,MUV,Petrol,Hyderabad,3.03
23.29,0.73,48.6,1523,33.0,2,19,14,23.2,3.93,0.97,400.4,1,1,0,96,MUV,Diesel,Lucknow,2.85
27.74,2.1,58.3,1649,56.3,0,16,22,23.6,4.11,4.95,244.8,0,1,0,117,Sedan,Petrol,Jaipur,4.29
29.84,0.14,46.4,1735,18.1,1,14,16,32.6,-4.13,3.59,683.3,1,1,0,199,SUV,Petrol,Pune,1.02
22.68,0.12,39.2,1367,7.4,1,7,18,31.6,-1.69,1.83,215.6,0,2,1,131,MUV,Petrol,Ahmedabad,1.3
103.07,1.85,73.4,3418,65.5,0,4,6,27.5,-0.27,2.01,371.3,0,0,0,181,SUV,Petrol,Ahmedabad,3.76
20.84,0.71,47.0,1580,26.6,1,23,31,29.9,3.99,2.31,793.2,1,1,0,106,Sedan,Petrol,Ahmedabad,3.16
44.03,0.61,55.4,1694,26.1,1,29,33,30.5,-3.95,3.98,400.9,0,1,0,144,Sedan,Diesel,Bangalore,1.41
34.38,0.88,54.6,1681,31.1,2,25,35,30.0,0.92,2.73,552.8,0,1,1,118,MUV,Petrol,Pune,3.22
79.75,0.22,58.9,2546,21.4,1,2,4,24.5,-2.15,0.58,260.7,0,0,1,136,MUV,Petrol,Delhi,1.67
24.73,1.28,46.6,1769,39.1,2,26,10,23.8,0.73,3.29,633.2,0,1,0,171,SUV,Petrol,Pune,3.38
53.96,1.47,57.1,2395,56.2,2,23,16,35.1,-0.03,0.93,320.3,0,1,1,97,Hatchback,CNG,Mumbai,3.08
73.25,0.35,53.4,2524,35.5,0,3,8,25.0,-4.82,4.49,589.9,0,0,0,173,SUV,Petrol,Chennai,0.83
47.31,1.09,54.7,1991,34.5,2,6,20,32.1,-0.94,4.05,400.1,0,1,2,82,Hatchback,CNG,Chennai,2.64
17.57,1.14,48.9,1367,34.8,0,10,10,30.4,2.97,4.69,193.4,0,2,1,111,Sedan,Diesel,Mumbai,2.58
23.02,1.35,54.1,1721,51.5,1,23,19,27.3,3.95,1.93,66.1,0,1,1,94,MUV,CNG,Delhi,3.71
113.32,0.99,68.2,3474,44.6,0,0,2,33.1,-0.87,2.25,417.3,0,0,2,88,Hatchback,Diesel,Delhi,2.24
85.27,1.97,65.9,3036,67.0,1,1,9,33.2,2.26,4.77,232.4,0,0,2,190,SUV,Petrol,Chennai,5.09
24.06,0.41,46.5,1505,18.5,1,10,23,22.6,-3.1,2.83,612.1,1,2,2,193,SUV,Diesel,Kolkata,1.42
30.76,1.06,51.1,1611,36.2,1,27,11,37.6,-1.04,3.65,768.6,0,1,1,127,Sedan,Petrol,Hyderabad,2.56
34.95,1.9,55.5,2204,53.3,0,12,9,30.1,3.13,0.16,692.1,0,2,0,104,Sedan,Petrol,Kolkata,3.7
27.45,0.94,48.5,1612,33.1,2,12,32,23.0,-1.46,4.72,733.8,0,1,0,90,Hatchback,Diesel,Kolkata,2.13
36.26,0.28,52.4,1622,21.5,2,19,27,33.6,1.9,4.17,200.0,0,1,0,94,MUV,Petrol,Kolkata,3.01
23.73,0.19,49.0,1449,14.7,0,3,12,25.6,4.94,4.84,355.4,0,2,1,76,Hatchback,Petrol,Delhi,2.37
38.43,1.01,52.1,2061,42.3,2,23,31,25.2,-0.26,2.93,181.1,1,1,0,99,Hatchback,Diesel,Hyderabad,2.09
84.68,0.23,63.9,2658,29.1,0,3,6,27.0,4.36,3.27,722.7,0,0,0,112,Sedan,Diesel,Lucknow,2.64
11.6,2.16,50.6,1541,58.3,0,7,7,35.6,1.31,3.31,581.1,1,2,0,135,MUV,Diesel,Chennai,2.7
50.04,2.03,65.3,2376,68.8,1,16,25,30.0,1.06,1.54,25.9,0,1,1,72,Hatchback,Petrol,Bangalore,3.9
25.29,0.53,44.4,1508,26.5,0,19,35,20.2,3.67,1.16,744.9,0,1,1,109,Sedan,Diesel,Delhi,2.35
14.95,0.99,47.1,1283,29.6,2,2,24,33.4,2.01,3.33,477.3,0,2,2,189,SUV,Petrol,Mumbai,4.35
22.16,0.39,50.5,1258,19.7,0,10,21,30.4,3.76,3.42,648.9,0,2,0,96,Hatchback,Petrol,Lucknow,2.63
57.52,1.28,56.0,2648,39.7,1,25,16,28.1,1.02,1.78,588.9,1,1,0,73,Hatchback,Petrol,Jaipur,2.38
50.51,1.91,61.9,2503,56.8,0,15,30,21.9,-2.91,4.4,55.0,0,1,0,136,Sedan,CNG,Lucknow,2.3
25.89,2.03,57.0,1956,47.8,0,29,29,26.1,-1.81,0.97,383.2,1,1,0,76,Hatchback,Petrol,Kolkata,2.41
99.15,0.52,67.6,2769,37.7,0,3,6,30.9,-1.36,2.63,396.8,0,0,1,90,Hatchback,CNG,Delhi,1.87
37.3,1.4,54.9,1766,45.5,2,11,20,36.3,2.4,2.15,38.3,0,1,1,101,Sedan,Petrol,Chennai,3.93
34.65,0.6,53.6,1857,35.3,1,17,35,33.9,0.64,3.16,615.8,0,1,0,190,SUV,Petrol,Kolkata,3.23
41.33,1.79,58.3,2200,50.8,2,26,36,33.2,-2.38,2.37,273.5,0,1,0,99,Hatchback,Diesel,Mumbai,2.82
59.56,1.22,59.0,2403,45.0,0,14,24,38.0,0.63,2.6,329.6,1,1,0,161,SUV,Diesel,Jaipur,2.59
32.46,1.1,51.6,2066,38.8,2,7,36,29.3,-4.09,4.75,148.6,1,1,0,90,MUV,Diesel,Lucknow,1.58
22.65,0.73,51.3,1357,27.0,1,2,5,32.7,-2.5,2.47,140.9,0,2,0,139,Sedan,Petrol,Pune,1.73
104.32,1.82,71.3,3815,63.8,0,0,2,20.1,-3.52,3.81,238.1,0,0,0,158,SUV,Diesel,Bangalore,2.29
73.34,0.47,59.3,2397,21.5,1,0,7,32.5,0.41,1.62,406.8,1,0,1,141,Sedan,Diesel,Mumbai,1.95
48.06,1.75,60.0,2339,52.3,2,13,10,21.3,-5.18,3.5,8.2,0,1,0,127,MUV,Petrol,Bangalore,2.49
36.02,1.15,47.3,2030,36.6,2,18,25,33.2,0.16,4.16,517.1,0,1,0,118,MUV,Petrol,Bangalore,3.09
106.07,1.92,71.6,3441,62.6,0,3,1,26.9,2.76,3.75,619.2,0,0,0,139,Sedan,Diesel,Delhi,3.65
95.53,2.27,64.5,3356,67.5,1,2,1,28.1,2.13,1.41,677.9,1,0,0,95,Hatchback,Diesel,Ahmedabad,3.58
10.24,2.16,58.1,1765,57.2,0,8,15,30.6,-0.52,0.23,80.7,1,2,0,132,MUV,Petrol,Ahmedabad,3.53
89.22,1.58,65.5,3260,50.1,0,1,9,29.8,1.18,4.88,270.2,0,0,1,80,Hatchback,CNG,Mumbai,3.15
31.58,2.09,53.1,2055,56.2,0,14,8,27.9,4.54,0.88,645.1,0,2,0,186,SUV,Diesel,Chennai,3.95
23.85,2.17,52.2,1904,61.4,0,14,14,31.5,3.12,0.15,212.6,0,1,0,135,Sedan,Petrol,Bangalore,4.04
39.86,1.61,61.0,1933,50.4,0,6,14,17.0,-0.89,3.72,462.2,0,1,0,92,Hatchback,CNG,Lucknow,2.37
52.64,2.04,58.9,2397,56.4,1,9,20,36.8,-1.08,0.36,506.1,0,1,1,88,Hatchback,CNG,Delhi,3.02
21.15,1.39,48.9,1569,40.8,0,10,5,31.1,0.75,3.56,272.6,0,2,0,137,Sedan,Diesel,Bangalore,2.25
81.96,2.03,70.9,2870,72.5,1,0,9,15.4,-2.55,3.45,83.1,0,0,2,115,MUV,Petrol,Jaipur,3.65
37.1,0.56,51.6,1815,14.2,0,27,12,32.5,-0.71,3.9,322.3,0,1,1,190,SUV,Petrol,Hyderabad,2.22
33.43,1.86,55.7,2096,49.5,2,11,14,30.4,-1.81,2.79,789.7,0,2,0,77,Hatchback,Diesel,Lucknow,2.65
23.34,1.79,56.4,2002,52.1,1,11,19,43.2,0.22,3.67,731.7,0,1,1,138,Sedan,Petrol,Delhi,4.06
27.97,0.75,46.7,1825,31.2,0,5,37,31.9,0.31,2.6,650.1,1,1,2,95,MUV,Petrol,Hyderabad,1.97
47.27,0.37,52.7,1893,23.0,1,6,25,44.2,0.15,2.51,574.4,1,1,2,134,MUV,Diesel,Delhi,2.2
58.99,0.98,56.0,2288,33.0,1,23,28,40.5,-4.6,1.75,44.1,0,1,2,90,Hatchback,Petrol,Delhi,1.89
23.0,1.75,55.0,1590,47.7,0,11,15,20.4,-0.65,1.75,759.3,0,1,1,134,MUV,CNG,Ahmedabad,2.84
33.19,1.85,59.1,2178,45.7,1,29,24,22.0,4.64,3.24,264.1,0,1,0,106,Sedan,Diesel,Kolkata,3.95
36.49,1.69,58.4,2037,55.0,2,17,13,25.3,1.95,4.66,619.6,0,1,1,191,SUV,Diesel,Bangalore,3.9
29.18,1.44,52.6,1996,40.1,1,14,5,33.0,2.73,0.61,387.6,1,2,0,127,Sedan,CNG,Delhi,3.08
36.26,0.96,52.6,1723,41.6,2,20,27,35.4,-1.02,2.25,776.6,0,1,0,109,MUV,Diesel,Mumbai,2.34
51.25,1.0,53.4,2287,32.5,1,23,33,34.2,1.38,4.63,727.6,0,1,0,147,Sedan,Petrol,Jaipur,3.51
100.68,1.49,63.1,3385,61.2,0,3,6,16.7,-4.88,2.74,316.2,0,0,0,82,Hatchback,Petrol,Jaipur,1.7
50.88,2.48,59.7,2672,67.8,1,11,24,22.2,1.83,1.29,60.2,0,1,0,143,SUV,Diesel,Bangalore,3.79
39.53,2.11,58.0,2151,57.4,0,11,26,27.3,1.3,3.1,390.3,1,1,2,133,MUV,Diesel,Hyderabad,3.14
47.59,1.29,57.1,2368,47.9,2,16,26,36.8,-2.77,1.44,467.8,0,1,0,166,SUV,Petrol,Chennai,3.09
47.34,2.01,57.9,2162,56.3,1,6,28,30.6,-1.57,4.22,352.3,1,1,0,138,Sedan,Petrol,Delhi,2.98
39.69,2.37,61.4,2218,58.2,2,12,31,36.2,-3.7,4.77,129.3,1,1,0,137,Sedan,CNG,Kolkata,3.25
47.09,0.47,50.4,2023,26.2,0,21,20,24.8,-0.4,0.84,6.4,1,1,0,123,Sedan,Diesel,Chennai,1.17
25.98,0.6,49.0,1458,27.6,0,9,5,40.9,-1.1,1.56,498.7,1,2,1,77,Hatchback,Petrol,Chennai,1.44
53.7,1.96,61.2,2428,49.4,1,6,30,25.8,4.31,0.28,321.5,0,1,1,94,MUV,Petrol,Delhi,4.84
105.17,1.23,71.0,3406,52.1,1,4,6,32.1,-1.69,1.93,734.9,1,0,0,90,MUV,Diesel,Chennai,2.27
83.4,1.17,62.7,2942,51.4,0,4,2,28.6,3.07,3.53,386.6,0,0,0,124,Sedan,Petrol,Pune,3.21
29.26,2.05,55.7,1825,55.9,0,12,10,16.8,-2.62,1.66,713.2,0,2,0,75,Hatchback,Petrol,Lucknow,2.21
38.05,2.2,55.4,2379,60.6,1,9,15,35.2,1.41,4.55,172.6,1,1,0,95,Hatchback,Diesel,Chennai,3.02
28.49,1.9,55.0,2101,55.1,2,11,18,36.0,1.17,1.94,195.4,0,2,0,81,Hatchback,Diesel,Delhi,3.29
25.13,1.92,56.0,1680,49.1,2,29,23,24.1,-1.79,0.56,276.7,0,1,0,148,Sedan,Diesel,Delhi,2.86
47.85,0.78,54.3,2404,37.0,1,7,20,35.7,-1.17,3.41,667.8,0,1,0,126,Sedan,Diesel,Hyderabad,2.06
24.6,2.12,51.5,1946,62.3,0,9,18,34.3,-0.38,4.2,268.8,1,2,2,100,MUV,Diesel,Ahmedabad,2.63
28.48,1.49,51.5,2031,48.7,1,14,14,33.6,-2.4,0.19,63.3,1,2,0,117,MUV,Petrol,Hyderabad,1.97
79.97,2.34,70.8,3326,72.2,0,4,2,33.9,2.39,1.02,518.5,1,0,2,120,Sedan,Petrol,Bangalore,4.44
22.27,1.85,53.9,1806,46.3,1,23,30,42.5,-1.59,0.91,351.4,0,1,2,94,MUV,Petrol,Jaipur,3.53
38.45,0.12,47.2,1508,18.0,2,6,38,39.7,-2.87,3.25,529.3,0,1,0,107,Sedan,Petrol,Delhi,1.79
29.65,1.87,57.1,1771,45.9,0,9,16,18.6,0.9,2.13,601.9,0,2,0,94,MUV,Petrol,Pune,3.09
65.49,1.74,57.5,2600,60.7,0,4,8,37.5,1.45,2.91,696.5,1,0,1,199,SUV,Diesel,Chennai,3.08
90.01,1.21,62.3,2957,50.0,1,2,3,37.9,-0.01,4.84,674.9,0,0,2,168,SUV,Diesel,Kolkata,3.04
28.68,2.38,54.3,2080,69.8,1,6,19,36.2,-0.74,3.05,223.6,0,2,0,120,MUV,Petrol,Lucknow,3.78
103.0,1.49,68.6,3665,54.6,2,2,7,42.0,6.12,2.49,488.6,0,0,0,148,Sedan,Diesel,Lucknow,4.94
47.99,1.22,55.5,2250,36.8,1,14,18,28.5,-2.34,0.86,368.0,1,1,0,101,Sedan,Petrol,Hyderabad,2.0
33.43,0.89,49.0,1749,25.5,0,24,19,36.3,1.11,0.68,596.2,0,1,0,139,MUV,Petrol,Hyderabad,2.36
28.39,1.58,56.0,1680,49.3,1,13,24,30.8,2.1,3.07,750.0,0,2,1,127,MUV,Petrol,Hyderabad,4.01
15.36,0.59,51.3,1056,23.2,1,13,5,43.3,-0.03,2.67,478.9,0,2,2,142,SUV,Diesel,Ahmedabad,2.56
113.09,0.33,64.6,3291,31.2,0,3,0,36.5,1.96,4.59,108.3,0,0,1,100,MUV,Petrol,Jaipur,2.78
103.95,0.86,59.5,3218,39.4,0,2,8,32.2,-9.13,3.91,79.8,0,0,0,80,Hatchback,CNG,Pune,0.3
117.01,1.39,69.8,3624,62.4,0,3,8,24.1,0.95,4.07,684.9,0,0,0,107,Sedan,Diesel,Hyderabad,3.01
24.7,1.21,48.1,1720,43.9,0,16,14,36.2,2.56,4.07,708.8,1,1,0,132,Sedan,Diesel,Jaipur,2.61
48.57,0.13,52.9,1908,19.6,2,18,24,32.1,-1.83,2.26,383.9,0,1,1,147,Sedan,Petrol,Pune,2.14
105.29,1.65,66.7,3453,57.7,0,4,0,20.1,-4.77,3.42,0.6,0,0,1,129,MUV,Petrol,Pune,1.99
10.9,1.15,47.5,1480,31.4,0,4,21,41.7,1.76,0.42,443.4,0,2,0,81,Hatchback,CNG,Ahmedabad,2.44
24.17,2.25,57.5,2197,68.4,1,10,20,36.0,-0.01,0.3,341.5,0,2,1,131,Sedan,Petrol,Mumbai,3.89
34.53,1.83,53.4,2222,56.5,1,5,14,36.7,-1.8,4.09,553.1,0,1,0,90,MUV,Diesel,Kolkata,2.21
28.62,1.68,51.2,1938,53.2,1,28,17,39.0,0.31,1.21,142.9,0,1,0,129,Sedan,Diesel,Chennai,2.68
29.72,2.41,56.5,2212,62.5,0,4,21,40.3,2.29,3.38,680.2,0,2,0,95,MUV,Petrol,Lucknow,4.04
36.8,0.9,47.6,1733,38.7,2,22,15,33.1,0.44,2.96,233.6,1,1,0,111,MUV,Diesel,Ahmedabad,1.96
18.22,2.46,56.0,1689,57.4,0,10,15,33.6,-2.3,3.12,59.9,0,2,0,134,Sedan,Diesel,Lucknow,2.34
86.29,0.66,61.9,2700,35.1,1,1,1,22.0,3.36,0.31,59.0,0,0,0,174,SUV,Petrol,Ahmedabad,3.49
49.19,1.34,59.2,2175,42.4,1,13,37,20.1,-1.16,2.92,244.7,0,1,1,147,SUV,Petrol,Delhi,3.4
79.2,0.35,57.8,2410,29.2,1,2,1,38.0,1.38,3.28,231.1,0,0,1,138,MUV,Diesel,Lucknow,2.11
25.34,1.88,51.1,1968,49.8,0,19,18,37.2,0.71,3.49,689.0,1,1,0,70,Hatchback,Petrol,Mumbai,2.86
56.3,1.99,63.8,2674,57.0,1,14,27,16.0,-5.28,4.14,696.2,1,1,1,156,SUV,Petrol,Jaipur,2.85
25.7,1.49,50.7,1855,46.8,0,3,6,33.0,-0.89,0.93,505.9,0,2,0,153,SUV,Diesel,Bangalore,2.03
33.79,1.51,53.9,2032,48.8,2,28,22,33.2,0.77,3.57,296.2,0,1,0,116,Sedan,Petrol,Kolkata,3.69
48.72,1.94,61.8,2408,59.6,2,17,11,25.0,2.88,4.3,538.6,0,1,1,96,Hatchback,Petrol,Hyderabad,4.48
55.06,2.38,62.0,2603,65.2,0,13,11,36.5,3.15,1.27,783.4,0,1,0,80,Hatchback,Diesel,Mumbai,3.58
25.66,1.93,48.6,1942,51.5,1,9,32,38.3,-2.09,2.3,638.3,1,1,0,122,Sedan,Petrol,Delhi,2.88
80.24,1.14,64.8,3078,50.7,0,3,5,32.9,1.53,3.61,116.7,1,0,0,166,SUV,Petrol,Bangalore,2.9
84.19,0.36,57.4,2703,34.7,2,1,6,18.1,0.75,4.15,786.4,0,0,2,127,MUV,CNG,Pune,2.9
103.79,0.93,66.5,3323,56.0,0,1,2,25.6,-0.84,0.28,609.3,1,0,1,132,MUV,CNG,Mumbai,2.05
14.6,0.96,48.8,1366,27.6,1,13,18,27.9,-0.87,0.51,144.4,0,2,1,74,Hatchback,Petrol,Delhi,2.27
45.68,0.48,48.7,1792,30.0,0,18,32,32.5,-0.82,0.57,681.4,0,1,2,76,Hatchback,Petrol,Chennai,1.92
109.09,2.47,73.7,3872,80.5,1,2,2,30.2,2.11,4.84,748.6,0,0,2,130,Sedan,Petrol,Mumbai,5.41
44.71,2.31,56.5,2394,66.7,1,27,25,20.0,0.7,4.81,632.8,0,1,0,78,Hatchback,Diesel,Delhi,3.22
20.54,1.15,50.7,1568,34.5,0,5,22,30.2,2.18,3.01,401.7,0,2,0,175,SUV,Petrol,Pune,3.31
27.86,1.79,46.5,1737,52.6,1,5,19,26.5,1.01,3.16,125.3,0,2,0,107,MUV,Petrol,Jaipur,3.08
21.91,1.17,50.0,1753,29.8,1,9,18,44.6,1.77,1.8,39.2,0,2,1,131,MUV,Diesel,Jaipur,2.87
11.87,0.49,44.2,1433,12.4,1,8,6,30.2,-3.97,4.6,748.4,0,2,0,184,SUV,Diesel,Kolkata,1.29
32.98,2.19,58.8,2189,56.7,2,25,16,16.4,7.5,0.64,191.7,0,1,2,141,Sedan,Petrol,Lucknow,6.57
80.88,0.29,58.2,2559,27.2,0,2,3,38.4,-2.52,3.24,399.0,1,0,0,122,MUV,Diesel,Ahmedabad,0.94
40.97,1.09,52.5,1826,44.4,1,18,15,23.9,0.48,4.93,440.2,1,1,0,140,Sedan,Petrol,Pune,2.47
75.37,1.58,61.0,3051,55.7,0,2,9,32.7,3.4,2.08,269.6,1,0,0,77,Hatchback,Petrol,Mumbai,3.05
82.89,2.37,74.6,3093,71.4,0,0,1,27.9,0.65,0.57,682.9,1,0,2,119,MUV,Petrol,Delhi,3.95
85.17,0.85,60.2,2837,44.3,0,3,2,30.1,0.84,4.98,522.9,0,0,1,143,SUV,Petrol,Hyderabad,2.29
49.93,1.23,55.9,2138,53.2,1,21,16,27.4,1.81,2.18,400.2,0,1,1,134,Sedan,Petrol,Mumbai,3.48
14.03,0.67,55.2,1528,20.4,0,3,20,26.2,3.68,4.55,12.7,1,2,0,84,Hatchback,Petrol,Kolkata,2.86
95.29,2.31,65.2,3536,65.9,0,0,1,37.8,-2.27,0.76,27.6,0,0,0,104,MUV,Petrol,Mumbai,3.08
15.38,0.1,43.1,904,22.8,1,6,11,30.9,0.69,3.1,514.1,1,2,0,171,SUV,Petrol,Chennai,1.9
18.5,2.09,59.6,1794,52.4,0,7,16,35.4,-2.18,0.86,614.5,0,2,0,131,Sedan,Petrol,Kolkata,2.97
22.73,1.69,50.4,1961,50.5,1,11,22,43.7,7.63,0.98,390.8,1,2,0,138,Sedan,Petrol,Ahmedabad,5.19
19.41,2.14,61.1,1730,60.0,0,5,22,33.6,-3.73,1.51,387.4,0,2,0,162,SUV,Petrol,Delhi,2.99
20.66,1.12,48.1,1577,30.5,1,13,15,28.7,-3.45,0.93,310.9,0,2,0,71,Hatchback,Diesel,Hyderabad,1.17
17.21,2.21,58.9,1822,61.9,0,3,8,31.7,-0.98,1.68,585.9,0,2,0,105,Sedan,Petrol,Lucknow,2.94
17.56,1.85,54.7,1879,51.6,2,3,17,24.2,1.51,4.73,284.9,0,2,1,118,MUV,Diesel,Chennai,3.6
20.64,0.28,43.4,1642,20.7,1,11,36,40.0,-4.73,4.23,13.5,1,1,0,192,SUV,Petrol,Jaipur,1.31
50.85,1.79,55.2,2388,59.8,1,17,35,30.1,-3.1,4.2,337.8,0,1,0,92,Hatchback,Diesel,Lucknow,2.16
32.85,1.85,56.0,1778,41.8,0,26,31,27.0,-1.59,1.46,148.8,1,1,0,166,SUV,Diesel,Jaipur,2.53
38.85,0.2,47.3,1773,23.1,0,24,31,34.2,-5.97,2.72,194.9,1,1,0,134,MUV,CNG,Mumbai,0.3
28.82,2.22,55.3,2105,62.7,1,7,19,31.3,4.06,0.18,479.4,0,2,0,189,SUV,Diesel,Kolkata,4.37
44.06,2.18,56.5,2133,55.0,0,16,29,18.0,-0.18,3.96,700.3,0,1,0,142,SUV,Petrol,Delhi,3.32
100.95,1.09,64.3,3209,53.1,1,1,5,41.2,-0.75,0.14,716.2,1,0,1,90,MUV,Petrol,Jaipur,3.09
10.31,1.32,46.0,1066,38.1,2,12,13,28.5,-2.98,0.46,242.4,0,2,0,160,SUV,Diesel,Bangalore,2.16
38.4,2.03,51.9,2045,64.5,0,18,20,37.1,1.86,3.26,0.9,1,1,0,78,Hatchback,CNG,Ahmedabad,2.87
39.31,1.67,57.7,2197,52.8,0,16,34,31.0,6.38,3.89,386.6,0,1,2,93,Hatchback,Diesel,Hyderabad,4.09
26.16,0.44,51.9,1697,19.6,1,28,30,22.0,1.69,3.52,709.8,1,1,0,142,Sedan,CNG,Lucknow,2.21
57.48,2.23,72.1,2929,64.0,1,22,26,32.9,-1.78,3.67,507.2,0,1,0,145,SUV,Petrol,Ahmedabad,4.19
16.32,0.82,42.0,1394,25.8,0,12,9,27.3,2.08,1.31,259.5,1,2,1,90,Hatchback,Petrol,Delhi,2.2
95.86,0.6,57.6,2873,41.4,0,1,7,16.3,1.75,1.18,421.1,0,0,0,83,Hatchback,Diesel,Lucknow,2.15
22.8,1.64,51.4,2004,48.5,1,6,10,27.4,1.89,2.86,750.2,0,1,1,174,SUV,Diesel,Bangalore,3.43
118.33,0.77,65.4,3427,45.5,0,1,2,34.9,-2.31,1.72,560.2,0,0,0,82,Hatchback,Petrol,Jaipur,2.42
88.94,1.57,72.2,3131,59.4,0,4,9,28.8,-3.15,0.89,314.2,0,0,0,121,MUV,Petrol,Mumbai,2.46
32.35,2.42,58.9,2268,62.9,2,28,31,28.9,2.11,4.29,423.0,0,1,0,121,Sedan,CNG,Pune,4.54
102.6,1.02,65.9,3393,48.6,0,3,7,22.3,0.43,3.3,300.6,0,0,1,113,MUV,Petrol,Bangalore,2.72
89.78,0.42,64.7,2973,31.8,1,2,0,29.0,1.11,2.41,129.5,0,0,2,113,MUV,CNG,Pune,2.72
14.66,1.47,52.2,1339,38.4,1,5,7,27.3,-1.66,3.15,215.4,1,2,0,77,Hatchback,Petrol,Delhi,2.12
55.45,2.48,69.5,2621,64.4,0,10,38,23.2,4.42,4.86,287.1,0,1,0,73,Hatchback,Petrol,Kolkata,4.86
46.23,0.62,51.4,1811,37.9,2,15,14,26.5,1.78,1.4,758.5,1,1,0,139,MUV,Petrol,Lucknow,2.7
51.62,0.95,57.6,2507,38.7,1,15,14,40.5,4.2,1.77,648.5,1,1,1,77,Hatchback,Petrol,Chennai,3.52
93.88,1.97,65.3,3633,64.1,2,4,6,37.8,-4.09,3.54,745.8,0,0,0,158,SUV,Diesel,Hyderabad,2.98
107.24,0.47,62.8,3247,28.5,1,3,7,25.0,-3.86,1.56,86.0,1,0,1,97,MUV,Petrol,Mumbai,1.49
76.34,1.04,61.8,2686,45.2,0,2,9,37.1,1.8,1.7,223.9,0,0,1,104,MUV,Petrol,Ahmedabad,2.77
37.33,1.23,52.8,1597,39.1,2,24,19,36.0,0.78,3.54,261.7,0,1,2,94,Hatchback,Petrol,Kolkata,3.68
14.29,0.52,43.2,1324,30.8,0,3,18,32.7,3.68,3.36,96.1,1,2,0,108,MUV,Diesel,Hyderabad,1.93
113.96,2.3,75.8,3676,81.5,0,4,7,33.5,8.64,0.52,777.8,1,0,2,105,Sedan,Diesel,Bangalore,5.56
57.59,1.84,62.1,2437,50.4,1,24,36,24.4,2.52,0.27,532.3,0,1,0,131,Sedan,Petrol,Ahmedabad,4.31
31.79,0.45,49.4,1577,28.0,1,12,16,28.6,-3.38,1.72,634.3,0,1,1,84,Hatchback,CNG,Bangalore,1.07
27.43,0.76,45.7,1371,23.2,0,2,16,30.3,-0.15,3.96,688.5,0,2,1,133,MUV,Diesel,Pune,1.63
58.59,2.17,62.0,2637,60.3,2,5,10,15.4,3.53,4.22,237.5,0,1,0,141,SUV,Petrol,Jaipur,5.0
52.35,1.45,61.4,2287,44.1,1,16,35,25.9,0.89,4.25,544.6,0,1,0,143,SUV,Petrol,Kolkata,3.85
56.96,0.16,51.3,1982,23.9,0,7,15,29.4,-2.9,1.2,402.4,0,1,0,142,SUV,Petrol,Chennai,0.73
30.99,2.33,62.5,2306,63.6,2,8,23,30.6,-0.07,4.86,405.2,0,1,0,95,Hatchback,CNG,Pune,4.18
10.66,1.65,52.0,1234,44.4,0,11,17,22.6,0.19,3.48,378.0,1,2,2,118,MUV,CNG,Kolkata,2.83
24.93,0.57,43.6,1668,26.2,0,4,14,33.5,-7.03,4.7,119.7,0,2,1,143,Sedan,Diesel,Pune,0.3
77.69,1.61,64.5,2683,54.7,0,3,5,27.0,-1.7,0.24,572.9,0,0,0,172,SUV,CNG,Chennai,2.41
56.74,1.9,61.3,2674,60.5,1,21,27,20.9,-2.09,0.72,334.7,1,1,0,80,Hatchback,CNG,Bangalore,2.62
56.4,1.39,61.6,2229,54.2,1,26,34,20.4,0.14,2.44,320.2,0,1,0,138,Sedan,CNG,Jaipur,2.89
43.02,0.76,54.3,1701,29.7,1,13,39,30.8,-0.23,3.7,219.7,0,1,0,99,Hatchback,CNG,Ahmedabad,2.25
30.16,0.6,50.5,1664,23.1,0,5,11,28.8,3.77,3.76,26.0,1,2,2,155,SUV,CNG,Jaipur,2.81
33.33,2.4,61.3,2292,67.8,1,7,23,18.3,-2.45,2.03,103.0,0,1,0,182,SUV,Petrol,Delhi,3.56
35.44,1.69,55.7,1778,49.7,2,6,12,31.6,0.68,3.1,71.2,0,1,0,94,MUV,Diesel,Chennai,3.1
32.14,0.64,47.6,1927,34.4,1,11,16,24.9,0.36,3.03,348.5,1,1,1,154,SUV,Petrol,Bangalore,2.26
70.57,2.46,67.8,2842,74.2,0,2,4,40.0,0.69,4.34,469.9,0,0,0,157,SUV,Petrol,Hyderabad,4.1
74.72,1.9,60.8,2922,57.7,0,0,9,32.6,4.72,3.01,85.8,0,0,0,127,Sedan,Diesel,Kolkata,3.47
32.93,0.94,55.9,1791,27.9,1,24,11,35.1,-1.52,4.68,716.6,0,1,0,195,SUV,Diesel,Ahmedabad,2.19
21.56,2.24,48.2,2093,54.4,1,12,23,40.9,4.71,4.48,392.3,0,2,0,105,Sedan,Petrol,Delhi,4.84
50.59,0.65,63.3,1817,26.0,1,19,32,18.9,2.03,0.52,710.0,0,1,0,91,Hatchback,Diesel,Jaipur,2.54
22.25,1.5,55.0,1719,48.4,0,3,10,32.6,-1.13,3.38,768.2,0,2,0,122,MUV,Petrol,Delhi,2.55
90.2,1.19,66.0,2979,47.1,0,0,4,20.8,-2.91,4.52,762.8,1,0,0,142,Sedan,Petrol,Lucknow,1.99
20.58,0.4,41.6,1390,14.4,0,19,38,38.0,2.02,3.32,391.3,0,1,1,82,Hatchback,Petrol,Chennai,2.36
47.77,0.13,48.5,1850,11.7,1,17,25,23.7,-0.38,1.19,77.1,0,1,2,128,MUV,Petrol,Delhi,1.95
34.26,1.12,48.2,1784,37.0,1,4,12,28.2,-0.89,2.9,196.1,1,2,0,146,Sedan,CNG,Pune,1.82
64.04,0.95,62.7,2453,38.8,0,2,5,27.8,2.9,3.96,17.6,0,0,2,81,Hatchback,Petrol,Bangalore,2.85
23.61,0.41,49.4,1230,26.4,1,5,34,28.4,0.64,0.53,171.7,1,1,0,83,Hatchback,Diesel,Mumbai,1.74
15.52,1.99,53.9,1748,50.6,0,3,8,21.2,-2.36,1.22,690.0,0,2,2,82,Hatchback,Diesel,Pune,2.15
26.2,2.12,57.3,2133,52.5,2,18,31,30.6,1.38,4.7,636.9,0,1,0,76,Hatchback,CNG,Bangalore,4.08
87.65,1.62,61.7,2987,61.6,1,2,9,18.8,3.09,1.56,579.0,1,0,2,82,Hatchback,Diesel,Pune,3.59
72.82,0.27,51.9,2415,31.3,1,4,2,25.4,-3.19,1.25,272.2,0,0,0,148,Sedan,Petrol,Ahmedabad,1.01
116.86,1.3,69.4,3571,57.4,1,3,1,31.9,-0.5,0.19,149.4,0,0,0,123,MUV,Diesel,Chennai,3.07
85.19,1.94,68.3,2863,75.4,0,4,5,25.2,-2.74,4.44,693.8,0,0,0,73,Hatchback,CNG,Mumbai,2.13
27.06,0.19,47.7,1379,17.0,2,25,33,44.4,0.05,3.81,261.9,0,1,2,153,SUV,Petrol,Jaipur,3.28
51.52,0.54,52.6,1698,33.4,1,6,19,31.7,-0.89,4.51,179.4,1,1,0,78,Hatchback,Diesel,Jaipur,1.28
14.74,0.16,44.7,1266,16.5,0,13,14,26.8,-1.03,3.02,722.5,0,2,1,120,MUV,CNG,Chennai,1.13
45.79,0.34,56.2,2050,25.2,2,26,26,32.1,-1.86,2.52,388.7,1,1,0,141,Sedan,Petrol,Ahmedabad,1.84
42.69,0.23,45.7,1482,16.2,2,13,39,26.8,-0.16,3.63,773.7,0,1,0,149,SUV,Petrol,Kolkata,2.5
64.29,1.21,57.1,2587,40.1,0,1,2,26.6,1.67,4.99,767.3,0,0,1,150,SUV,Diesel,Delhi,2.52
31.89,0.15,45.2,1685,17.4,0,2,6,28.2,-0.03,5.0,369.7,1,2,0,107,Sedan,CNG,Hyderabad,0.94
107.9,0.4,65.5,3301,31.3,0,1,5,41.6,3.4,0.21,660.7,0,0,0,89,Hatchback,CNG,Delhi,2.89
68.99,2.42,64.9,2964,70.0,2,1,9,22.8,-5.92,2.96,486.5,1,0,0,100,Sedan,Petrol,Pune,2.44
24.75,0.7,50.6,1466,26.6,2,4,7,23.6,5.18,4.67,742.0,0,2,0,110,Sedan,Petrol,Hyderabad,3.85
13.05,1.19,49.6,1452,38.8,0,5,10,25.4,-0.18,2.66,205.5,0,2,0,78,Hatchback,Diesel,Delhi,1.73
96.69,2.14,73.2,3540,73.8,2,3,9,31.2,-3.67,1.11,55.4,1,0,0,102,MUV,CNG,Bangalore,3.29
75.85,0.47,59.3,2393,29.4,0,2,0,35.2,-0.09,2.96,723.5,1,0,0,140,SUV,Petrol,Ahmedabad,1.58
100.16,2.01,68.5,3247,70.7,1,4,0,37.1,-2.16,2.9,304.1,0,0,1,80,Hatchback,Diesel,Ahmedabad,2.99
29.24,1.51,55.7,1748,37.2,0,12,23,33.8,-0.37,1.65,85.8,1,2,2,161,SUV,Diesel,Bangalore,2.71
106.05,2.17,74.8,3570,72.1,0,3,0,31.7,-1.07,0.16,584.9,1,0,0,195,SUV,CNG,Bangalore,3.55
48.47,1.96,55.1,2334,57.3,1,22,32,39.7,-5.2,4.89,318.3,0,1,0,152,SUV,CNG,Chennai,2.26
51.64,0.89,53.9,2083,33.4,1,18,24,27.5,0.21,4.21,701.0,0,1,1,179,SUV,Petrol,Delhi,3.09
35.37,2.03,57.3,2037,50.7,2,29,24,30.0,0.83,0.53,602.9,0,1,1,101,Sedan,Petrol,Kolkata,4.31
52.21,0.72,56.6,2165,41.4,0,18,14,18.4,-0.66,1.28,51.1,0,1,0,89,Hatchback,Petrol,Pune,1.83
52.66,1.85,60.1,2778,54.2,2,22,31,36.9,-0.86,4.16,89.2,0,1,0,78,Hatchback,Petrol,Chennai,3.85
30.33,0.47,48.8,1657,26.0,2,27,18,37.2,-2.67,2.06,793.6,1,1,2,139,Sedan,Petrol,Chennai,2.2
52.25,0.81,52.1,2075,30.5,2,25,26,23.6,-0.11,1.03,140.5,0,1,0,172,SUV,CNG,Kolkata,2.82
30.48,1.62,53.0,1881,46.5,1,9,16,39.7,3.67,4.54,329.3,0,2,0,166,SUV,Diesel,Kolkata,3.59
36.65,0.16,42.3,1610,19.1,1,23,31,29.6,-4.07,4.64,512.6,1,1,2,112,Sedan,Petrol,Kolkata,0.93
41.53,1.68,56.7,2173,57.8,2,21,37,30.9,4.6,0.44,342.2,1,1,0,132,MUV,Diesel,Pune,4.29
27.36,2.04,58.8,1852,51.7,0,11,17,32.9,-2.37,0.22,299.4,0,1,0,181,SUV,Diesel,Mumbai,2.66
55.57,2.03,62.1,2817,69.6,2,14,26,25.2,4.75,3.28,48.6,0,1,0,86,Hatchback,CNG,Mumbai,4.81
55.04,0.74,57.6,2026,39.4,2,20,12,38.4,-3.55,3.61,243.2,1,1,1,76,Hatchback,Petrol,Kolkata,1.58
28.97,2.33,57.3,2131,71.0,0,28,10,43.8,0.41,3.1,410.0,0,1,0,166,SUV,Diesel,Lucknow,3.36
29.05,0.44,52.6,1463,29.5,0,5,21,33.0,-2.9,0.47,787.9,0,2,0,87,Hatchback,Petrol,Jaipur,0.86
36.62,1.78,54.8,2426,64.8,1,23,34,30.1,-0.79,3.74,583.6,1,1,1,106,Sedan,CNG,Bangalore,2.99
35.44,1.96,55.3,2128,62.5,1,23,12,41.6,-0.02,4.24,347.4,1,1,2,123,Sedan,Petrol,Chennai,3.5
43.1,2.12,65.3,2415,57.9,1,11,20,28.8,4.12,4.97,99.5,0,1,0,97,Hatchback,CNG,Mumbai,4.19
19.21,0.97,49.3,1518,35.5,1,14,8,35.2,0.37,0.41,24.0,0,2,0,105,Sedan,Petrol,Mumbai,2.65
25.96,1.54,55.4,1906,46.8,2,9,30,39.7,-3.01,4.73,75.2,0,1,0,126,MUV,Diesel,Chennai,2.76
99.0,2.3,70.3,3613,73.8,0,3,6,32.7,-8.93,4.36,137.7,1,0,0,199,SUV,Petrol,Chennai,1.88
82.55,1.13,63.9,2947,57.3,0,3,5,20.7,0.1,0.4,282.4,0,0,0,180,SUV,CNG,Bangalore,2.79
28.58,0.43,49.6,1682,26.6,0,8,22,36.6,2.75,3.46,566.2,0,1,1,114,Sedan,Petrol,Mumbai,2.5
55.33,0.74,57.1,2096,34.1,1,5,20,31.8,1.0,0.49,600.8,0,1,0,80,Hatchback,CNG,Kolkata,2.36
24.62,1.85,61.3,1867,55.2,1,8,15,34.1,0.93,4.59,515.8,0,1,1,158,SUV,CNG,Chennai,3.93
69.15,1.42,62.8,2644,50.1,2,0,2,33.7,-0.95,0.23,542.0,1,0,1,140,SUV,Petrol,Chennai,3.36
66.56,0.44,52.7,2304,26.3,0,4,2,20.1,-3.75,2.5,367.2,0,0,1,147,Sedan,Diesel,Ahmedabad,0.79
25.92,1.68,53.1,1851,43.0,1,24,36,28.6,0.26,3.31,291.0,1,1,0,117,Sedan,Diesel,Hyderabad,2.85
46.0,1.71,60.0,2328,46.6,2,23,18,28.2,-2.11,1.16,207.4,1,1,1,116,Sedan,Petrol,Chennai,3.14
43.81,0.11,50.9,1522,11.8,2,26,18,30.3,1.96,4.79,447.3,0,1,1,149,Sedan,Petrol,Kolkata,2.81
38.88,0.98,57.6,1863,36.4,2,17,17,40.8,-2.47,4.43,265.2,0,1,1,147,Sedan,Diesel,Lucknow,2.4
27.08,2.11,61.7,1923,53.4,2,28,36,18.6,-0.51,0.77,477.7,0,1,2,98,Hatchback,Petrol,Lucknow,4.43
93.59,1.74,72.6,3194,59.2,0,4,7,36.8,-1.08,1.23,584.5,0,0,0,176,SUV,Petrol,Delhi,3.69
14.4,1.49,45.3,1562,48.9,2,7,22,43.9,4.61,0.49,728.6,0,2,0,86,Hatchback,CNG,Jaipur,4.1
47.03,1.55,57.0,2310,51.9,1,29,34,28.1,-1.31,0.83,445.9,0,1,2,101,MUV,CNG,Pune,2.93
43.67,2.15,60.0,2263,64.7,2,12,39,37.4,-0.47,1.02,129.9,1,1,0,90,Hatchback,Petrol,Jaipur,3.9
49.27,1.35,59.1,2367,43.2,1,20,27,37.7,-1.49,0.43,777.3,1,1,0,180,SUV,Petrol,Hyderabad,3.03
118.93,0.62,72.6,3622,48.4,1,0,0,35.8,-3.22,3.0,453.4,0,0,0,112,MUV,CNG,Lucknow,2.39
55.83,0.17,57.4,2080,26.5,2,23,21,30.4,-2.21,4.32,384.7,0,1,0,159,SUV,Diesel,Bangalore,1.85
15.67,0.96,47.6,1499,38.1,0,6,7,34.8,0.6,2.15,114.7,1,2,2,197,SUV,Petrol,Delhi,2.84
73.66,1.4,56.9,2815,52.5,0,4,5,39.5,2.47,3.29,667.3,1,0,1,80,Hatchback,Petrol,Chennai,3.03
20.81,0.71,43.5,1424,29.9,2,5,16,26.4,2.58,0.57,433.4,1,2,0,125,MUV,Diesel,Chennai,2.67
95.7,0.37,60.7,3181,35.2,1,2,1,27.1,-2.75,0.17,555.1,0,0,1,98,Hatchback,Petrol,Pune,1.68
20.49,1.04,50.5,1518,35.0,1,26,19,35.6,-3.57,1.01,626.7,0,1,0,137,Sedan,Diesel,Pune,1.5
30.28,1.53,54.8,1841,50.7,2,11,23,22.0,-3.71,4.93,743.5,1,2,0,196,SUV,Diesel,Hyderabad,2.46
102.27,2.06,74.1,3601,59.3,0,0,3,26.3,4.84,3.04,690.1,0,0,2,186,SUV,Diesel,Bangalore,4.61
33.89,0.16,43.5,1304,14.9,1,6,5,32.7,1.81,4.66,767.9,1,2,0,109,Sedan,CNG,Bangalore,1.68
86.15,0.7,62.5,2805,39.2,2,2,3,19.2,-1.49,1.79,401.4,0,0,0,103,MUV,Diesel,Pune,2.04
20.02,2.29,54.3,2118,66.2,1,10,17,34.4,-0.87,3.7,534.2,1,1,1,140,SUV,CNG,Kolkata,3.54
88.34,0.52,52.6,2727,36.4,0,2,1,27.3,1.49,3.48,77.8,1,0,2,190,SUV,Diesel,Hyderabad,2.19
55.4,1.99,59.5,2808,64.5,2,28,20,26.6,3.64,2.42,437.6,0,1,0,189,SUV,Diesel,Jaipur,4.43
56.8,2.08,62.6,2550,58.6,1,8,31,21.7,0.87,4.1,60.1,0,1,2,194,SUV,Petrol,Bangalore,4.7
24.22,0.14,37.2,1130,18.3,2,12,14,29.0,0.23,3.23,512.8,0,1,1,189,SUV,CNG,Mumbai,2.17
10.08,0.9,47.0,1309,25.6,0,8,18,21.0,-3.45,3.36,233.4,0,2,0,99,Hatchback,CNG,Ahmedabad,1.33
51.03,1.08,57.3,2328,41.4,2,6,38,36.4,2.88,3.37,73.6,1,1,1,105,MUV,Petrol,Lucknow,4.16
82.16,0.17,61.2,2656,36.5,1,4,9,34.3,-6.28,1.21,738.9,0,0,0,103,Sedan,Diesel,Mumbai,0.33
30.06,0.41,46.2,1780,24.7,0,13,19,15.2,-0.48,0.62,170.8,0,2,0,111,MUV,Petrol,Jaipur,1.56
32.06,1.06,50.8,1880,42.8,0,14,10,21.1,1.64,1.42,213.7,0,2,1,79,Hatchback,Diesel,Lucknow,2.2
33.38,2.4,61.6,2346,66.4,1,3,19,29.7,0.98,4.61,107.6,0,2,0,147,SUV,Diesel,Bangalore,3.9
36.6,0.42,48.9,1656,26.4,1,11,23,30.7,-4.26,1.36,274.4,0,1,0,73,Hatchback,Diesel,Chennai,0.6
30.48,0.25,44.9,1374,9.9,2,26,11,22.3,4.92,0.53,395.8,0,1,0,188,SUV,Diesel,Kolkata,2.98
100.65,1.1,66.6,3102,42.3,1,0,0,35.1,-6.04,0.37,620.1,0,0,1,114,MUV,Petrol,Hyderabad,1.72
109.16,2.24,78.7,3718,77.7,1,2,1,36.1,-2.45,4.17,273.4,1,0,0,84,Hatchback,Diesel,Mumbai,3.2
114.62,2.26,71.5,3774,73.6,0,3,1,43.6,3.21,2.76,591.9,1,0,0,178,SUV,Diesel,Jaipur,4.31
84.98,1.41,63.2,2811,49.6,0,2,9,25.4,-1.2,3.15,259.8,1,0,2,81,Hatchback,Diesel,Jaipur,2.09
48.8,2.25,61.1,2638,54.7,0,20,29,33.8,1.68,1.44,393.7,0,1,0,138,MUV,Diesel,Jaipur,3.4
56.58,2.37,63.0,2724,58.7,0,15,21,16.3,-3.78,0.56,214.0,1,1,2,177,SUV,Diesel,Lucknow,2.74
28.28,1.76,52.1,1876,50.1,1,12,27,22.6,0.46,2.7,169.1,0,1,0,149,Sedan,Petrol,Delhi,3.16
49.29,1.86,57.6,2483,62.6,2,21,33,36.8,1.38,3.44,190.0,0,1,0,98,Hatchback,Diesel,Mumbai,3.52
57.32,0.56,58.5,2257,28.9,2,18,23,35.4,2.32,3.26,220.1,1,1,0,151,SUV,Diesel,Kolkata,2.99
36.03,1.87,50.4,2292,57.9,1,20,18,19.7,-1.01,2.87,482.6,1,1,2,70,Hatchback,Diesel,Pune,2.44
20.46,2.15,57.6,1812,56.9,1,8,16,27.8,2.54,0.88,616.3,1,1,0,119,Sedan,Diesel,Hyderabad,3.53
32.44,2.1,51.3,2107,56.2,2,17,37,32.9,0.17,2.77,342.0,1,1,2,99,Hatchback,Petrol,Bangalore,4.14
41.28,1.44,57.7,1885,44.2,2,15,25,27.6,4.3,4.92,428.5,0,1,0,132,MUV,CNG,Jaipur,4.42
17.29,0.91,53.6,1406,32.0,0,9,8,32.0,-3.29,4.59,142.4,0,2,0,152,SUV,Petrol,Ahmedabad,1.49
72.41,0.49,62.5,2300,25.6,0,0,5,31.7,0.68,3.47,372.3,0,0,0,119,Sedan,Petrol,Mumbai,2.24
84.68,1.98,72.0,2944,66.3,1,4,9,27.3,-2.64,1.45,144.0,0,0,0,106,MUV,Petrol,Hyderabad,3.16
17.3,2.08,50.4,1821,49.0,0,8,6,35.3,-0.58,0.68,604.9,0,2,1,111,Sedan,Petrol,Pune,3.16
62.91,2.27,65.5,2815,55.7,1,0,0,35.3,3.43,3.79,91.2,0,0,0,110,MUV,Petrol,Lucknow,4.77
28.64,1.58,55.7,2087,50.6,0,9,7,40.5,-3.44,1.8,52.2,1,2,1,74,Hatchback,Petrol,Chennai,1.65
50.59,2.08,56.8,2368,54.4,0,28,29,37.9,-1.54,4.67,20.3,1,1,0,118,MUV,Petrol,Jaipur,2.79
22.97,0.74,49.9,1531,32.9,1,27,24,18.7,0.48,4.2,798.3,1,1,0,118,Sedan,Petrol,Pune,2.6
20.06,1.28,50.7,1789,40.4,2,5,35,36.9,2.43,3.42,789.8,0,1,0,73,Hatchback,Petrol,Mumbai,3.92
56.52,0.29,49.3,2241,23.0,1,18,39,18.0,1.66,1.89,733.1,0,1,0,83,Hatchback,Petrol,Lucknow,2.36
113.73,1.82,72.8,3701,58.6,1,1,7,33.9,0.49,4.39,347.2,1,0,2,141,Sedan,Petrol,Bangalore,4.67
26.98,0.38,47.3,1593,22.4,2,9,10,41.1,1.47,4.72,598.8,1,1,0,91,Hatchback,Petrol,Jaipur,2.45
59.3,0.81,56.2,2225,27.9,1,12,35,15.6,-1.48,0.58,341.7,1,1,0,97,MUV,Petrol,Jaipur,1.98
20.88,0.91,52.2,1672,38.6,1,9,9,27.4,-2.46,2.8,784.3,0,2,0,145,Sedan,CNG,Kolkata,1.77
80.0,1.53,63.2,2744,58.7,0,2,8,21.7,-3.24,1.11,753.3,0,0,1,130,MUV,Petrol,Delhi,2.03
25.12,1.8,57.5,1708,51.6,1,12,15,25.6,-0.73,1.19,280.9,0,2,1,131,MUV,Petrol,Ahmedabad,3.23
97.46,2.14,68.6,3459,73.5,1,4,4,39.7,-0.01,2.67,657.4,0,0,1,79,Hatchback,Petrol,Delhi,4.05
29.87,1.8,58.9,1920,45.2,1,22,36,24.6,-1.7,4.46,603.1,0,1,0,176,SUV,Petrol,Ahmedabad,3.71
94.25,1.81,71.2,3267,68.8,0,1,3,20.4,-5.85,3.47,306.3,1,0,0,128,MUV,Petrol,Bangalore,1.81
20.87,2.29,52.9,1961,59.6,0,5,6,31.3,1.63,2.4,318.5,0,2,1,95,Hatchback,Petrol,Chennai,3.7
58.65,0.42,59.6,2005,30.9,1,7,31,18.4,3.15,0.87,564.6,0,1,1,199,SUV,Petrol,Jaipur,3.93
22.87,2.0,51.7,1682,49.9,0,18,18,43.4,2.65,1.49,432.8,0,1,1,85,Hatchback,Petrol,Ahmedabad,4.01
56.04,0.57,54.4,2100,36.6,0,25,33,33.6,-0.82,4.53,133.0,1,1,2,188,SUV,CNG,Jaipur,2.16
49.35,0.54,50.6,2014,30.1,0,25,30,32.9,-4.3,0.75,198.6,0,1,0,129,MUV,Diesel,Pune,0.76
19.29,1.39,52.7,1821,39.2,1,2,8,28.2,-3.92,4.46,669.5,1,2,0,91,MUV,Petrol,Bangalore,1.56
16.78,1.51,54.6,1577,38.6,0,8,8,33.5,-2.9,0.48,430.8,0,2,0,125,MUV,Petrol,Pune,1.87
75.4,1.21,58.2,2450,38.5,0,3,5,32.1,4.75,3.96,696.4,0,0,0,139,Sedan,Petrol,Delhi,3.61
34.6,1.4,56.7,2220,41.2,0,6,12,29.4,6.36,3.82,60.2,1,2,1,142,Sedan,Diesel,Delhi,3.71
20.07,2.31,55.8,1860,68.2,1,2,14,31.8,-1.2,0.77,17.1,0,2,0,112,Sedan,Diesel,Mumbai,2.92
33.92,0.36,55.4,1642,22.3,2,14,32,43.5,0.68,0.52,367.1,0,1,0,121,Sedan,Diesel,Lucknow,2.8
55.65,1.52,54.1,2449,58.8,1,27,16,22.1,4.29,3.41,76.3,0,1,0,144,Sedan,Petrol,Lucknow,4.18
19.76,1.5,50.4,1635,48.0,1,3,10,25.1,-0.14,2.01,626.0,0,2,0,82,Hatchback,Petrol,Delhi,2.7
70.0,0.51,55.8,2660,30.0,2,0,6,33.2,1.92,3.16,271.7,0,0,0,108,Sedan,Petrol,Chennai,2.88
84.68,2.01,70.5,3350,62.1,2,2,6,27.1,-3.36,4.58,591.0,0,0,0,109,MUV,Petrol,Mumbai,3.33
20.34,0.39,50.8,1422,19.0,0,18,15,36.6,2.27,2.76,536.8,1,1,1,90,Hatchback,Petrol,Kolkata,2.12
33.35,0.61,51.9,1541,34.9,1,26,34,36.5,-7.67,3.14,464.0,0,1,2,143,Sedan,Petrol,Delhi,1.09
10.38,1.85,49.3,1416,44.8,1,12,7,30.9,2.32,4.75,476.6,0,2,0,124,MUV,Petrol,Chennai,3.79
20.18,0.56,41.0,1485,24.6,1,28,13,27.3,-1.16,1.75,775.6,1,1,0,73,Hatchback,Diesel,Mumbai,1.07
22.19,0.47,46.4,1469,23.2,2,13,6,30.8,-3.05,3.38,31.9,0,2,2,71,Hatchback,Diesel,Mumbai,1.52
20.94,2.39,55.1,1751,56.4,2,19,25,26.5,1.24,4.59,621.7,1,1,1,77,Hatchback,Diesel,Kolkata,3.89
39.03,1.13,48.8,1998,39.0,1,28,33,28.0,5.12,2.14,260.7,0,1,0,150,SUV,Petrol,Hyderabad,4.2
40.15,1.89,57.4,1965,58.5,2,6,35,27.1,4.93,2.62,342.6,0,1,0,101,Sedan,Diesel,Delhi,4.38
41.85,1.48,57.6,2115,40.2,1,10,22,30.1,2.28,3.67,389.1,0,1,1,187,SUV,Petrol,Hyderabad,4.32
97.56,2.31,71.6,3539,75.8,1,2,0,32.9,-3.42,0.6,363.8,0,0,0,164,SUV,Diesel,Jaipur,3.15
95.48,2.12,66.3,3517,60.8,0,0,2,30.2,0.4,4.08,370.1,1,0,0,134,MUV,Diesel,Bangalore,3.0
33.06,2.13,57.7,2041,56.7,0,21,23,34.5,-2.82,3.7,483.7,0,1,0,109,MUV,CNG,Lucknow,2.44
21.11,1.23,50.5,1811,31.4,1,12,14,20.2,-3.38,1.34,389.4,0,2,0,80,Hatchback,CNG,Lucknow,1.64
90.38,2.12,64.4,3249,67.5,0,3,6,43.0,-1.97,3.89,116.9,0,0,2,147,Sedan,Diesel,Delhi,3.07
111.7,1.52,73.7,3430,50.8,0,3,9,33.0,5.01,2.08,156.2,0,0,0,110,Sedan,Petrol,Ahmedabad,4.74
33.89,1.38,48.6,1893,38.0,1,2,5,35.8,-4.2,1.77,426.5,1,2,1,99,Hatchback,Petrol,Delhi,1.51
29.94,2.21,52.3,1883,59.0,2,26,17,22.4,-1.79,1.07,277.0,0,1,0,104,Sedan,Diesel,Lucknow,2.82
57.58,0.81,54.6,2029,37.3,1,19,30,21.2,-0.92,4.05,583.1,0,1,1,94,MUV,Petrol,Ahmedabad,2.47
73.79,0.46,59.8,2686,34.1,1,4,1,26.2,2.59,3.04,556.5,0,0,0,144,Sedan,Petrol,Kolkata,2.81
10.01,0.41,43.1,1042,12.4,2,12,11,21.0,2.76,1.89,596.9,0,2,1,85,Hatchback,Petrol,Bangalore,3.09
52.13,0.47,61.2,1744,21.2,1,23,10,41.1,3.99,2.64,429.8,0,1,1,128,MUV,Petrol,Lucknow,3.52
102.0,1.29,70.8,3296,56.4,0,1,5,31.9,0.03,0.82,224.2,0,0,0,185,SUV,Petrol,Mumbai,3.36
93.82,2.5,74.8,3475,78.2,1,4,4,25.0,1.26,2.65,501.2,0,0,1,70,Hatchback,Diesel,Jaipur,3.9
22.02,0.83,47.4,1331,22.5,1,8,11,35.9,3.51,2.42,778.8,1,1,0,145,Sedan,Petrol,Hyderabad,3.31
36.27,2.34,59.3,2102,69.2,2,26,27,18.9,-2.16,2.34,146.9,0,1,1,92,Hatchback,CNG,Jaipur,3.57
83.2,0.23,60.3,2774,24.6,0,1,3,33.9,-4.58,4.07,330.5,0,0,0,117,MUV,Petrol,Mumbai,0.49
30.63,1.37,56.3,1886,41.2,2,21,17,34.2,2.22,1.59,348.9,0,1,0,141,Sedan,Petrol,Delhi,4.29
40.94,0.51,52.8,1764,33.8,2,13,20,20.8,-1.21,1.09,394.9,0,1,2,93,Hatchback,Petrol,Ahmedabad,2.39
55.42,1.57,56.4,2228,52.4,1,27,29,42.5,3.02,2.05,52.3,0,1,0,124,MUV,Petrol,Ahmedabad,4.11
42.99,1.08,54.2,2236,44.9,1,10,28,28.8,-1.83,2.23,631.4,0,1,0,72,Hatchback,CNG,Chennai,1.85
62.43,0.92,57.9,2319,42.5,1,0,9,39.0,-3.03,2.43,12.8,1,0,0,199,SUV,CNG,Ahmedabad,1.9
104.05,1.06,67.4,3388,43.4,1,3,2,21.1,4.76,2.36,646.4,0,0,0,103,MUV,Diesel,Jaipur,3.64
62.81,2.34,64.8,2868,63.1,1,0,8,29.1,-1.79,1.66,427.7,1,0,0,161,SUV,Petrol,Delhi,3.44
55.35,1.45,61.6,2530,55.0,1,29,14,29.0,1.85,0.81,657.2,1,1,1,92,MUV,Petrol,Jaipur,3.42
19.55,1.57,50.9,1909,41.0,1,5,18,39.7,1.92,4.9,105.5,0,2,0,106,MUV,Diesel,Hyderabad,3.36
22.66,0.5,45.8,1393,29.5,1,14,14,31.3,0.4,2.06,518.7,0,2,0,117,Sedan,CNG,Jaipur,1.93
56.74,2.4,63.6,2785,68.9,1,13,16,37.3,-1.63,3.65,355.3,1,1,1,122,MUV,Diesel,Mumbai,3.27
15.33,0.27,47.0,1173,13.9,0,14,11,36.8,-0.51,1.06,435.6,0,2,0,146,Sedan,Diesel,Jaipur,1.5
84.1,0.23,60.8,2591,34.6,0,0,3,36.3,-0.45,2.21,480.3,1,0,0,99,MUV,Diesel,Lucknow,1.17
31.0,1.09,53.5,1867,29.6,2,13,19,44.3,2.62,4.68,393.5,0,1,0,90,MUV,Petrol,Jaipur,3.78
66.21,0.59,52.6,2092,36.9,0,3,2,21.7,5.1,3.5,227.9,0,0,0,187,SUV,Diesel,Delhi,2.78
20.6,0.47,47.4,1694,20.4,0,10,15,34.1,3.89,0.32,660.4,0,1,1,130,Sedan,Diesel,Hyderabad,2.37
55.12,1.65,55.1,2402,59.0,2,24,39,21.5,-2.63,1.72,493.9,0,1,2,134,MUV,CNG,Ahmedabad,3.07
33.46,2.38,63.3,2408,64.8,0,22,25,39.6,-2.02,2.71,488.7,0,1,0,141,Sedan,Diesel,Chennai,3.11
36.07,1.19,52.7,1884,44.8,1,25,21,33.0,1.27,1.67,570.2,0,1,0,93,MUV,Petrol,Chennai,3.08
30.37,1.57,60.0,1599,47.0,1,16,36,35.1,0.39,4.82,212.9,0,1,1,139,Sedan,Diesel,Mumbai,3.04
36.66,0.91,47.2,1912,29.5,2,15,37,34.1,6.6,2.73,428.3,1,1,0,98,Hatchback,Petrol,Pune,4.55
78.71,0.56,59.3,2634,35.5,0,2,3,26.4,2.07,2.87,384.1,1,0,1,107,MUV,CNG,Lucknow,1.98
36.62,1.74,55.9,2143,59.7,2,17,25,30.5,0.84,3.13,717.4,0,1,0,146,Sedan,Petrol,Pune,4.07
29.69,1.83,56.5,1799,55.0,1,8,24,31.8,5.51,1.14,221.3,0,2,1,107,Sedan,Petrol,Chennai,4.95
112.11,0.93,70.1,3143,43.3,0,0,0,26.7,4.03,4.91,201.2,0,0,1,83,Hatchback,Petrol,Bangalore,3.78
26.02,1.26,50.2,1548,49.0,2,16,31,37.0,0.22,4.23,66.1,1,1,0,141,SUV,Petrol,Hyderabad,3.42
82.43,0.27,64.9,2815,23.7,0,4,7,31.3,0.64,1.37,178.2,0,0,0,90,MUV,CNG,Ahmedabad,1.6
33.07,1.33,55.2,1884,38.6,2,28,17,25.1,-5.15,3.85,60.8,0,1,0,128,MUV,Petrol,Kolkata,1.87
33.56,2.48,62.1,1849,60.4,0,6,14,41.4,-1.3,1.19,140.4,0,2,0,124,MUV,Petrol,Lucknow,3.57
51.7,2.28,60.1,2713,59.6,2,12,18,34.7,-1.83,3.42,209.3,0,1,0,105,MUV,CNG,Hyderabad,3.58
107.67,2.32,73.6,3508,64.3,1,2,5,34.1,-4.13,4.84,62.8,0,0,2,119,Sedan,Petrol,Ahmedabad,4.13
21.59,0.46,47.4,1574,13.4,2,19,30,32.3,6.64,0.19,64.3,0,1,0,112,Sedan,Petrol,Hyderabad,4.18
28.99,2.08,57.4,2015,62.8,1,14,20,42.2,-2.94,0.1,514.1,0,2,0,72,Hatchback,Petrol,Ahmedabad,2.87
81.58,1.84,65.4,3122,64.7,2,1,3,19.2,-4.05,4.42,493.9,1,0,0,185,SUV,Diesel,Lucknow,2.69
22.28,1.36,51.2,1645,43.3,0,9,14,20.9,1.91,1.84,251.2,0,1,0,80,Hatchback,Diesel,Bangalore,2.35
17.81,0.38,45.4,1307,23.2,2,6,15,36.3,5.36,1.75,122.7,1,2,1,73,Hatchback,Diesel,Ahmedabad,3.1
23.58,1.46,51.6,2087,44.0,0,10,24,27.2,0.68,4.89,188.5,1,2,0,94,Hatchback,Petrol,Jaipur,2.62
16.81,1.97,53.3,1898,60.1,0,11,17,30.9,-1.83,1.42,656.0,1,2,0,166,SUV,CNG,Mumbai,2.68
15.35,1.17,49.6,1237,29.2,1,5,19,26.2,-5.04,2.09,223.5,0,2,1,131,Sedan,Diesel,Chennai,1.37
109.96,0.78,66.5,3064,39.4,0,1,0,30.8,3.44,0.16,609.4,0,0,0,93,Hatchback,Diesel,Hyderabad,2.9
26.77,2.23,55.6,1953,65.1,0,22,23,40.2,0.68,4.89,686.7,1,1,1,92,Hatchback,CNG,Lucknow,3.21
50.23,0.7,54.1,2299,36.6,0,22,23,40.7,-0.74,2.79,553.4,1,1,0,143,SUV,Petrol,Ahmedabad,2.16
22.83,1.74,56.8,1703,52.0,1,28,17,26.2,3.64,0.69,113.0,1,1,1,137,Sedan,Petrol,Delhi,4.31
55.32,0.94,58.7,2036,22.1,0,15,23,18.2,-0.4,1.04,229.3,1,1,0,97,MUV,Diesel,Jaipur,1.51
116.08,2.47,74.4,4078,81.0,0,3,9,22.6,-1.24,4.44,376.7,1,0,0,83,Hatchback,Diesel,Lucknow,3.02
17.41,0.45,45.5,1648,18.2,1,13,9,24.0,4.44,0.58,701.7,0,2,2,134,MUV,Diesel,Hyderabad,2.95
25.16,1.32,51.3,1374,41.7,1,12,5,39.4,-4.14,2.42,88.1,1,2,0,92,MUV,Diesel,Kolkata,1.11
34.73,1.12,47.8,2057,41.9,0,3,6,31.5,2.88,3.6,411.7,1,2,2,191,SUV,Diesel,Kolkata,3.08
57.05,0.42,58.1,2224,22.1,2,5,37,26.2,-3.84,3.75,414.0,0,1,2,122,MUV,Diesel,Jaipur,1.79
19.85,0.94,47.6,1283,34.1,2,5,8,28.1,5.13,4.12,784.0,1,2,0,163,SUV,Diesel,Bangalore,3.27
78.21,0.82,55.6,2660,33.3,0,1,6,42.1,4.35,4.14,560.5,0,0,0,92,Hatchback,Petrol,Delhi,3.14
53.25,1.63,61.1,2476,56.0,0,5,37,23.6,0.15,0.2,181.1,0,1,0,145,SUV,Petrol,Jaipur,3.19
23.33,2.11,55.6,1701,62.6,1,13,11,27.4,-1.47,2.84,1.4,0,2,2,125,MUV,Petrol,Bangalore,3.54
51.66,2.14,60.9,2683,61.2,1,9,16,29.6,3.17,2.33,644.4,0,1,0,107,MUV,CNG,Kolkata,4.14
26.4,0.17,41.2,1622,26.4,1,6,8,32.2,0.88,2.11,383.1,0,2,1,174,SUV,Diesel,Ahmedabad,1.75
36.18,1.48,53.7,2066,47.0,2,8,12,26.0,1.0,1.06,499.3,0,1,0,109,MUV,Diesel,Mumbai,2.73
26.99,0.2,46.5,1389,9.3,2,5,6,34.6,1.57,2.94,571.9,0,2,2,95,Hatchback,Diesel,Mumbai,2.37
24.26,2.01,54.1,1660,61.4,2,25,18,28.3,8.1,4.92,611.3,0,1,2,198,SUV,Petrol,Mumbai,6.63
30.82,2.18,55.4,2340,65.2,2,14,29,28.5,2.66,4.4,62.8,0,1,0,134,MUV,Diesel,Hyderabad,4.27
111.05,1.6,72.6,3548,59.9,0,3,3,22.8,-3.52,2.96,658.8,0,0,0,168,SUV,Diesel,Pune,2.45
70.99,0.12,52.2,2448,27.7,0,0,9,36.6,1.46,1.84,474.6,1,0,1,146,Sedan,Petrol,Jaipur,1.82
28.77,2.41,59.6,2265,65.3,2,15,33,28.4,1.16,4.9,121.4,0,1,0,98,Hatchback,Diesel,Jaipur,4.06
29.32,1.21,54.8,2002,45.8,0,14,16,37.8,-0.55,3.4,39.7,1,1,1,109,MUV,Diesel,Hyderabad,1.93
25.13,1.17,51.3,1732,42.8,1,21,13,25.5,1.01,4.55,45.7,0,1,0,147,Sedan,Petrol,Lucknow,2.85
79.87,2.33,70.4,3318,76.7,0,4,2,32.8,2.58,2.23,158.7,0,0,1,199,SUV,CNG,Mumbai,4.52
45.4,0.86,51.7,2040,37.0,0,23,28,28.5,-0.6,4.32,536.5,1,1,1,97,MUV,CNG,Kolkata,1.62
21.54,1.57,50.3,1881,51.9,1,11,18,24.9,-3.66,1.55,793.1,0,2,0,161,SUV,Petrol,Hyderabad,2.36
58.56,1.54,55.5,2248,48.3,2,14,25,21.1,2.48,1.71,412.5,0,1,0,159,SUV,CNG,Pune,4.17
45.14,0.49,54.2,1985,22.8,1,20,10,39.1,-2.36,2.4,352.7,0,1,1,101,MUV,CNG,Ahmedabad,1.41
49.47,0.37,52.2,2038,39.9,1,26,18,27.9,5.24,0.65,776.3,0,1,0,94,Hatchback,Diesel,Hyderabad,2.68
27.72,0.67,47.6,1297,24.5,0,11,8,32.2,-2.49,1.37,468.3,1,2,0,92,Hatchback,Diesel,Mumbai,0.5
74.38,1.71,67.4,2951,50.2,0,4,4,21.0,1.34,1.72,644.1,0,0,0,154,SUV,Diesel,Jaipur,2.82
43.5,1.75,56.5,2094,60.0,1,6,23,18.4,-3.33,3.29,179.4,0,1,0,98,Hatchback,Diesel,Pune,2.01
35.29,1.92,52.9,2326,59.4,2,8,15,32.8,-4.24,4.16,106.4,0,1,0,98,MUV,Diesel,Bangalore,2.25
37.99,2.02,58.0,2369,56.3,1,13,11,39.1,6.0,0.26,110.4,1,1,2,106,MUV,Petrol,Ahmedabad,5.1
23.16,1.58,48.0,1802,45.1,2,5,12,25.0,0.97,0.8,490.4,0,1,0,138,MUV,Petrol,Hyderabad,3.57
79.62,2.12,63.8,3062,64.5,0,0,2,25.9,3.71,3.31,571.2,0,0,1,112,Sedan,CNG,Chennai,3.95
70.21,0.92,52.8,2155,40.4,2,3,1,28.7,-1.49,1.38,95.3,0,0,1,142,SUV,Petrol,Pune,2.38
28.51,0.15,48.9,1609,20.7,2,14,14,40.1,3.56,1.78,179.1,0,2,1,126,Sedan,CNG,Lucknow,3.28
30.51,0.17,47.7,1588,23.3,1,24,24,36.0,3.24,1.22,266.2,1,1,0,122,Sedan,Petrol,Chennai,2.55
44.4,0.5,52.8,1643,31.1,2,24,11,28.3,-4.58,2.73,642.9,1,1,1,180,SUV,Petrol,Mumbai,1.5
23.56,1.49,52.9,1911,39.4,2,11,20,25.1,3.57,3.22,781.5,1,1,1,73,Hatchback,Petrol,Kolkata,3.94
31.01,1.72,58.7,2106,49.0,0,26,35,30.4,-0.62,3.83,329.4,0,1,2,144,Sedan,Petrol,Bangalore,3.44
56.51,1.73,60.3,2462,55.2,2,24,35,24.1,3.47,0.56,12.1,0,1,0,86,Hatchback,Petrol,Pune,4.5
26.87,0.5,49.2,1513,34.5,1,16,31,36.5,4.15,4.15,48.9,0,1,0,176,SUV,Petrol,Lucknow,3.76
13.47,0.49,46.1,1417,21.0,1,8,24,30.6,-2.97,1.56,700.4,0,2,1,125,Sedan,CNG,Kolkata,1.86
14.7,0.72,47.4,1476,25.5,0,10,14,36.3,0.73,0.75,463.4,0,2,0,174,SUV,CNG,Kolkata,2.09
113.15,0.8,72.1,3298,42.2,0,1,0,27.8,-5.55,2.87,796.1,0,0,0,114,MUV,Petrol,Lucknow,1.23
44.28,0.37,53.8,1911,29.9,2,16,12,17.7,1.87,2.84,630.7,0,1,2,186,SUV,Petrol,Jaipur,3.53
56.74,0.62,55.9,2219,28.4,2,24,36,34.7,3.01,2.66,239.8,1,1,2,89,Hatchback,Petrol,Hyderabad,3.55
28.07,1.47,50.1,1633,46.5,1,7,17,24.9,-1.15,3.97,141.2,0,1,1,120,MUV,Petrol,Ahmedabad,2.54
14.85,1.2,50.5,1609,31.6,2,5,5,27.1,-1.59,1.51,449.6,0,2,0,70,Hatchback,Petrol,Hyderabad,2.37
59.81,1.86,61.1,2611,52.8,2,10,25,31.8,-1.42,4.58,102.2,1,1,0,82,Hatchback,Petrol,Delhi,3.26
15.0,2.07,53.9,1584,60.0,0,8,6,31.8,-0.13,1.45,341.0,1,2,0,193,SUV,Petrol,Hyderabad,3.4
46.49,0.57,59.9,2243,29.8,0,26,25,26.0,-2.35,4.01,686.7,0,1,0,85,Hatchback,CNG,Delhi,1.09
44.19,1.19,56.9,1968,39.8,2,17,17,25.5,-1.22,3.17,689.1,0,1,1,94,Hatchback,Diesel,Ahmedabad,2.34
56.54,1.1,55.1,2388,31.2,1,8,22,29.2,-0.42,2.52,486.6,0,1,0,137,MUV,Diesel,Pune,2.23
105.68,2.41,78.1,3902,80.8,0,1,0,27.3,3.73,2.25,432.5,1,0,0,104,Sedan,Petrol,Bangalore,4.7
88.5,1.44,60.4,2836,47.5,0,1,4,27.3,0.48,3.56,465.0,1,0,0,145,Sedan,Diesel,Jaipur,2.17
21.95,2.16,55.7,1926,56.4,1,6,18,26.8,-0.45,4.57,183.5,0,2,1,132,Sedan,Diesel,Chennai,3.11
36.53,1.42,54.3,2016,41.8,2,10,21,32.5,-4.41,4.4,146.9,0,1,0,143,SUV,CNG,Bangalore,2.2
22.4,2.37,53.8,1901,62.9,0,11,17,36.2,-3.23,0.33,475.5,0,2,0,121,Sedan,CNG,Chennai,2.54
52.82,1.24,61.3,2096,43.1,0,7,28,37.3,0.44,0.67,179.4,0,1,1,103,MUV,Diesel,Ahmedabad,2.53
85.35,1.89,66.3,3148,62.2,1,2,6,40.3,2.35,0.28,546.6,0,0,0,81,Hatchback,Diesel,Ahmedabad,3.63
55.39,1.55,60.9,2422,53.5,2,5,35,35.4,0.38,4.67,113.0,0,1,0,77,Hatchback,Petrol,Mumbai,3.97
21.67,1.4,57.2,1527,38.7,1,5,16,23.4,0.88,4.39,140.6,1,2,0,70,Hatchback,Petrol,Jaipur,2.82
92.4,1.06,63.9,2983,48.1,1,2,8,22.7,2.96,3.06,792.2,1,0,0,176,SUV,Diesel,Pune,3.4
64.42,0.56,61.8,2349,25.2,1,0,1,28.8,3.03,4.52,501.8,1,0,0,91,Hatchback,Petrol,Kolkata,3.0
43.89,0.55,55.3,1921,22.9,2,21,38,23.6,2.82,0.41,762.4,0,1,0,85,Hatchback,Petrol,Delhi,3.39
12.65,1.02,46.8,1518,31.7,1,6,23,19.0,-0.61,0.6,382.5,0,2,0,74,Hatchback,Petrol,Pune,2.27
71.41,0.83,62.8,2242,34.7,1,1,4,25.0,-1.09,4.37,363.5,0,0,0,110,Sedan,Diesel,Pune,1.88
38.78,1.42,55.7,2115,41.3,1,27,33,29.5,-0.27,3.19,14.2,0,1,1,96,Hatchback,Diesel,Pune,2.57
84.69,2.24,69.5,3312,65.5,0,3,5,19.0,2.06,0.57,349.7,0,0,0,102,MUV,Diesel,Lucknow,3.35
59.26,0.84,53.0,2167,36.9,1,26,11,41.7,1.07,3.84,570.4,1,1,0,92,Hatchback,Diesel,Chennai,2.14
12.38,1.33,49.9,1574,35.8,1,7,16,35.0,0.86,0.56,588.6,0,2,1,144,Sedan,Diesel,Pune,2.83
55.98,0.3,53.7,2188,34.6,0,7,38,22.6,1.66,3.11,139.7,1,1,1,138,MUV,CNG,Ahmedabad,2.27
24.55,1.21,49.2,1775,32.3,2,10,28,22.2,0.91,1.6,154.6,1,1,0,95,Hatchback,Petrol,Delhi,3.12
21.52,1.65,54.1,2087,43.5,1,12,12,26.4,2.92,3.81,404.9,1,2,0,137,MUV,Diesel,Pune,3.2
27.62,2.36,56.0,2197,62.0,2,8,16,31.7,-5.23,3.42,381.8,0,1,1,84,Hatchback,Diesel,Ahmedabad,2.49
13.22,0.71,40.5,1385,27.9,1,4,24,27.7,2.9,3.12,403.2,1,2,0,90,MUV,Diesel,Ahmedabad,2.06
47.09,1.32,53.1,2288,45.2,1,15,14,16.7,-0.76,1.97,559.2,1,1,0,71,Hatchback,Petrol,Lucknow,2.19
45.25,1.46,60.9,2223,43.3,1,17,29,27.1,-1.02,2.96,508.7,0,1,2,99,MUV,Petrol,Kolkata,3.07
21.41,0.64,45.4,1397,26.3,0,4,22,15.3,-4.84,4.45,123.7,0,2,1,72,Hatchback,CNG,Lucknow,0.45
105.46,0.13,63.9,3158,39.4,0,0,8,27.8,2.38,3.3,178.2,0,0,1,112,MUV,Petrol,Ahmedabad,2.49
27.65,0.34,47.3,1582,22.4,2,6,39,23.8,-2.47,1.54,477.8,0,1,0,92,Hatchback,Petrol,Pune,1.78
11.26,2.3,52.1,1630,53.6,0,8,24,30.8,-4.14,0.61,374.8,0,2,0,72,Hatchback,Petrol,Delhi,2.44
25.9,2.05,51.6,1787,53.6,0,2,16,36.1,3.62,2.32,92.7,1,2,0,132,MUV,CNG,Mumbai,3.54
60.15,0.44,54.2,2187,24.4,0,4,7,26.3,-1.46,1.37,44.6,1,0,0,74,Hatchback,CNG,Hyderabad,0.76
27.26,1.87,51.7,1951,51.7,2,29,38,39.4,-0.93,1.84,392.0,0,1,0,101,Sedan,Petrol,Hyderabad,3.61
47.8,0.33,55.9,1890,20.4,1,6,21,28.8,-4.77,2.38,717.9,0,1,0,99,MUV,Petrol,Pune,0.82
52.53,1.81,62.3,2371,59.1,1,19,34,26.2,-3.31,4.84,40.1,0,1,0,113,Sedan,Diesel,Ahmedabad,2.39
23.13,1.46,49.7,1865,47.5,0,14,17,33.8,-2.28,4.23,274.7,0,2,1,117,Sedan,Petrol,Ahmedabad,2.39
16.52,1.2,49.5,1523,38.8,0,12,20,22.7,3.5,2.6,25.7,1,2,2,126,Sedan,Petrol,Hyderabad,3.43
29.3,1.18,48.3,1721,45.2,1,26,34,25.3,0.44,1.88,347.2,0,1,1,85,Hatchback,Diesel,Pune,2.34
29.59,1.04,51.3,1821,38.5,1,2,6,31.4,-3.31,1.77,6.2,1,2,0,131,Sedan,Diesel,Kolkata,1.2
46.76,1.37,56.6,2416,54.3,0,8,32,17.6,-0.46,3.38,793.5,0,1,1,97,Hatchback,Diesel,Jaipur,2.42
19.25,1.29,47.3,1835,44.7,2,12,7,18.6,-5.58,2.74,697.2,0,2,2,161,SUV,CNG,Jaipur,2.23
26.86,1.9,55.5,1713,54.1,1,6,13,27.3,-3.29,1.52,248.4,0,2,1,188,SUV,CNG,Chennai,2.64
32.68,0.49,42.8,1516,29.0,0,8,18,18.0,1.82,3.15,620.5,0,1,1,108,MUV,CNG,Delhi,1.93
25.75,0.47,44.6,1417,18.0,1,2,20,36.8,1.28,1.42,297.7,1,2,1,179,SUV,Petrol,Chennai,2.85
119.18,2.12,77.5,3861,69.3,0,0,9,24.2,2.95,4.26,435.1,0,0,0,156,SUV,Petrol,Lucknow,5.21
35.35,0.32,51.4,1465,23.6,1,10,26,27.2,-2.29,1.89,218.4,1,1,1,86,Hatchback,Petrol,Mumbai,1.16
23.57,0.27,46.2,1235,17.3,1,3,6,31.5,1.81,4.88,247.3,1,2,0,134,MUV,Petrol,Mumbai,2.2
27.25,1.93,52.0,1869,54.3,2,11,25,21.2,2.5,2.99,670.3,0,1,1,88,Hatchback,Diesel,Ahmedabad,3.61
49.2,1.11,59.0,2156,39.3,0,26,37,29.0,-3.13,3.61,236.6,1,1,0,175,SUV,Petrol,Kolkata,1.75
67.68,1.44,57.0,2354,50.2,1,1,9,30.5,-2.02,1.5,153.2,1,0,0,126,Sedan,Diesel,Kolkata,1.82
34.67,1.81,57.0,1778,51.6,0,14,6,37.8,0.32,4.16,185.6,0,2,0,161,SUV,Petrol,Mumbai,3.28
46.53,0.72,53.0,1956,37.6,0,26,39,23.4,0.15,1.32,622.7,1,1,0,91,Hatchback,Petrol,Hyderabad,1.99
21.47,1.26,53.3,1663,34.7,2,25,19,25.5,-1.1,4.93,660.0,0,1,0,98,Hatchback,Petrol,Kolkata,2.99
107.7,1.83,69.2,3422,66.9,0,4,2,33.6,-0.21,0.43,135.2,0,0,2,73,Hatchback,Petrol,Mumbai,3.54
56.18,2.26,59.0,2753,57.2,0,11,39,40.0,-0.52,4.1,25.8,0,1,1,171,SUV,Petrol,Delhi,3.88
11.11,0.78,48.1,1459,25.6,2,13,21,28.9,4.73,1.32,341.5,0,2,2,123,Sedan,Petrol,Mumbai,4.37
29.79,1.2,51.3,1890,31.3,2,16,28,22.4,-3.05,4.91,106.1,0,1,0,119,MUV,Petrol,Jaipur,2.31
34.82,2.03,60.1,2174,63.0,0,9,8,38.5,4.1,1.11,550.6,0,2,0,96,Hatchback,Petrol,Chennai,4.19
71.44,2.1,67.9,2745,66.8,1,1,0,26.0,-2.71,3.21,343.1,0,0,0,188,SUV,Diesel,Pune,3.06
67.29,2.13,64.0,2926,61.7,0,4,9,39.2,-2.75,2.38,393.6,0,0,1,141,Sedan,Petrol,Lucknow,3.01
28.1,1.38,51.5,1981,38.0,1,15,34,23.0,1.67,0.28,130.2,0,1,1,96,MUV,Petrol,Pune,3.51
33.17,1.96,59.1,2043,54.4,2,12,16,42.0,-1.69,3.81,648.9,0,2,0,136,Sedan,Diesel,Ahmedabad,3.19
26.76,1.16,55.3,1612,35.3,2,17,17,35.7,2.75,4.25,295.4,1,1,0,148,Sedan,Petrol,Hyderabad,3.9
77.86,1.68,60.8,2975,58.8,0,1,5,32.1,-4.43,2.07,433.0,0,0,2,148,Sedan,Diesel,Bangalore,1.82
40.45,0.88,47.9,1690,34.1,2,10,18,36.0,-2.35,4.62,27.0,0,1,0,127,Sedan,Diesel,Lucknow,1.87
43.3,1.53,57.1,2219,36.0,1,19,10,38.7,-4.79,3.58,501.6,1,1,0,115,MUV,Diesel,Kolkata,1.26
32.43,0.17,45.0,1765,16.6,2,23,38,23.5,-1.73,3.65,61.5,0,1,2,84,Hatchback,Diesel,Lucknow,1.56
109.63,1.8,72.0,3825,71.4,0,2,9,34.5,-3.96,3.97,352.2,0,0,0,96,Hatchback,Petrol,Mumbai,2.67
40.1,0.98,52.9,1858,35.1,0,23,20,34.9,2.37,4.71,303.9,0,1,0,72,Hatchback,Diesel,Lucknow,2.37
64.83,0.31,54.2,2250,25.6,0,1,6,27.9,-4.14,4.52,792.2,1,0,1,116,Sedan,Diesel,Pune,0.37
57.12,0.29,55.9,2110,19.4,1,10,34,33.8,-1.59,2.6,535.4,0,1,0,195,SUV,CNG,Bangalore,2.15
98.01,0.81,59.6,2959,46.3,0,2,0,30.1,0.79,3.78,276.7,0,0,1,114,Sedan,Diesel,Mumbai,1.99
31.94,1.73,56.8,1920,46.3,1,12,10,34.0,-3.82,2.87,166.7,0,2,0,95,MUV,Petrol,Ahmedabad,2.02
117.59,0.37,67.1,3371,46.6,0,4,1,24.7,-0.82,1.06,498.9,0,0,0,141,Sedan,CNG,Kolkata,1.95
27.04,1.0,48.7,1556,35.8,1,14,24,40.9,1.81,0.23,441.1,0,1,0,95,Hatchback,Petrol,Chennai,3.15
48.77,0.17,53.2,2128,17.9,2,28,36,39.6,1.03,0.93,466.2,0,1,0,122,Sedan,Diesel,Ahmedabad,2.52
54.23,0.12,51.8,1872,26.3,1,15,14,24.8,4.71,3.31,453.1,0,1,2,130,Sedan,Diesel,Hyderabad,2.97
23.87,1.24,51.0,1657,39.9,1,9,23,23.3,-1.28,3.36,794.3,0,2,0,98,Hatchback,Diesel,Kolkata,2.11
40.36,1.38,57.3,1901,56.4,2,5,17,42.5,-3.93,4.44,609.4,0,1,0,127,MUV,Diesel,Ahmedabad,2.24
54.32,0.73,55.8,1966,35.0,1,29,10,33.6,4.03,2.08,257.0,0,1,0,93,Hatchback,Diesel,Jaipur,2.85
36.27,1.57,53.9,2019,45.9,0,26,15,16.1,2.07,4.66,246.3,0,1,0,70,Hatchback,Petrol,Jaipur,2.76
31.44,0.25,49.4,1595,26.6,1,13,26,37.2,3.05,1.41,794.3,0,1,1,199,SUV,CNG,Delhi,3.32
117.96,2.15,70.3,4208,80.4,1,1,3,33.7,1.31,4.24,665.6,0,0,0,93,Hatchback,Petrol,Mumbai,4.82
89.29,0.47,58.5,2991,41.2,1,1,0,30.3,-0.92,0.44,134.4,0,0,2,92,Hatchback,Diesel,Kolkata,1.91
22.2,0.47,45.9,1227,24.9,0,17,38,24.5,0.3,4.69,30.3,0,1,1,147,Sedan,CNG,Chennai,1.94
70.77,2.16,65.7,3064,67.4,1,0,6,26.2,-3.01,1.7,37.2,1,0,0,71,Hatchback,Diesel,Mumbai,2.08
43.55,1.62,54.9,2118,46.9,2,16,34,25.6,5.21,3.87,177.5,0,1,1,142,SUV,Diesel,Mumbai,4.34
20.9,1.54,53.8,1870,47.9,1,29,17,38.2,0.61,0.88,136.2,0,1,1,91,MUV,Diesel,Chennai,2.89
29.19,1.62,50.3,1789,35.4,2,19,10,35.8,-0.46,0.89,399.6,0,1,2,92,MUV,Petrol,Delhi,3.35
101.59,0.1,62.8,2975,35.2,1,2,8,30.4,-0.08,4.03,236.6,0,0,0,174,SUV,Diesel,Hyderabad,2.27
78.46,0.4,61.0,2500,39.1,0,4,3,36.5,-0.33,1.54,622.3,1,0,0,185,SUV,CNG,Ahmedabad,1.76
119.28,1.98,75.4,4018,66.7,0,4,0,41.7,3.3,2.02,749.8,0,0,0,97,Hatchback,Diesel,Chennai,3.99
36.89,0.43,52.9,1577,22.2,0,24,10,32.0,-0.8,1.77,416.0,0,1,0,143,Sedan,Petrol,Pune,1.54
31.67,1.98,55.3,2053,59.8,1,20,26,25.1,2.94,0.59,287.0,0,1,1,77,Hatchback,Petrol,Bangalore,4.31
45.89,2.02,59.4,2301,64.7,1,13,17,28.4,-2.48,2.68,199.9,1,1,0,168,SUV,Petrol,Kolkata,2.74
28.99,2.45,57.4,2374,65.1,0,24,29,30.7,-0.5,2.37,452.8,0,1,2,102,Sedan,Diesel,Hyderabad,3.09
50.43,0.17,48.1,2000,20.5,1,10,21,24.1,-8.34,0.19,640.1,0,1,2,126,MUV,CNG,Hyderabad,0.3
59.01,0.63,50.7,2077,32.6,2,23,12,38.7,3.07,4.77,257.1,0,1,0,110,MUV,Petrol,Kolkata,3.44
47.92,0.72,49.9,1987,29.3,0,27,38,18.6,2.09,3.99,200.6,1,1,0,143,SUV,Petrol,Lucknow,2.58
63.52,1.28,58.1,2400,48.8,0,3,2,29.7,-1.99,4.55,347.6,0,0,0,186,SUV,Petrol,Kolkata,2.19
17.17,0.63,50.5,1248,24.9,1,5,18,15.8,-4.29,2.41,79.9,0,2,0,147,SUV,Petrol,Lucknow,1.52
91.48,1.3,64.5,3077,46.1,2,2,4,27.0,0.26,2.42,244.4,0,0,0,70,Hatchback,Diesel,Kolkata,2.79
29.47,2.38,62.8,2056,60.6,0,5,7,23.7,6.83,0.41,275.5,0,2,1,89,Hatchback,Diesel,Bangalore,4.25
95.2,1.23,63.7,3156,51.7,0,3,4,38.8,-3.8,4.69,597.2,0,0,1,107,Sedan,Petrol,Jaipur,1.91
28.83,1.77,51.0,1843,48.2,0,10,21,24.4,1.43,3.36,361.1,1,2,0,92,Hatchback,Diesel,Pune,2.29
28.4,1.89,58.6,1965,49.2,0,21,12,32.4,1.38,2.16,257.0,0,1,1,87,Hatchback,Petrol,Mumbai,3.49
105.36,1.69,73.0,3645,61.5,1,0,5,39.3,0.95,2.6,729.7,1,0,0,118,MUV,Petrol,Ahmedabad,4.44
101.17,0.8,59.4,3171,45.6,0,0,7,23.7,-1.9,2.95,350.1,0,0,2,112,Sedan,CNG,Hyderabad,1.92
43.72,2.19,56.4,2535,63.5,0,21,26,40.2,1.42,4.47,655.0,1,1,1,114,Sedan,Petrol,Lucknow,3.79
11.65,2.11,54.1,1638,48.2,2,11,24,28.0,5.16,0.65,601.4,0,2,2,191,SUV,Diesel,Ahmedabad,5.37
28.8,0.56,44.0,1617,26.4,0,11,21,30.1,3.2,0.69,450.1,1,2,0,125,MUV,CNG,Mumbai,2.0
11.47,0.57,45.1,864,26.7,0,14,18,36.0,-3.88,3.96,399.0,0,2,0,134,MUV,Diesel,Mumbai,0.9
119.77,1.31,65.8,3640,56.1,0,1,0,38.2,1.09,2.15,594.3,0,0,2,85,Hatchback,Petrol,Hyderabad,3.66
24.77,0.28,45.7,1462,23.1,1,21,16,34.7,-1.75,2.51,753.9,0,1,0,90,Hatchback,Diesel,Kolkata,1.04
49.71,1.05,54.4,1914,36.8,1,8,15,21.2,3.93,0.21,446.5,1,1,0,100,MUV,Diesel,Jaipur,2.77
13.24,1.9,46.8,1734,53.7,1,2,10,31.8,-1.45,3.61,532.3,1,2,0,183,SUV,Diesel,Lucknow,2.56
40.2,2.08,54.8,2184,61.1,1,8,25,25.3,-1.61,3.54,430.5,1,1,0,90,Hatchback,Petrol,Kolkata,2.72
32.87,1.69,59.1,1764,49.5,2,29,34,34.3,-0.03,3.02,473.6,0,1,1,134,MUV,Diesel,Delhi,3.63
70.04,2.43,63.7,3051,65.6,0,4,6,30.9,4.55,2.09,306.6,1,0,1,108,MUV,Petrol,Delhi,4.44
30.1,1.02,47.2,1908,40.5,2,17,12,35.7,-1.85,2.55,370.9,0,1,1,108,Sedan,Petrol,Chennai,2.33
27.05,2.49,55.6,2388,66.2,2,15,13,35.5,4.98,0.77,1.2,0,1,1,74,Hatchback,Diesel,Hyderabad,4.78
58.31,0.8,61.4,2340,38.7,0,14,22,40.3,-0.0,2.99,529.6,0,1,0,98,Hatchback,Diesel,Lucknow,1.95
51.13,1.86,62.2,2598,48.9,2,20,14,17.9,3.6,2.97,320.4,0,1,0,98,Hatchback,Petrol,Jaipur,4.81
54.23,1.43,57.7,2405,40.0,0,22,27,30.5,-0.31,4.49,2.6,1,1,2,158,SUV,Diesel,Hyderabad,2.49
37.33,1.97,53.5,2023,53.9,1,20,24,31.9,3.56,2.85,132.1,0,1,0,162,SUV,Diesel,Pune,3.97
12.11,1.96,49.3,1573,45.2,0,5,9,34.6,-2.26,0.73,137.6,0,2,0,71,Hatchback,Petrol,Pune,1.91
15.31,1.9,52.0,1876,48.5,1,6,24,24.7,-2.19,0.17,444.3,0,2,0,124,MUV,CNG,Kolkata,2.49
59.86,2.22,62.0,2866,67.4,1,12,21,33.2,2.92,2.4,418.4,0,1,0,91,Hatchback,Petrol,Pune,4.55
103.88,0.71,66.6,3523,45.7,0,2,8,38.3,3.17,2.84,8.6,0,0,2,95,MUV,Diesel,Jaipur,3.01
92.68,1.23,66.6,3204,49.8,0,1,5,35.2,-1.0,2.6,674.0,0,0,1,90,Hatchback,Petrol,Pune,2.61
30.63,1.29,55.2,1723,34.6,2,26,28,29.6,2.04,1.38,185.2,0,1,0,107,MUV,Diesel,Chennai,3.28
25.6,1.51,55.4,2097,50.0,2,19,19,39.9,5.68,0.77,556.3,0,1,0,76,Hatchback,Petrol,Jaipur,4.97
61.47,0.52,48.7,2233,28.0,0,3,8,40.1,0.17,2.37,624.1,1,0,1,137,Sedan,Diesel,Ahmedabad,1.41
48.78,1.1,51.5,2259,31.1,0,15,39,36.9,-3.2,4.44,522.8,0,1,1,189,SUV,Petrol,Chennai,2.08
27.19,2.49,59.2,1894,65.1,1,12,13,25.5,0.11,1.43,761.1,0,2,0,103,Sedan,Diesel,Delhi,3.27
26.56,2.41,56.3,1905,55.0,1,29,32,15.1,3.25,3.59,132.1,0,1,0,97,MUV,Petrol,Lucknow,4.63
29.13,1.77,59.6,1886,49.0,0,22,22,43.0,2.13,4.44,360.9,1,1,0,111,MUV,Petrol,Lucknow,3.95
116.35,0.42,61.3,3428,38.8,0,4,0,19.0,-2.91,1.22,771.9,0,0,0,92,Hatchback,Petrol,Pune,1.43
20.31,0.98,52.1,1384,24.1,1,28,27,28.6,0.39,1.16,188.0,1,1,1,94,MUV,Petrol,Bangalore,2.61
31.1,0.98,47.5,1572,48.0,2,14,17,34.3,1.59,2.19,330.1,0,2,0,178,SUV,CNG,Chennai,3.37
30.85,1.37,53.8,1857,44.2,1,8,10,17.3,1.84,3.15,249.2,0,1,1,85,Hatchback,Petrol,Jaipur,3.09
47.53,0.5,51.1,1991,24.2,1,27,27,26.1,-0.53,3.76,153.1,1,1,1,89,Hatchback,Petrol,Bangalore,1.99
55.22,0.81,59.4,2122,30.2,1,7,12,21.4,2.78,0.49,114.4,0,1,0,136,Sedan,Diesel,Ahmedabad,2.93
49.11,1.57,58.1,2202,48.9,1,13,38,24.2,2.75,2.09,8.1,0,1,0,149,Sedan,Petrol,Lucknow,4.02
25.89,2.42,59.0,1985,59.2,0,4,22,27.9,-0.99,3.89,221.6,0,2,1,91,Hatchback,Petrol,Hyderabad,3.35
70.13,2.45,64.7,2883,70.0,0,3,6,30.5,0.77,2.17,561.2,1,0,0,105,Sedan,Petrol,Delhi,3.52
22.14,1.01,48.8,1496,34.6,2,5,38,24.0,0.79,3.7,273.5,0,1,1,168,SUV,Diesel,Hyderabad,3.18
56.89,2.09,58.4,2512,65.5,2,15,21,23.2,-5.92,4.33,437.7,0,1,2,95,MUV,Diesel,Kolkata,2.13
54.72,1.63,60.8,2530,42.1,2,20,23,44.0,-0.4,2.75,295.3,0,1,2,146,SUV,Diesel,Ahmedabad,3.83
19.09,1.19,51.5,1597,39.6,0,3,12,32.2,-0.85,3.34,62.1,0,2,2,72,Hatchback,Petrol,Hyderabad,2.19
10.49,1.67,43.5,1540,44.5,1,12,6,41.6,1.61,4.11,170.9,1,2,1,137,MUV,Petrol,Chennai,3.68
39.8,0.15,49.0,1728,20.8,0,17,12,30.5,-2.87,2.91,106.7,0,1,0,134,MUV,Diesel,Mumbai,0.39
35.25,1.39,57.5,2108,46.6,2,6,19,30.8,1.66,2.65,621.9,0,1,0,111,MUV,Diesel,Ahmedabad,3.41
33.38,2.38,59.6,2266,64.6,0,10,22,22.6,2.19,0.87,48.3,0,2,0,109,MUV,Petrol,Delhi,3.91
34.56,2.04,57.9,1950,58.1,2,9,12,34.3,-1.31,1.02,506.1,0,2,2,146,Sedan,Petrol,Ahmedabad,4.08
46.35,0.84,51.6,2070,26.7,2,17,19,41.4,-0.65,1.73,376.5,0,1,1,86,Hatchback,Petrol,Delhi,2.85
82.04,0.48,61.5,2465,27.5,1,1,4,25.7,-2.52,3.72,605.3,1,0,0,75,Hatchback,Petrol,Hyderabad,1.11
20.2,1.27,49.5,1519,39.4,0,12,21,15.2,3.6,4.27,596.1,0,2,0,140,Sedan,Diesel,Lucknow,2.87
26.78,2.36,55.8,2203,66.3,2,17,36,34.9,1.11,0.66,527.4,1,1,1,169,SUV,Diesel,Mumbai,4.45
50.08,0.52,56.9,2146,35.3,0,13,18,23.8,1.68,1.82,437.4,0,1,0,135,Sedan,Petrol,Lucknow,2.22
44.26,2.46,67.6,2503,77.8,2,6,11,35.8,1.52,0.78,497.9,0,1,1,82,Hatchback,Diesel,Pune,4.08
78.4,1.91,68.7,2967,72.9,0,2,0,39.8,-0.71,0.24,328.5,0,0,1,101,MUV,Petrol,Kolkata,3.23
29.57,0.51,48.6,1523,22.4,0,28,10,30.8,1.07,2.56,432.1,1,1,0,127,MUV,Petrol,Hyderabad,1.75
56.01,1.13,56.5,2328,41.3,0,7,38,34.9,-2.53,4.51,149.8,0,1,1,169,SUV,Diesel,Ahmedabad,2.25
96.22,1.96,72.9,3482,54.8,0,1,9,28.6,-0.49,2.28,213.1,0,0,1,116,Sedan,Petrol,Bangalore,3.66
86.75,1.9,68.5,3401,55.3,0,0,5,29.9,1.77,3.63,675.2,0,0,0,153,SUV,Diesel,Bangalore,3.22
87.8,1.22,65.4,2829,63.3,0,0,7,27.5,3.32,3.25,313.1,0,0,0,70,Hatchback,Petrol,Lucknow,3.33
110.56,0.87,68.8,3415,44.9,1,3,0,31.0,-1.63,3.77,334.4,0,0,0,166,SUV,Petrol,Bangalore,3.21
34.59,0.25,47.6,1722,20.0,2,22,19,21.8,-0.81,2.39,359.9,1,1,0,195,SUV,CNG,Jaipur,2.0
59.77,1.53,57.3,2547,51.3,1,7,32,28.3,2.4,0.87,184.4,1,1,0,93,MUV,Petrol,Jaipur,3.39
23.3,2.04,54.4,1810,61.1,1,27,25,25.5,-1.24,0.28,230.0,0,1,1,125,MUV,Petrol,Pune,3.43
59.43,1.09,58.3,1939,44.2,2,12,22,41.0,4.08,0.22,355.8,0,1,0,126,MUV,Diesel,Lucknow,3.85
53.72,0.48,58.8,2092,26.1,0,27,16,42.8,-1.57,4.87,405.6,0,1,0,79,Hatchback,Diesel,Jaipur,1.34
24.26,0.89,50.3,1492,32.7,1,16,29,22.0,0.74,3.14,95.0,0,1,0,101,Sedan,Petrol,Ahmedabad,2.6
107.45,1.9,67.1,3490,65.8,1,2,0,28.4,-2.29,3.45,326.5,0,0,0,134,MUV,Petrol,Pune,3.5
20.73,0.2,51.1,1462,26.4,1,28,35,34.5,0.71,2.67,737.8,1,1,0,176,SUV,Diesel,Chennai,2.23
117.73,0.22,66.0,3526,36.9,2,2,8,43.8,0.6,0.93,296.0,0,0,0,188,SUV,Diesel,Lucknow,3.42
32.74,2.46,57.7,2238,63.2,0,8,18,29.0,-3.98,4.8,75.8,1,2,0,132,Sedan,Petrol,Mumbai,2.26
34.56,1.33,55.5,1945,43.5,0,26,17,30.9,0.77,1.56,391.9,1,1,1,130,MUV,Petrol,Bangalore,2.81
40.53,0.18,45.2,1750,23.9,2,5,31,26.8,2.16,3.58,722.9,0,1,1,99,Hatchback,Petrol,Delhi,2.67
25.35,2.48,55.8,1988,67.3,1,17,16,26.4,-1.7,1.73,679.1,0,1,0,148,SUV,Diesel,Pune,2.96
44.25,0.85,49.9,2138,29.6,0,12,26,20.7,-4.96,4.78,349.7,0,1,1,134,MUV,Diesel,Bangalore,0.85
28.17,1.7,56.2,1908,46.5,2,2,18,29.0,-4.46,2.06,53.9,1,2,1,175,SUV,CNG,Ahmedabad,2.38
46.28,1.37,56.8,2220,32.4,1,6,17,35.9,-4.04,0.55,624.5,0,1,0,77,Hatchback,Petrol,Jaipur,1.94
35.07,1.85,57.5,2203,46.0,0,5,38,38.8,-3.21,3.73,647.3,0,1,0,99,Hatchback,Diesel,Ahmedabad,2.02
51.1,1.43,59.9,2233,49.0,2,26,11,21.0,-7.59,1.0,442.1,1,1,1,103,Sedan,Diesel,Bangalore,1.21
61.18,2.44,63.3,2721,75.2,1,1,1,32.6,-1.1,4.63,647.5,0,0,2,131,Sedan,Petrol,Jaipur,3.86
21.64,0.12,45.7,1245,11.7,2,11,14,24.7,0.44,2.16,411.2,0,2,1,84,Hatchback,Petrol,Jaipur,2.22
23.0,1.81,56.0,1723,45.5,2,15,18,38.3,3.18,1.34,305.0,1,1,1,78,Hatchback,CNG,Delhi,3.84
58.69,2.03,63.8,2674,56.1,1,21,32,33.8,-2.41,1.87,334.8,0,1,0,139,Sedan,CNG,Bangalore,3.09
50.62,0.6,52.4,2026,26.2,1,29,19,39.0,1.29,2.29,773.6,0,1,1,125,MUV,Diesel,Kolkata,2.54
75.59,1.97,64.0,3038,55.2,2,4,2,40.1,-3.26,1.43,247.0,0,0,0,70,Hatchback,Diesel,Delhi,2.49
40.46,1.28,57.5,2040,46.1,2,10,11,40.7,4.64,3.01,199.1,0,1,0,92,MUV,Petrol,Ahmedabad,4.45
18.39,1.05,54.0,1590,26.2,1,12,16,31.4,-0.55,4.98,773.9,0,2,0,171,SUV,Petrol,Mumbai,2.74
97.28,0.45,65.7,2924,45.0,0,2,1,17.7,-5.88,4.2,799.6,0,0,1,92,Hatchback,CNG,Jaipur,0.7
29.5,2.33,59.3,1853,62.7,0,6,16,31.4,3.27,1.16,687.2,0,1,0,171,SUV,Diesel,Pune,3.74
25.19,2.44,59.0,2263,65.7,1,13,16,37.0,1.95,2.42,425.5,0,2,2,118,Sedan,Diesel,Chennai,4.16
41.51,1.4,55.4,2117,50.6,1,8,15,33.1,2.83,3.3,90.4,1,1,1,138,MUV,Petrol,Hyderabad,3.9
105.63,1.28,69.1,3432,57.6,1,3,4,38.0,-1.23,4.67,122.7,0,0,2,82,Hatchback,Petrol,Hyderabad,3.38
96.37,2.07,68.8,3389,63.0,1,4,4,30.2,-4.2,3.24,310.7,0,0,1,77,Hatchback,Diesel,Kolkata,2.22
48.12,1.32,54.4,2395,54.0,2,27,12,36.3,3.67,1.18,590.5,0,1,0,115,Sedan,Petrol,Lucknow,4.1
30.31,2.38,56.0,2606,68.0,2,18,22,24.4,-2.25,1.05,262.2,0,1,2,96,Hatchback,Petrol,Bangalore,3.76
39.97,0.11,53.6,1965,21.1,2,26,38,32.1,0.57,0.25,375.0,0,1,1,131,MUV,Petrol,Hyderabad,2.93
52.18,2.13,57.7,2328,69.9,0,16,27,39.7,0.58,2.6,783.2,0,1,0,158,SUV,Diesel,Delhi,3.19
28.27,1.9,53.5,2209,59.6,1,13,32,39.4,-2.34,4.68,553.7,1,1,0,128,Sedan,Petrol,Delhi,3.23
23.57,0.43,45.1,1573,28.9,0,5,21,36.7,-1.54,1.38,382.6,0,2,0,109,Sedan,Petrol,Jaipur,1.27
55.98,1.1,52.8,2030,46.1,2,23,28,24.2,-1.08,0.38,611.8,1,1,0,106,MUV,Petrol,Bangalore,2.42
70.53,1.2,60.4,2219,42.6,0,0,0,28.1,1.25,2.9,529.8,0,0,2,93,Hatchback,Petrol,Ahmedabad,2.86
113.36,2.24,68.4,3709,67.1,0,1,9,38.8,-0.09,1.51,769.7,1,0,2,107,MUV,CNG,Chennai,3.97
83.43,0.1,55.9,2483,22.7,0,3,3,34.0,-1.11,0.32,355.8,0,0,1,82,Hatchback,Diesel,Kolkata,0.91
52.52,1.78,57.3,2139,51.8,1,17,11,37.7,-1.74,3.1,45.0,0,1,2,142,Sedan,CNG,Mumbai,2.99
41.79,2.48,55.7,2599,74.8,2,9,14,27.0,1.97,3.67,562.7,0,1,0,185,SUV,Petrol,Lucknow,5.07
10.59,1.5,52.1,1741,50.2,1,12,17,39.5,-0.27,2.6,286.3,1,2,1,72,Hatchback,CNG,Delhi,2.72
94.61,0.85,62.1,2800,47.1,0,0,9,25.9,-4.16,1.87,277.0,0,0,1,114,MUV,Petrol,Mumbai,1.5
90.64,2.05,67.2,3376,73.5,1,2,6,37.1,-2.62,4.74,172.6,0,0,0,104,Sedan,Petrol,Kolkata,3.07
59.45,0.56,59.4,2085,32.4,1,23,23,24.1,0.53,2.19,76.7,1,1,1,133,Sedan,Diesel,Hyderabad,2.11
114.06,0.75,67.8,3373,38.3,1,1,5,40.2,2.94,2.39,253.1,0,0,0,172,SUV,CNG,Chennai,4.05
24.91,2.48,58.8,2005,74.6,0,27,24,27.3,-3.66,0.29,126.7,0,1,0,102,Sedan,Petrol,Hyderabad,2.74
31.13,1.59,58.1,1646,41.9,0,19,37,32.9,-1.03,4.99,160.1,0,1,0,168,SUV,Diesel,Bangalore,2.75
31.87,0.86,47.5,1645,25.7,1,8,5,38.0,-0.86,4.36,636.5,1,2,0,146,SUV,Petrol,Kolkata,2.1
37.2,0.67,51.7,1790,28.0,1,16,29,31.4,1.68,2.4,452.3,0,1,0,130,MUV,Petrol,Bangalore,2.99
33.41,1.32,53.0,1791,37.7,0,12,7,24.2,2.09,3.8,535.6,0,2,0,71,Hatchback,Petrol,Pune,2.58
25.12,0.55,48.0,1419,22.5,1,29,37,32.9,0.17,2.73,232.1,1,1,2,99,MUV,Diesel,Bangalore,2.33
89.33,0.87,65.2,3103,38.8,1,0,9,23.6,-0.49,4.62,6.3,0,0,1,111,Sedan,Petrol,Bangalore,2.69
43.1,2.24,59.5,2662,59.4,1,16,27,32.3,0.82,0.86,155.0,0,1,0,90,Hatchback,Petrol,Delhi,3.98
11.17,0.81,45.0,1123,32.4,0,2,23,41.0,4.32,0.59,345.9,0,2,2,104,Sedan,Petrol,Ahmedabad,3.49
50.39,0.11,51.7,1738,18.5,2,19,11,27.3,-5.45,2.97,52.9,0,1,0,100,MUV,Petrol,Bangalore,0.35
49.94,2.05,60.9,2347,64.2,1,22,11,29.8,0.01,3.26,14.5,0,1,0,103,MUV,Petrol,Hyderabad,3.26
25.65,2.08,53.8,1889,60.8,1,6,15,21.8,-3.59,1.39,358.3,0,2,0,94,Hatchback,Petrol,Lucknow,2.49
61.76,1.77,60.8,2417,52.3,1,1,9,27.2,-2.75,1.49,608.8,0,0,0,113,Sedan,Petrol,Bangalore,2.65
13.51,1.51,50.5,1335,49.8,1,2,20,31.5,1.59,1.98,791.1,0,2,1,142,SUV,Petrol,Bangalore,3.79
29.26,1.65,53.4,1997,46.7,0,17,37,36.0,0.5,4.1,736.9,0,1,0,184,SUV,CNG,Delhi,3.49
43.9,0.28,52.8,1505,25.3,0,5,14,36.3,-2.55,3.49,726.0,1,1,0,138,MUV,Petrol,Chennai,0.87
26.77,1.11,46.9,1849,38.0,2,20,27,28.6,-0.96,3.84,135.3,1,1,0,141,Sedan,Diesel,Ahmedabad,2.38
79.26,0.78,58.1,2496,38.4,2,4,0,42.0,2.23,1.15,164.1,0,0,0,159,SUV,Diesel,Ahmedabad,3.46
15.6,2.01,48.2,1775,52.9,1,2,20,20.2,-5.91,0.84,296.4,0,2,0,72,Hatchback,Diesel,Pune,1.35
116.6,2.42,74.0,4070,83.0,0,3,9,35.8,-5.3,2.67,142.6,1,0,0,74,Hatchback,CNG,Ahmedabad,2.41
115.02,2.41,79.7,3944,70.0,2,0,9,24.8,-3.68,1.8,159.4,1,0,1,108,Sedan,Diesel,Bangalore,3.7
15.68,0.33,48.4,1317,23.3,0,12,13,30.0,1.77,0.96,439.2,0,2,1,122,Sedan,Petrol,Chennai,2.23
28.11,0.44,41.7,1810,31.2,2,25,21,34.5,-2.17,0.37,377.1,0,1,0,113,MUV,Petrol,Hyderabad,1.74
31.18,0.47,48.2,1601,18.7,1,18,17,32.2,2.68,4.89,100.7,0,1,2,73,Hatchback,Petrol,Ahmedabad,3.02
28.55,0.83,46.7,1535,29.6,2,13,14,35.0,-3.74,1.26,557.6,1,1,0,86,Hatchback,Petrol,Pune,1.52
37.64,0.9,50.9,1737,33.4,1,29,14,39.4,-3.15,1.35,81.1,0,1,0,102,MUV,Petrol,Chennai,1.5
23.2,0.24,47.1,1184,27.7,0,5,22,26.3,-0.37,2.61,335.2,0,2,0,72,Hatchback,Petrol,Hyderabad,0.83
113.42,0.36,68.5,3262,34.0,1,3,3,27.2,3.81,3.78,637.7,1,0,0,89,Hatchback,Petrol,Lucknow,3.34
88.27,0.69,64.3,2694,44.8,0,4,9,24.5,-1.74,2.8,341.5,0,0,2,174,SUV,Petrol,Pune,2.23
40.67,1.54,54.3,2217,42.4,2,7,17,31.4,-1.34,2.23,85.4,0,1,0,135,Sedan,Petrol,Jaipur,3.26
47.62,1.11,53.0,2110,45.7,2,29,23,20.6,0.15,4.29,460.0,1,1,1,163,SUV,Diesel,Jaipur,2.93
90.74,0.19,62.8,2876,26.6,1,3,2,31.6,2.65,1.32,780.8,0,0,0,168,SUV,Petrol,Bangalore,3.1
18.27,2.36,52.5,1859,51.1,0,13,13,27.8,4.43,0.4,679.9,0,2,0,142,Sedan,Diesel,Ahmedabad,3.81
91.43,0.57,54.9,2816,39.5,0,3,5,28.0,-8.44,0.4,425.5,0,0,1,70,Hatchback,Petrol,Ahmedabad,0.3
84.1,1.81,71.1,3193,56.8,0,1,1,38.6,-4.65,3.07,77.3,0,0,1,143,SUV,Diesel,Lucknow,2.1
45.15,0.84,56.6,1725,29.9,2,15,20,26.6,-5.95,4.37,58.4,0,1,0,94,Hatchback,Petrol,Ahmedabad,1.24
34.38,1.46,50.1,1796,42.8,1,22,31,37.8,-5.53,3.04,124.8,1,1,0,91,MUV,Diesel,Ahmedabad,1.44
111.52,1.48,65.1,3473,55.0,1,3,0,28.8,0.15,2.96,260.0,0,0,0,77,Hatchback,Petrol,Hyderabad,3.08
72.34,1.65,62.0,2610,68.0,1,0,7,38.3,-2.05,1.07,583.2,0,0,0,102,MUV,Petrol,Kolkata,2.91
51.76,0.66,50.2,1882,27.4,2,18,20,30.8,0.65,0.68,513.9,1,1,2,89,Hatchback,Petrol,Mumbai,2.69
112.15,0.46,61.8,3264,43.3,1,0,9,37.5,0.31,2.01,142.4,1,0,0,123,MUV,Petrol,Hyderabad,2.92
47.91,0.81,54.9,2203,35.3,1,16,39,23.2,-3.99,3.21,120.6,1,1,0,146,SUV,CNG,Bangalore,1.45
46.06,2.07,60.7,2349,67.5,2,19,28,34.7,-2.77,4.99,296.7,0,1,0,128,MUV,Petrol,Lucknow,3.57
37.58,1.54,57.0,1980,50.0,2,20,23,29.8,-0.03,3.34,552.4,0,1,0,87,Hatchback,Petrol,Chennai,3.21
40.31,1.41,58.9,1836,46.2,0,25,31,38.0,0.23,2.2,425.0,0,1,1,102,Sedan,Diesel,Hyderabad,2.63
21.61,0.11,41.4,1368,12.5,1,8,9,33.3,3.61,0.83,535.1,0,2,0,95,MUV,Diesel,Lucknow,2.12
75.88,0.18,58.7,2468,27.1,0,1,7,25.6,-5.52,0.23,422.9,1,0,1,70,Hatchback,Diesel,Chennai,0.3
31.58,1.12,48.3,1857,30.7,0,11,10,29.8,6.59,1.02,556.6,1,2,1,182,SUV,Petrol,Hyderabad,4.05
60.52,1.94,61.6,2488,61.8,2,1,2,36.3,0.92,1.97,799.8,0,0,2,190,SUV,Petrol,Delhi,4.79
101.62,1.36,64.9,3437,50.6,1,3,3,41.8,-1.61,1.55,462.3,1,0,0,91,MUV,Petrol,Ahmedabad,2.68
34.25,1.1,52.8,1898,36.6,1,11,39,34.2,-3.35,3.05,296.6,1,1,1,95,Hatchback,Diesel,Lucknow,1.6
79.21,1.74,63.1,2747,54.7,0,3,6,41.2,2.6,3.96,748.6,0,0,1,183,SUV,Diesel,Jaipur,3.67
86.58,0.25,58.8,2627,28.7,1,4,9,34.3,-0.46,0.94,384.2,1,0,2,81,Hatchback,Petrol,Lucknow,2.04
43.31,1.42,56.6,2130,48.9,1,24,11,31.9,-3.13,2.97,285.2,0,1,1,105,Sedan,Diesel,Ahmedabad,2.02
16.89,1.57,49.0,1440,34.8,1,14,12,25.6,5.6,3.64,640.5,1,2,1,70,Hatchback,Petrol,Lucknow,3.74
99.63,1.97,72.5,3468,68.1,1,4,0,25.0,2.04,3.83,331.1,0,0,0,99,Hatchback,Petrol,Chennai,4.17
15.02,1.77,53.0,1685,45.1,2,9,6,23.6,0.91,0.11,153.5,0,2,0,168,SUV,Petrol,Pune,4.03
39.36,1.9,56.3,2164,54.9,1,9,17,20.8,-1.03,0.76,604.5,1,1,0,120,Sedan,Petrol,Lucknow,3.0
12.72,0.31,41.5,1089,18.0,1,14,24,41.9,-0.07,2.1,731.7,0,2,2,134,Sedan,Diesel,Delhi,2.15
25.48,0.66,44.4,1738,25.2,1,17,10,41.9,1.19,2.93,647.3,0,1,0,147,Sedan,CNG,Ahmedabad,2.55
99.71,0.63,60.3,2807,33.0,0,2,0,17.9,3.53,1.95,638.3,1,0,2,121,Sedan,Petrol,Lucknow,3.2
35.11,0.45,53.4,1751,27.4,1,18,33,26.9,-2.32,2.66,456.3,1,1,1,119,MUV,Diesel,Kolkata,1.34
86.93,1.65,65.1,3039,52.3,0,2,8,24.5,6.69,3.62,230.3,1,0,1,113,MUV,Diesel,Kolkata,3.59
107.46,2.36,76.8,3913,77.6,0,4,4,29.9,1.9,1.92,734.8,0,0,1,84,Hatchback,Petrol,Chennai,4.82
86.59,0.13,57.2,2633,31.3,2,3,0,33.7,3.86,3.9,798.7,0,0,0,134,MUV,Diesel,Ahmedabad,2.87
33.15,0.27,49.4,1514,21.8,0,8,17,32.1,-1.7,2.08,74.7,0,2,0,127,Sedan,CNG,Bangalore,1.0
88.33,1.85,70.3,3180,67.4,0,1,7,37.4,2.73,2.66,418.6,1,0,0,186,SUV,Petrol,Mumbai,4.29
34.48,1.18,62.7,1786,35.2,1,8,20,32.4,-2.42,0.91,258.7,0,2,0,75,Hatchback,Petrol,Chennai,2.25
28.76,1.91,53.0,2032,53.1,2,10,37,34.2,2.88,1.5,349.8,1,1,0,87,Hatchback,Petrol,Hyderabad,4.39
57.35,1.16,57.6,2438,43.5,1,26,24,26.4,-2.38,2.98,74.6,0,1,1,119,Sedan,Petrol,Hyderabad,2.14
47.73,0.87,50.2,1930,35.2,1,27,12,24.7,2.68,1.25,785.3,1,1,0,113,MUV,Petrol,Bangalore,2.7
45.78,2.16,58.0,2210,66.3,2,15,13,24.5,-1.05,3.96,375.8,0,1,1,117,Sedan,Petrol,Bangalore,3.77
26.8,2.32,56.1,2113,61.5,1,19,26,26.6,2.03,1.03,675.9,0,1,2,109,Sedan,Diesel,Mumbai,4.05
64.0,1.77,60.1,2716,48.7,1,2,5,42.2,-1.45,3.18,227.9,0,0,0,137,Sedan,CNG,Lucknow,2.76
21.05,2.31,58.5,1921,52.9,1,29,15,33.8,-2.27,0.46,361.5,1,1,1,93,MUV,Diesel,Mumbai,2.91
26.46,0.79,49.9,1636,35.8,0,5,7,40.9,-0.6,2.83,201.2,0,2,0,138,Sedan,Petrol,Delhi,1.9
38.86,0.79,48.4,1933,33.6,1,9,13,42.4,-2.81,3.29,47.7,0,1,2,91,MUV,Petrol,Delhi,1.94
31.44,0.36,52.4,1422,24.9,2,3,10,18.0,-1.07,4.66,104.4,0,2,1,182,SUV,Petrol,Pune,2.77
52.77,1.63,64.4,2307,55.6,2,15,20,33.8,-4.14,2.67,718.8,1,1,2,99,Hatchback,CNG,Delhi,2.7
51.62,0.96,60.6,2253,35.6,1,29,34,37.8,3.06,3.92,665.6,0,1,1,134,MUV,Diesel,Chennai,3.42
68.85,2.27,66.5,2876,75.5,1,0,0,34.6,2.53,3.06,695.7,1,0,1,84,Hatchback,Petrol,Pune,4.37
90.96,1.11,65.7,3066,46.8,0,1,3,25.3,1.08,3.95,535.5,0,0,1,81,Hatchback,Petrol,Ahmedabad,2.8
49.63,2.14,63.6,2372,55.8,0,28,36,36.8,0.1,2.05,61.2,1,1,1,112,MUV,Petrol,Ahmedabad,3.57
103.47,0.4,65.3,3023,36.9,0,4,4,34.1,-6.65,1.08,775.8,0,0,1,84,Hatchback,Petrol,Kolkata,0.7
85.44,0.67,56.8,2932,29.4,0,1,5,22.1,3.37,1.36,684.0,0,0,0,76,Hatchback,Diesel,Kolkata,2.25
32.4,0.27,47.5,1427,25.8,0,7,13,31.8,1.02,2.39,432.4,0,2,0,99,Hatchback,Petrol,Kolkata,1.67
53.43,1.96,61.1,2628,54.8,2,15,16,41.2,1.13,1.85,703.5,1,1,1,74,Hatchback,Petrol,Delhi,4.33
45.71,0.3,52.7,1752,21.9,1,24,18,39.1,3.36,0.22,215.4,1,1,0,149,Sedan,Petrol,Kolkata,3.02
35.51,0.61,48.6,1803,22.9,1,26,34,26.2,-0.12,4.23,655.0,0,1,2,179,SUV,Petrol,Hyderabad,2.95
101.14,0.53,64.4,3082,26.6,0,4,6,40.2,-0.99,1.69,85.0,0,0,0,178,SUV,Petrol,Chennai,2.6
27.15,0.81,44.2,1574,27.0,1,16,25,30.6,0.36,3.35,117.8,1,1,0,185,SUV,Diesel,Hyderabad,2.1
27.28,0.23,43.9,1534,23.8,2,15,21,27.1,-1.77,1.87,145.1,1,1,0,103,MUV,Petrol,Kolkata,1.35
108.51,1.04,72.6,3478,49.6,1,3,2,28.4,-4.3,2.19,225.7,0,0,0,78,Hatchback,Petrol,Ahmedabad,2.14
24.65,2.17,56.0,1896,58.0,2,10,29,27.5,-0.44,4.64,241.1,0,1,0,127,MUV,Petrol,Pune,4.07
18.82,0.37,47.9,1564,19.6,1,3,6,29.3,1.28,0.56,785.3,1,2,2,108,MUV,Petrol,Lucknow,2.02
113.38,1.93,68.1,3544,71.5,0,4,5,19.4,0.29,3.11,770.4,0,0,0,185,SUV,Diesel,Jaipur,3.43
30.65,0.46,44.9,1789,30.8,1,13,17,28.7,-4.72,1.19,116.3,0,1,0,78,Hatchback,Diesel,Hyderabad,0.3
93.27,1.61,66.7,2984,50.9,1,0,0,29.6,3.06,1.09,233.7,0,0,0,107,Sedan,Petrol,Chennai,3.93
62.11,1.89,57.1,2313,57.6,1,3,5,22.3,-1.14,0.73,147.8,0,0,1,116,MUV,Diesel,Hyderabad,2.67
21.53,0.14,45.1,1443,19.7,0,7,31,29.1,0.99,1.34,297.4,0,1,0,145,SUV,Diesel,Chennai,1.9
28.88,0.61,49.9,1796,37.3,1,10,8,33.9,4.71,0.72,279.6,0,2,0,148,SUV,Petrol,Ahmedabad,3.34
14.94,1.84,53.7,1593,44.9,0,14,17,28.6,1.27,4.85,205.7,1,2,1,87,Hatchback,Petrol,Jaipur,2.94
71.14,0.81,58.2,2542,30.9,2,4,0,33.9,-5.42,4.12,396.0,1,0,1,183,SUV,Diesel,Bangalore,1.5
105.98,1.14,67.1,3337,42.0,2,0,2,33.4,8.06,1.14,741.5,0,0,0,177,SUV,Petrol,Chennai,6.24
24.82,1.67,51.7,2006,47.4,1,17,13,32.3,-4.1,0.86,564.7,0,1,0,73,Hatchback,Petrol,Bangalore,1.85
56.29,1.02,60.2,2172,43.0,1,11,21,26.7,2.42,4.76,712.9,1,1,0,138,Sedan,Petrol,Delhi,3.3
36.53,2.43,58.0,2521,58.7,1,28,23,21.2,0.7,4.75,779.9,1,1,0,117,Sedan,Diesel,Bangalore,3.23
59.64,0.68,57.2,2178,37.3,1,7,35,31.1,2.41,4.96,372.5,1,1,0,102,Sedan,Diesel,Lucknow,2.41
67.83,2.22,63.7,2867,59.5,1,3,2,32.9,-3.45,2.88,611.3,0,0,1,138,Sedan,Diesel,Mumbai,2.7
34.06,2.35,60.1,2141,67.9,2,27,23,39.5,1.1,0.5,582.2,0,1,0,71,Hatchback,Petrol,Kolkata,4.49
53.93,1.01,58.6,2210,44.3,0,26,18,35.8,2.67,1.03,295.0,1,1,1,92,MUV,Petrol,Mumbai,2.97
59.2,1.54,63.8,2547,59.2,2,17,11,16.2,1.02,0.59,791.4,1,1,0,99,Hatchback,Diesel,Jaipur,3.22
44.37,1.98,63.1,2513,50.4,0,24,12,20.1,0.57,3.12,257.7,0,1,0,117,Sedan,CNG,Ahmedabad,2.94
29.37,2.07,58.0,1968,49.2,0,6,33,35.0,0.43,2.71,733.6,1,1,0,121,MUV,Petrol,Kolkata,3.36
23.31,0.88,51.8,1709,34.4,2,6,36,39.9,2.13,3.2,3.4,1,1,2,111,MUV,Diesel,Jaipur,3.64
25.37,1.65,54.8,1733,51.7,1,5,12,31.7,-0.34,1.64,297.0,1,1,0,101,MUV,Petrol,Kolkata,2.73
27.45,0.34,46.9,1356,16.4,1,23,23,32.1,3.01,0.12,445.7,0,1,0,174,SUV,CNG,Kolkata,2.76
59.33,0.72,60.7,2057,29.1,2,6,22,25.9,-1.46,0.91,329.8,0,1,0,198,SUV,Diesel,Ahmedabad,2.59
39.59,0.47,54.4,1968,33.3,0,10,37,32.1,-1.43,0.92,376.5,0,1,0,102,Sedan,Petrol,Lucknow,1.77
47.26,1.87,59.6,2349,52.5,2,20,14,31.9,0.21,0.73,796.6,0,1,0,80,Hatchback,CNG,Mumbai,3.09
20.39,1.25,51.8,1831,46.5,2,28,18,35.7,1.2,3.73,267.6,1,1,0,73,Hatchback,Diesel,Chennai,2.79
83.23,1.43,63.5,3236,51.8,2,3,6,32.8,2.28,1.4,353.4,0,0,0,74,Hatchback,Diesel,Pune,3.4
15.6,2.19,52.6,1687,53.2,0,12,23,23.3,0.14,4.73,289.7,1,2,0,116,Sedan,Petrol,Delhi,2.97
32.32,1.38,53.5,1826,47.1,0,5,24,26.5,2.87,4.02,371.3,1,1,0,145,Sedan,Petrol,Hyderabad,3.16
10.35,0.8,45.6,1011,26.8,1,11,9,31.9,2.18,0.37,19.0,0,2,0,136,MUV,Diesel,Bangalore,2.39
26.24,1.89,50.3,2121,49.2,2,14,14,21.0,-3.51,4.15,677.9,0,2,0,145,Sedan,Petrol,Bangalore,2.98
118.02,2.33,78.0,4140,72.3,0,4,0,21.4,5.92,2.04,129.5,0,0,0,73,Hatchback,CNG,Bangalore,5.12
38.89,1.3,56.3,1923,42.4,2,25,19,29.2,1.3,2.31,369.0,1,1,0,94,MUV,CNG,Bangalore,2.93
81.88,0.99,64.5,2722,49.1,1,3,2,29.8,-0.96,4.55,371.4,0,0,0,105,Sedan,Diesel,Kolkata,2.06
66.42,0.87,59.0,2293,40.5,1,0,2,37.4,-0.9,0.19,244.3,0,0,0,126,MUV,Petrol,Lucknow,2.49
17.9,0.21,50.0,878,23.3,0,9,24,27.3,-0.83,4.58,389.4,0,2,0,132,Sedan,Petrol,Kolkata,1.44
23.63,0.34,44.4,1587,25.8,1,13,14,27.6,1.09,0.54,114.0,0,2,1,88,Hatchback,Diesel,Pune,1.86
30.96,2.47,59.7,2049,64.7,0,10,10,27.9,-2.41,1.53,560.6,1,1,1,194,SUV,Petrol,Jaipur,3.43
105.5,1.69,70.2,3223,58.6,0,0,2,28.8,-3.09,3.18,9.6,0,0,2,113,Sedan,Petrol,Lucknow,2.88
112.74,0.51,61.9,3252,30.6,1,3,6,19.4,1.74,1.51,91.6,1,0,1,70,Hatchback,Petrol,Pune,2.99
71.06,2.45,65.3,3137,70.2,0,1,9,36.4,2.83,1.64,772.9,0,0,0,148,SUV,Diesel,Kolkata,4.12
115.45,1.88,67.6,3854,66.7,0,4,0,21.4,1.34,3.8,482.6,0,0,0,127,MUV,Petrol,Delhi,3.95
102.41,1.3,65.2,3173,50.2,1,2,9,40.8,-4.2,4.19,558.1,0,0,1,161,SUV,Diesel,Jaipur,2.42
41.54,1.98,58.2,2215,57.3,0,28,33,27.9,0.06,0.54,378.5,0,1,1,72,Hatchback,Petrol,Chennai,3.3
23.77,1.53,53.7,1820,52.3,0,8,18,30.6,1.07,1.56,69.9,0,2,1,193,SUV,Diesel,Mumbai,2.89
105.65,0.1,62.9,3197,27.9,1,2,4,39.8,-2.85,2.73,694.6,1,0,0,171,SUV,CNG,Hyderabad,2.0
25.92,2.19,57.9,2079,61.1,2,14,5,40.5,2.03,4.85,540.7,0,2,1,75,Hatchback,Petrol,Jaipur,4.5
25.77,0.38,48.6,1360,21.7,2,10,14,32.5,-6.27,2.39,81.5,1,1,1,191,SUV,CNG,Chennai,1.0
89.7,0.71,62.2,2675,43.0,1,3,8,27.5,-1.46,3.6,765.6,0,0,0,78,Hatchback,Diesel,Lucknow,1.82
39.52,1.39,56.9,1918,50.7,1,29,24,32.5,-0.31,2.08,242.4,1,1,0,106,MUV,Petrol,Kolkata,2.79
38.54,2.42,59.2,2475,62.4,1,9,17,20.5,0.15,2.13,735.9,1,1,0,104,MUV,CNG,Bangalore,3.22
43.76,0.53,49.1,1576,35.4,0,5,35,22.3,-2.34,1.37,54.7,1,1,0,123,Sedan,Petrol,Kolkata,1.19
114.69,0.32,63.2,3225,37.7,1,0,2,23.2,-2.7,0.53,720.0,0,0,0,118,Sedan,CNG,Hyderabad,1.8
48.81,0.14,44.5,1815,16.6,1,24,27,40.5,-2.81,4.68,481.6,0,1,2,117,Sedan,Diesel,Chennai,1.06
50.64,0.41,59.1,1986,25.6,2,12,36,26.8,0.15,3.43,740.4,0,1,0,127,Sedan,Diesel,Pune,2.52
25.48,2.4,62.0,1985,67.0,1,20,17,29.1,-3.17,1.12,194.0,0,1,2,153,SUV,Diesel,Jaipur,3.25
54.55,0.76,56.6,2222,32.8,0,8,29,32.9,1.81,3.47,645.7,1,1,0,139,Sedan,CNG,Mumbai,2.45
72.83,1.06,58.6,2748,42.0,0,2,8,35.9,-2.48,2.14,5.7,0,0,1,129,MUV,Diesel,Lucknow,1.71
16.16,1.66,52.9,1793,44.4,0,2,5,37.2,-2.86,1.46,241.5,0,2,1,98,Hatchback,Petrol,Delhi,2.12
31.19,2.15,57.2,2266,63.5,1,12,14,26.1,1.6,1.59,763.4,0,1,0,73,Hatchback,Diesel,Mumbai,3.16
36.33,1.49,52.5,1855,48.1,2,8,24,36.8,-1.04,4.15,238.8,0,1,2,102,MUV,Petrol,Ahmedabad,3.56
110.49,1.15,64.4,3300,49.1,1,2,6,28.4,-5.83,1.62,225.7,1,0,2,88,Hatchback,Petrol,Hyderabad,1.59
50.41,0.54,48.2,2061,32.3,0,23,12,22.7,2.53,3.38,550.8,0,1,0,181,SUV,Diesel,Kolkata,2.07
30.94,0.6,47.1,1589,28.0,2,12,18,34.1,4.22,3.4,644.5,0,1,0,145,Sedan,CNG,Jaipur,3.45
111.42,2.01,71.2,3485,65.5,1,3,7,23.5,-2.64,1.05,163.3,0,0,0,104,Sedan,Petrol,Kolkata,3.35
78.62,0.67,62.3,2814,36.1,1,4,5,23.3,-3.31,1.45,470.5,1,0,1,113,MUV,Diesel,Hyderabad,1.2
25.41,0.88,50.3,1546,26.6,2,12,34,38.5,-1.16,3.62,710.5,0,1,0,176,SUV,Diesel,Chennai,2.63
61.37,0.83,58.8,2485,37.3,1,4,7,24.8,-0.77,4.67,496.3,1,0,2,86,Hatchback,Petrol,Pune,2.19
25.51,1.17,45.2,1750,43.5,2,15,38,26.8,0.63,2.07,189.3,0,1,0,153,SUV,Diesel,Mumbai,2.92
18.35,1.48,53.6,1741,39.8,1,7,9,42.3,-4.18,3.93,209.2,0,2,2,97,Hatchback,Petrol,Lucknow,2.35
93.73,2.48,73.8,3620,76.1,0,0,3,26.3,-2.99,4.66,489.4,1,0,0,158,SUV,CNG,Delhi,3.09
107.79,0.3,60.5,3162,34.1,0,3,3,29.7,-4.5,1.17,686.5,0,0,0,112,Sedan,Petrol,Jaipur,0.75
39.13,0.76,52.5,1717,31.8,2,9,31,26.4,0.5,4.98,275.3,0,1,0,89,Hatchback,Petrol,Mumbai,2.81
81.78,0.98,64.3,2567,45.9,1,2,6,18.9,-0.4,4.47,189.5,0,0,0,81,Hatchback,Petrol,Pune,2.74
63.95,1.78,58.6,2370,63.5,0,4,9,26.7,4.1,3.11,411.1,0,0,2,148,Sedan,Petrol,Lucknow,4.1
49.95,0.63,51.3,2096,26.3,2,23,14,39.6,2.34,4.96,425.4,0,1,0,129,MUV,Diesel,Ahmedabad,3.06
113.6,2.4,71.3,3962,69.2,0,4,4,24.2,0.95,2.19,793.9,0,0,1,130,Sedan,Diesel,Bangalore,3.75
67.84,0.85,62.0,2505,34.9,0,0,1,35.3,-5.54,1.49,30.5,0,0,1,108,MUV,Diesel,Delhi,1.04
48.52,0.47,54.0,1933,29.0,1,27,25,26.5,-1.89,0.41,339.4,0,1,0,183,SUV,Diesel,Chennai,1.77
22.72,2.32,62.2,1794,58.2,1,5,38,41.9,-3.41,3.01,472.0,1,1,1,196,SUV,CNG,Lucknow,3.91
75.29,0.58,60.2,2697,37.5,0,0,7,36.3,1.13,0.12,579.5,0,0,0,103,MUV,Petrol,Kolkata,2.16
29.34,0.26,47.5,1662,25.0,1,7,19,34.9,2.67,4.17,204.3,1,2,0,70,Hatchback,Petrol,Mumbai,2.34
47.48,2.12,58.9,2471,63.1,2,25,15,33.6,5.87,2.24,157.4,0,1,0,147,Sedan,Petrol,Ahmedabad,5.41
28.65,2.29,52.8,2062,57.3,1,4,22,33.3,-0.36,4.39,782.6,0,2,0,97,MUV,Diesel,Mumbai,3.21
42.67,1.42,62.2,2182,48.1,1,16,30,39.2,-3.37,3.4,249.1,0,1,0,94,Hatchback,Diesel,Jaipur,2.12
38.49,1.69,58.0,2154,49.8,0,8,27,21.3,2.27,3.52,317.9,1,1,0,74,Hatchback,CNG,Delhi,2.86
30.53,0.14,49.5,1688,19.0,2,9,26,35.7,-1.07,4.89,230.3,1,1,2,120,MUV,Diesel,Ahmedabad,1.84
52.61,1.64,61.8,2396,58.1,2,6,39,22.2,0.31,1.14,774.9,1,1,0,117,Sedan,Petrol,Bangalore,3.82
119.15,1.39,69.1,3496,51.1,0,3,9,32.2,1.21,1.27,609.5,0,0,0,111,Sedan,Petrol,Jaipur,3.52
14.37,1.27,49.8,1460,36.9,2,6,14,25.5,-0.21,1.28,404.4,1,2,1,146,SUV,Diesel,Hyderabad,2.69
97.69,1.9,74.9,3479,78.3,0,4,8,27.1,0.03,4.11,609.7,1,0,1,79,Hatchback,Petrol,Kolkata,3.34
33.96,0.96,52.2,1672,28.7,1,28,39,27.4,-6.68,2.93,259.2,1,1,0,117,MUV,Petrol,Lucknow,0.77
104.78,1.83,68.2,3513,52.8,1,0,6,36.2,0.31,1.67,463.6,1,0,2,117,Sedan,Petrol,Hyderabad,4.06
87.52,1.17,64.4,2973,39.3,1,0,8,35.6,-4.14,1.54,389.2,1,0,0,191,SUV,Diesel,Mumbai,1.98
35.15,0.45,46.9,1500,27.5,2,19,28,27.1,5.51,2.3,724.8,0,1,0,73,Hatchback,Petrol,Ahmedabad,3.5
48.74,0.9,53.0,1986,30.7,0,9,19,26.1,-2.73,0.7,250.1,1,1,0,89,Hatchback,Petrol,Mumbai,1.18
50.61,0.28,53.3,2021,15.7,2,20,19,34.3,-2.02,4.2,192.8,0,1,1,171,SUV,Petrol,Hyderabad,2.54
39.97,1.18,59.8,1920,35.2,2,14,13,25.7,-1.13,1.68,545.7,0,1,0,147,Sedan,Diesel,Jaipur,2.61
25.85,0.62,49.8,1481,26.8,0,5,23,22.2,-5.12,2.7,420.9,0,2,0,161,SUV,Diesel,Kolkata,0.82
101.31,0.18,65.8,3112,25.9,1,2,6,28.9,6.13,1.35,490.6,0,0,0,93,Hatchback,CNG,Hyderabad,3.37
29.35,0.78,46.1,1650,29.9,2,13,35,25.4,3.41,1.59,702.4,1,1,0,129,MUV,Petrol,Mumbai,3.5
34.1,2.25,56.0,2048,57.4,2,21,35,30.1,-0.54,1.23,572.9,0,1,1,141,Sedan,CNG,Jaipur,3.93
27.82,1.18,51.2,1675,32.5,1,26,33,32.9,-5.51,0.97,158.6,0,1,2,86,Hatchback,Diesel,Chennai,1.47
11.57,1.74,46.8,1570,54.1,1,14,7,35.8,-2.78,0.58,35.0,0,2,0,162,SUV,Petrol,Lucknow,2.57
49.96,1.81,57.8,2335,58.4,2,15,12,33.0,-0.47,4.39,61.9,0,1,0,140,Sedan,Diesel,Lucknow,3.05
57.29,0.36,52.0,2028,25.0,2,14,17,25.5,-2.22,3.12,533.1,1,1,0,79,Hatchback,Petrol,Hyderabad,1.17
75.97,0.4,56.0,2543,38.3,0,2,8,30.7,0.29,3.47,493.5,0,0,1,126,Sedan,Diesel,Kolkata,1.64
24.14,2.41,60.3,2217,53.0,0,2,14,26.0,-5.9,4.08,145.3,1,2,0,96,MUV,Petrol,Mumbai,1.63
41.47,1.12,53.7,1977,38.9,0,12,31,26.1,-5.47,4.05,586.1,1,1,0,136,Sedan,Petrol,Ahmedabad,0.92
23.79,1.4,51.6,1647,34.9,1,5,15,22.9,-1.79,1.16,317.1,0,1,0,148,SUV,Diesel,Pune,2.09
69.61,1.06,59.2,2748,34.7,0,3,3,23.6,3.05,2.18,287.4,1,0,0,141,Sedan,CNG,Ahmedabad,2.55
46.72,0.35,55.6,1763,16.0,2,16,27,25.3,-0.78,1.58,227.0,0,1,2,105,MUV,Diesel,Bangalore,2.1
34.87,1.58,54.7,2090,65.3,2,10,24,27.1,3.88,2.02,176.2,0,2,0,195,SUV,Diesel,Hyderabad,4.06
99.42,2.21,73.4,3653,66.9,1,4,6,29.5,-0.88,1.29,675.7,0,0,0,134,Sedan,Petrol,Kolkata,4.32
28.27,1.3,53.6,1785,51.5,0,10,16,32.7,-2.92,0.56,604.3,0,2,1,155,SUV,Diesel,Bangalore,1.95
111.32,1.33,69.1,3273,54.0,1,0,8,37.5,-0.4,4.25,474.3,0,0,2,168,SUV,Diesel,Delhi,3.53
37.37,1.22,47.7,1783,39.3,2,19,13,35.8,-1.81,2.64,593.3,0,1,0,119,Sedan,Diesel,Kolkata,1.99
43.81,0.97,51.7,2081,28.7,0,16,11,28.1,-6.13,2.59,368.9,1,1,0,102,MUV,Petrol,Mumbai,0.3
94.95,0.28,61.2,2925,29.7,0,4,0,39.0,2.39,2.17,24.9,0,0,1,105,Sedan,Diesel,Kolkata,2.39
41.61,1.37,51.9,2066,46.3,0,13,20,33.7,2.44,3.2,521.3,1,1,0,79,Hatchback,Petrol,Lucknow,2.71
52.19,0.8,49.9,2137,38.1,1,23,22,37.4,4.6,2.47,673.4,1,1,1,82,Hatchback,Petrol,Delhi,3.21
108.47,0.61,66.3,3491,26.3,0,1,4,22.7,-4.31,3.83,602.7,0,0,0,81,Hatchback,Petrol,Bangalore,1.04
78.38,2.36,70.6,3107,63.5,0,3,4,35.1,2.93,1.59,129.1,0,0,2,91,Hatchback,CNG,Mumbai,4.19
11.39,1.33,50.3,1365,46.6,1,10,18,27.2,1.3,1.14,316.3,1,2,0,105,Sedan,Diesel,Hyderabad,2.61
60.63,1.11,56.3,2254,33.2,2,4,5,37.8,1.24,1.35,766.9,0,0,0,82,Hatchback,Petrol,Jaipur,3.0
46.74,1.65,59.0,2177,53.0,2,13,10,31.1,-5.89,0.95,197.0,0,1,2,123,MUV,Petrol,Kolkata,2.63
57.88,1.04,55.1,2484,43.4,2,20,24,37.5,-3.4,2.93,792.6,1,1,1,166,SUV,Petrol,Hyderabad,2.54
31.7,1.36,52.4,1825,47.5,1,20,36,36.4,-3.37,4.88,682.6,0,1,1,141,Sedan,Petrol,Mumbai,2.64
13.16,2.34,55.2,1826,68.4,0,2,7,31.0,-2.84,1.29,623.9,0,2,2,148,SUV,Diesel,Ahmedabad,2.72
52.48,2.18,63.8,2747,69.3,1,18,27,32.5,-1.06,0.62,465.0,0,1,1,146,Sedan,CNG,Pune,3.44
100.46,0.26,64.7,2871,28.8,0,4,9,33.6,0.99,4.42,731.0,0,0,0,122,MUV,Diesel,Ahmedabad,2.12
79.89,1.84,71.0,3012,68.3,0,2,8,39.9,3.57,1.11,661.9,0,0,0,153,SUV,Petrol,Jaipur,4.57
109.5,0.23,66.7,3256,28.5,0,1,6,28.7,-1.9,1.47,341.6,1,0,0,80,Hatchback,Petrol,Kolkata,1.31
57.16,0.74,60.1,2196,37.0,0,23,35,25.5,-1.9,1.01,792.4,0,1,1,94,MUV,Diesel,Chennai,1.56
26.8,0.82,51.7,1423,29.6,2,28,32,31.0,-1.87,0.87,450.3,1,1,0,189,SUV,CNG,Ahmedabad,2.47
56.21,1.04,58.1,2263,42.6,2,5,10,32.1,0.31,4.07,752.0,0,1,2,147,Sedan,Diesel,Bangalore,3.05
24.75,0.13,40.4,1472,14.8,2,6,10,39.5,-3.87,1.29,147.4,0,1,1,119,MUV,Diesel,Kolkata,1.09
14.32,1.44,49.3,1357,39.7,1,3,11,43.7,0.36,2.44,510.4,0,2,1,175,SUV,Diesel,Delhi,3.25
17.73,0.47,44.0,1339,28.7,1,3,20,25.1,-1.47,4.18,76.2,0,2,0,102,MUV,Petrol,Bangalore,1.56
87.33,1.14,63.3,2824,43.7,1,1,3,35.0,-0.59,0.43,558.7,1,0,0,88,Hatchback,Petrol,Chennai,2.59
48.93,1.7,57.5,2269,49.7,2,28,13,29.5,-1.15,2.18,209.0,1,1,1,99,MUV,CNG,Hyderabad,2.99
34.8,0.37,50.5,1641,30.2,1,20,26,34.2,-1.75,0.64,683.3,1,1,1,102,MUV,Petrol,Chennai,1.61
31.63,0.82,48.0,1573,33.2,2,13,10,39.7,1.97,3.28,520.7,0,2,1,113,MUV,CNG,Delhi,3.05
21.4,1.85,52.9,1868,48.3,2,6,34,28.6,0.22,4.47,358.2,0,1,0,105,Sedan,Petrol,Mumbai,3.83
23.86,1.68,51.3,1971,44.8,1,3,5,22.1,-1.34,3.56,124.0,0,2,1,193,SUV,Petrol,Bangalore,3.0
94.62,1.72,64.6,3576,59.5,1,0,6,31.2,3.9,4.13,387.9,0,0,2,130,Sedan,Diesel,Pune,4.33
88.86,2.18,70.9,3461,69.4,1,3,9,30.5,-0.05,4.36,156.9,0,0,0,142,SUV,Diesel,Mumbai,3.54
53.56,0.84,55.5,2244,35.0,1,12,19,35.0,-3.33,1.68,729.0,1,1,0,116,MUV,Petrol,Jaipur,1.43
33.61,1.43,55.3,1954,44.7,0,2,7,35.1,3.07,0.55,197.4,0,2,0,92,MUV,Diesel,Hyderabad,2.63
63.1,2.15,65.4,2582,50.6,1,1,2,32.3,0.45,1.92,520.1,0,0,0,197,SUV,Petrol,Mumbai,4.13
30.51,2.09,57.9,1835,58.4,1,23,27,23.7,-2.25,4.51,297.3,0,1,2,176,SUV,Diesel,Ahmedabad,3.25
23.33,0.34,49.6,1485,20.7,0,3,18,30.0,-1.95,0.42,690.9,0,2,2,125,Sedan,Petrol,Kolkata,1.57
27.21,1.43,52.7,1493,38.3,0,5,6,31.8,4.57,1.63,280.6,1,2,0,136,Sedan,Diesel,Pune,2.95
36.41,1.46,57.0,1774,49.5,1,15,31,23.0,4.12,3.6,465.2,0,1,0,88,Hatchback,Diesel,Delhi,3.47
30.66,0.14,48.2,1367,7.3,1,14,14,20.9,0.59,4.65,601.0,0,2,0,135,MUV,Diesel,Ahmedabad,1.62
73.18,2.38,68.3,3100,72.0,0,1,4,29.4,-2.22,4.14,707.4,0,0,0,108,Sedan,Petrol,Ahmedabad,2.8
17.19,1.47,48.2,1362,43.6,0,2,14,35.8,-6.27,4.45,244.9,0,2,0,104,MUV,Diesel,Chennai,0.95
38.71,1.28,54.7,1893,47.8,0,13,35,33.9,-5.28,2.61,221.0,0,1,1,115,Sedan,CNG,Mumbai,1.13
118.37,1.41,73.9,3632,57.0,1,2,4,38.3,-7.02,1.52,776.3,0,0,2,195,SUV,Petrol,Ahmedabad,3.29
32.46,0.58,50.6,1523,23.9,2,6,24,20.6,0.05,1.06,108.9,0,2,1,112,Sedan,Petrol,Lucknow,2.89
100.25,1.95,70.2,3634,70.1,0,1,8,25.5,-0.18,4.9,240.5,0,0,0,95,Hatchback,Petrol,Mumbai,3.26
115.13,0.33,66.7,3408,36.8,1,3,3,24.6,5.55,0.81,526.7,1,0,1,127,MUV,Petrol,Hyderabad,3.98
44.29,0.71,54.1,1843,27.5,1,29,36,26.6,5.3,3.19,445.4,1,1,0,80,Hatchback,Diesel,Chennai,2.94
40.97,1.71,61.1,2155,47.3,1,14,29,33.3,0.16,3.9,753.1,0,1,0,126,Sedan,Petrol,Hyderabad,3.58
31.23,0.15,50.2,1468,26.5,0,14,5,30.0,2.37,0.78,797.8,1,2,0,115,MUV,Petrol,Pune,1.48
44.37,1.08,59.7,2133,43.7,2,16,23,25.2,-1.34,3.01,316.1,0,1,2,92,Hatchback,Petrol,Bangalore,2.9
34.37,2.18,57.1,2428,54.2,0,9,6,41.1,-3.0,3.03,758.6,0,2,0,77,Hatchback,Petrol,Chennai,2.2
93.82,0.55,60.6,2879,35.0,0,1,0,23.5,3.44,4.12,250.0,1,0,0,98,MUV,Petrol,Delhi,2.11
48.57,0.11,50.7,1883,23.7,1,21,28,36.2,7.94,3.24,798.8,1,1,0,140,Sedan,Diesel,Chennai,3.42
28.55,1.48,51.2,1609,39.2,0,12,6,25.9,4.92,1.27,26.5,1,2,1,139,MUV,Petrol,Pune,3.58
50.88,2.1,64.5,2574,62.0,1,8,22,25.6,-2.68,2.61,173.1,0,1,1,153,SUV,Petrol,Bangalore,3.31
15.25,0.69,43.0,1246,32.7,0,14,18,38.0,-2.87,4.18,656.6,0,2,0,96,MUV,Petrol,Hyderabad,0.97
59.93,0.37,53.5,2011,28.6,2,8,26,38.7,-1.73,2.97,785.4,0,1,2,110,MUV,Diesel,Chennai,2.22
46.47,1.07,54.0,1999,36.3,2,21,30,31.9,2.35,1.36,482.4,0,1,0,107,MUV,Diesel,Hyderabad,3.15
42.46,2.37,61.2,2361,61.5,0,29,39,27.8,-3.02,0.34,45.9,0,1,1,111,MUV,CNG,Hyderabad,2.89
22.06,2.47,62.8,1848,56.7,1,11,24,18.5,-0.15,2.35,783.3,0,2,0,90,Hatchback,Diesel,Lucknow,3.29
34.24,1.08,55.2,1762,38.5,2,11,24,40.3,0.57,4.77,291.9,0,2,0,92,MUV,Diesel,Chennai,2.85
39.62,1.21,52.1,2137,42.0,1,24,20,30.9,-2.68,3.56,504.2,0,1,0,121,MUV,CNG,Mumbai,2.04
18.82,0.27,52.5,1260,14.1,0,5,11,35.6,-0.23,2.45,202.8,0,2,0,115,Sedan,Petrol,Mumbai,1.79
54.05,0.78,56.9,2087,35.7,2,23,13,22.7,2.0,4.69,760.0,0,1,0,109,MUV,Petrol,Pune,3.09
28.85,2.49,62.2,2183,63.5,0,24,37,26.4,-2.26,0.76,440.7,0,1,0,133,Sedan,Petrol,Lucknow,3.27
21.76,2.31,54.0,1903,61.6,2,20,38,32.4,1.49,2.01,666.9,1,1,0,103,Sedan,Petrol,Jaipur,4.57
115.58,1.13,67.0,3214,54.4,0,4,0,33.6,3.74,0.24,225.8,0,0,1,71,Hatchback,CNG,Bangalore,3.6
15.59,1.78,52.1,1714,49.9,2,10,22,34.8,3.97,4.89,197.8,1,2,0,84,Hatchback,Petrol,Ahmedabad,4.49
23.56,0.34,43.5,1435,22.6,0,10,34,32.8,-0.15,1.63,776.7,0,1,0,133,Sedan,CNG,Chennai,1.65
66.66,2.23,67.9,2607,70.6,0,4,0,19.9,2.46,2.04,719.0,1,0,1,72,Hatchback,Petrol,Lucknow,3.72
72.63,0.24,57.8,2332,20.0,0,2,0,16.6,-6.33,0.86,464.3,0,0,1,105,Sedan,Diesel,Jaipur,0.3
21.0,0.21,40.2,1223,15.0,2,8,15,33.6,-0.62,1.03,589.5,1,2,1,114,MUV,Petrol,Bangalore,2.0
57.25,1.07,59.5,2237,41.5,1,19,32,28.2,-3.59,0.75,577.0,0,1,1,188,SUV,Petrol,Kolkata,2.56
45.32,1.47,59.7,2074,46.1,2,24,20,37.1,1.23,4.1,190.3,0,1,1,127,MUV,Petrol,Kolkata,4.39
47.57,1.11,53.6,2267,42.1,1,9,15,36.1,4.06,2.92,658.8,0,1,0,172,SUV,Petrol,Hyderabad,4.04
39.82,0.94,51.5,1950,47.5,1,26,36,32.8,5.86,4.91,350.2,0,1,0,77,Hatchback,CNG,Pune,3.75
70.42,0.36,53.4,2413,26.0,1,0,3,27.3,5.18,0.87,413.1,0,0,0,75,Hatchback,Petrol,Pune,3.05
55.59,0.84,59.8,2295,32.5,1,21,33,21.4,-1.76,1.09,747.6,0,1,2,165,SUV,Diesel,Bangalore,2.4
36.53,2.14,55.3,2295,62.6,1,27,39,22.7,1.88,3.4,573.5,1,1,0,95,MUV,Petrol,Ahmedabad,4.07
31.28,1.59,56.7,1830,47.7,0,20,28,17.5,-2.62,3.94,541.0,1,1,0,91,Hatchback,Petrol,Jaipur,2.37
19.12,1.78,57.3,1917,46.2,0,8,10,37.5,-1.82,4.01,368.7,0,2,0,147,Sedan,Petrol,Chennai,2.83
73.38,0.88,58.1,2413,36.4,0,3,1,42.3,-0.45,1.89,719.9,0,0,1,96,Hatchback,CNG,Delhi,2.01
38.24,1.69,55.2,2324,52.7,1,7,31,29.8,1.06,2.83,364.3,1,1,0,86,Hatchback,Diesel,Chennai,2.7
58.94,1.67,58.5,2629,49.7,1,19,29,23.6,6.49,0.29,723.1,0,1,0,154,SUV,CNG,Pune,4.64
13.35,2.1,50.1,1804,56.7,2,9,12,32.7,7.72,4.49,556.8,1,2,0,105,MUV,CNG,Chennai,5.03
10.59,2.02,48.5,1476,52.5,1,3,14,36.0,-2.28,0.8,454.0,0,2,1,174,SUV,Diesel,Mumbai,2.85
74.19,0.87,66.0,2462,33.2,0,3,0,29.3,0.17,4.38,758.8,0,0,1,134,MUV,CNG,Pune,2.49
30.11,2.1,53.4,2143,63.7,0,6,28,31.1,7.56,3.14,677.9,0,1,2,119,Sedan,Petrol,Jaipur,5.46
24.5,0.97,54.6,1601,36.5,2,13,28,33.7,-0.88,0.32,567.9,0,1,0,118,MUV,Petrol,Hyderabad,3.01
32.69,0.5,46.2,1537,14.5,2,12,14,28.9,0.76,0.94,675.4,0,2,2,113,Sedan,Petrol,Kolkata,2.64
62.97,0.29,54.6,2265,23.8,2,4,4,27.1,-0.83,4.85,207.6,0,0,0,90,Hatchback,Diesel,Pune,1.69
23.55,1.61,48.3,1888,47.4,1,9,23,32.8,2.64,2.46,688.8,1,2,0,197,SUV,Petrol,Chennai,3.99
45.54,0.76,49.0,1817,36.6,1,22,10,27.4,1.33,0.29,720.2,0,1,0,105,MUV,Petrol,Chennai,2.26
46.12,0.46,50.9,2000,28.2,0,24,14,43.5,0.01,1.36,312.2,1,1,1,168,SUV,Diesel,Jaipur,1.75
33.35,0.15,47.4,1367,15.1,0,10,14,34.8,-0.78,4.33,209.1,1,2,1,88,Hatchback,Diesel,Hyderabad,0.84
39.38,1.42,54.9,2042,46.7,1,15,18,43.8,2.47,1.03,23.7,1,1,0,166,SUV,Petrol,Ahmedabad,3.83
49.19,2.16,59.9,2284,73.6,1,17,20,35.8,0.66,2.41,206.3,0,1,1,117,Sedan,Diesel,Ahmedabad,3.66
82.56,0.89,63.0,2595,45.3,0,2,1,29.9,3.1,0.33,363.0,0,0,0,131,MUV,Petrol,Pune,3.2
52.88,0.6,55.7,2012,29.4,0,26,36,31.3,-0.68,4.17,284.0,0,1,0,95,MUV,Diesel,Lucknow,1.57
13.66,1.98,52.1,1878,55.0,0,7,17,30.6,-3.46,3.64,344.0,0,2,2,111,Sedan,Petrol,Hyderabad,2.62
54.14,2.05,58.6,2163,60.0,0,13,12,29.9,-1.02,0.64,655.1,1,1,0,141,Sedan,CNG,Kolkata,2.41
58.06,0.45,60.3,2043,30.0,0,6,31,23.2,-0.75,1.41,786.0,0,1,0,138,Sedan,CNG,Hyderabad,1.88
22.45,0.16,49.3,1208,13.4,2,13,14,21.5,-5.74,2.31,410.4,1,1,1,100,Sedan,Petrol,Lucknow,0.7
61.07,1.08,56.2,2271,44.6,0,2,7,38.1,0.81,0.76,378.0,0,0,0,170,SUV,Diesel,Chennai,2.43
26.32,1.95,49.6,2076,47.8,2,8,12,32.7,0.8,1.59,561.2,1,2,1,152,SUV,CNG,Pune,3.61
51.37,1.84,59.2,2343,53.9,2,27,16,39.9,-2.14,0.73,351.6,0,1,1,190,SUV,Diesel,Lucknow,3.33
29.81,2.31,58.0,2158,54.1,1,24,21,35.0,3.28,3.49,485.9,1,1,0,133,MUV,Petrol,Mumbai,4.65
26.18,1.2,50.7,1497,40.5,0,16,19,16.7,2.78,0.88,399.1,0,1,0,86,Hatchback,Petrol,Lucknow,2.93
11.36,0.78,48.5,1235,31.0,1,7,9,35.2,-0.42,4.81,325.5,1,2,0,97,MUV,Petrol,Hyderabad,2.18
37.17,0.15,46.1,1710,28.5,1,20,20,28.8,0.78,2.79,12.3,0,1,0,94,MUV,Petrol,Bangalore,1.63
87.54,2.3,63.6,3248,67.8,0,4,2,25.4,3.09,3.29,44.0,0,0,1,149,Sedan,Diesel,Hyderabad,3.73
18.33,1.4,57.5,1699,40.7,1,5,12,26.9,3.74,2.44,472.8,1,2,1,173,SUV,Petrol,Pune,4.22
102.37,0.58,65.0,3422,38.5,0,4,0,38.8,1.51,4.14,358.3,0,0,0,108,MUV,Diesel,Jaipur,2.4
46.34,0.86,54.7,1940,36.5,1,29,36,30.2,-0.91,2.07,176.6,0,1,0,136,MUV,Petrol,Mumbai,2.62
18.19,0.55,52.4,1494,18.3,0,9,5,33.3,-2.56,2.34,653.0,1,2,2,117,Sedan,Diesel,Pune,1.0
42.25,1.79,55.3,2142,57.6,0,14,29,28.4,0.99,2.96,8.8,0,1,1,103,Sedan,Petrol,Pune,3.15
13.21,2.16,58.2,1906,60.1,0,6,7,31.9,-0.63,1.15,162.7,0,2,0,95,Hatchback,Petrol,Lucknow,3.15
29.94,0.73,51.3,1599,25.2,1,8,38,25.1,0.27,4.18,633.1,1,1,0,179,SUV,CNG,Chennai,2.56
24.07,1.54,55.9,1577,50.4,1,11,19,17.5,1.16,1.38,4.8,0,2,0,128,Sedan,Petrol,Jaipur,3.69
103.57,1.93,69.4,3614,82.8,0,4,3,38.9,0.93,4.68,740.5,1,0,0,110,Sedan,Petrol,Ahmedabad,3.61
28.16,1.29,56.1,1896,39.1,0,5,20,38.6,1.71,0.6,497.0,1,2,0,134,MUV,Petrol,Hyderabad,3.15
23.38,0.27,43.8,1405,18.0,1,9,23,24.0,-2.52,0.75,751.4,0,1,1,98,MUV,Petrol,Lucknow,1.06
35.36,1.84,56.4,1803,43.9,1,29,35,34.7,-0.71,3.53,542.8,0,1,0,97,MUV,CNG,Kolkata,3.01
17.46,1.8,54.5,1535,50.2,1,13,6,23.3,-3.44,1.52,84.2,0,2,1,85,Hatchback,Petrol,Pune,2.43
72.76,2.25,67.2,2952,74.8,1,1,4,37.8,0.36,3.28,401.9,1,0,2,97,Hatchback,Petrol,Ahmedabad,3.78
26.68,2.01,56.1,1982,60.3,0,6,16,21.6,2.44,3.91,135.3,1,2,1,160,SUV,Petrol,Ahmedabad,3.82
13.53,0.68,45.3,1391,32.1,0,14,23,39.2,-0.43,1.85,274.8,0,2,0,140,SUV,Diesel,Chennai,1.84
16.33,2.3,56.4,1851,62.7,1,10,19,31.5,0.89,4.7,743.5,0,2,0,90,Hatchback,Petrol,Chennai,4.04
23.63,2.18,60.5,2048,47.3,1,20,29,20.5,2.8,2.43,26.3,0,1,0,144,SUV,Petrol,Bangalore,4.69
104.6,2.24,73.6,3864,63.9,0,2,6,34.1,-1.31,2.78,546.3,0,0,2,94,Hatchback,Petrol,Chennai,3.7
36.94,0.79,53.1,2105,41.5,1,28,17,40.1,4.0,0.85,68.1,0,1,0,101,Sedan,Diesel,Chennai,2.95
46.55,1.4,54.8,1966,40.4,1,29,39,36.3,1.57,4.19,532.9,1,1,0,149,Sedan,CNG,Chennai,3.48
28.82,2.31,54.9,2134,62.4,0,7,12,25.7,0.41,3.94,656.4,0,2,0,174,SUV,CNG,Pune,3.36
31.79,0.37,43.5,1715,24.5,1,16,38,25.2,-3.39,0.2,172.8,1,1,2,156,SUV,Diesel,Chennai,1.18
59.03,0.29,52.8,2308,20.5,2,8,17,41.4,-5.27,2.78,111.7,0,1,0,199,SUV,Petrol,Jaipur,1.66
31.39,0.4,48.1,1619,22.1,1,27,34,28.6,0.26,2.83,184.9,0,1,2,135,Sedan,CNG,Kolkata,2.41
25.7,1.4,50.8,1496,33.0,0,12,10,25.8,-4.66,1.27,190.1,0,2,1,148,SUV,Petrol,Jaipur,1.65
78.87,2.47,70.3,2924,70.8,0,3,3,22.8,-2.56,1.56,685.5,0,0,0,138,Sedan,Petrol,Bangalore,3.25
117.73,2.32,77.4,3844,75.3,0,1,8,30.7,-0.11,1.68,288.6,1,0,0,95,Hatchback,CNG,Chennai,3.89
50.31,1.44,55.1,2356,51.3,2,23,11,35.9,-4.62,0.26,612.7,0,1,1,149,SUV,Petrol,Hyderabad,2.78
39.84,1.08,55.7,1963,38.8,1,11,10,35.3,1.36,1.81,504.1,0,1,0,149,Sedan,CNG,Jaipur,2.95
90.71,2.42,74.2,3317,72.9,0,4,7,28.8,3.22,1.2,103.8,1,0,0,93,MUV,Petrol,Delhi,4.42
51.27,1.91,59.0,2571,66.7,0,19,14,25.0,-1.38,4.66,16.8,0,1,0,158,SUV,Petrol,Jaipur,2.8
25.17,0.68,48.0,1442,24.0,2,18,21,28.4,-0.19,2.94,447.5,1,1,0,161,SUV,Petrol,Pune,2.82
23.96,0.77,47.5,1546,22.8,2,6,24,24.5,-1.44,0.23,432.0,1,1,0,102,MUV,Petrol,Bangalore,2.19
23.48,1.43,45.4,1577,46.3,1,28,39,38.6,1.26,3.85,3.5,0,1,0,129,MUV,Petrol,Chennai,3.55
14.05,2.09,50.7,1832,49.8,2,9,10,26.4,-3.93,4.84,339.4,0,2,0,74,Hatchback,Petrol,Mumbai,2.66
30.3,0.67,49.6,1620,27.4,2,3,23,28.2,-2.03,1.96,300.1,1,2,0,161,SUV,Diesel,Lucknow,2.1
33.27,0.3,44.5,1903,19.1,1,8,23,26.5,-0.53,0.54,289.7,0,2,0,164,SUV,Petrol,Bangalore,1.84
35.03,2.16,59.9,2228,58.4,0,28,30,28.0,2.96,1.36,484.6,0,1,0,182,SUV,Diesel,Ahmedabad,3.92
39.47,1.58,54.4,2309,44.5,2,8,30,31.7,0.14,0.77,419.4,1,1,0,75,Hatchback,Petrol,Jaipur,3.22
94.39,0.11,57.4,3027,35.4,0,2,3,23.1,-2.92,2.54,509.7,0,0,0,83,Hatchback,CNG,Hyderabad,0.57
117.11,0.57,69.7,3102,35.8,2,0,3,37.0,2.53,3.52,259.8,0,0,1,74,Hatchback,Diesel,Kolkata,3.53
111.27,1.17,67.3,3616,47.3,1,3,9,22.9,6.02,1.93,687.6,1,0,0,109,Sedan,Petrol,Bangalore,4.81
16.69,0.67,51.2,1394,23.6,0,4,24,25.8,4.51,2.66,99.8,0,2,2,167,SUV,Petrol,Hyderabad,3.72
17.39,1.4,49.4,1654,29.2,0,3,19,26.1,2.31,2.85,60.1,1,2,2,86,Hatchback,Petrol,Delhi,2.99
37.73,1.0,53.9,1987,29.5,1,12,11,24.3,-0.11,2.6,582.6,1,1,0,73,Hatchback,Petrol,Ahmedabad,2.03
92.19,0.79,66.2,2933,42.2,0,0,1,27.1,0.53,0.29,522.0,0,0,2,75,Hatchback,Petrol,Bangalore,2.69
47.62,2.25,67.9,2602,65.4,1,28,39,32.9,-2.79,4.12,318.4,1,1,2,70,Hatchback,Petrol,Pune,3.21
31.46,0.46,54.2,1565,18.3,1,6,6,20.8,2.01,4.19,457.7,1,2,0,142,SUV,Diesel,Pune,2.1
13.11,1.43,50.2,1191,42.5,0,8,18,37.6,3.88,3.59,319.3,0,2,0,113,MUV,CNG,Delhi,3.59
30.69,0.75,50.4,1722,30.1,1,29,27,26.6,-0.33,4.15,488.7,0,1,0,96,Hatchback,Diesel,Kolkata,1.71
42.23,1.36,56.6,2142,37.4,1,9,19,39.2,-0.92,3.85,159.7,0,1,0,124,MUV,Petrol,Chennai,2.89
26.98,0.15,44.9,1541,5.3,1,26,10,26.7,-2.35,2.26,677.4,1,1,0,75,Hatchback,Diesel,Hyderabad,0.3
27.96,1.75,52.4,1734,38.2,2,6,24,21.5,-0.72,2.37,260.6,1,1,1,78,Hatchback,Diesel,Ahmedabad,2.9
23.63,0.27,50.2,1494,24.3,2,3,11,31.4,-2.56,1.49,540.5,1,2,0,119,MUV,Diesel,Lucknow,1.35
23.8,1.15,52.7,1755,40.9,1,7,31,18.6,-0.83,4.57,286.0,0,1,0,93,Hatchback,CNG,Pune,2.36
29.94,1.69,52.7,1794,54.2,2,6,17,39.6,-5.64,1.9,660.0,0,1,0,121,MUV,Diesel,Jaipur,2.02
24.09,1.93,44.4,1881,59.6,0,25,29,28.1,2.02,4.99,701.0,0,1,1,164,SUV,Petrol,Chennai,3.66
46.74,0.65,52.4,1922,28.4,1,6,39,33.9,-1.57,1.15,502.0,0,1,0,72,Hatchback,Petrol,Jaipur,2.07
40.21,0.24,49.4,1604,12.4,2,9,33,39.0,-1.08,4.59,674.0,0,1,0,110,MUV,Petrol,Delhi,2.42
34.49,2.08,58.2,2210,50.3,1,10,14,31.7,-0.93,0.15,72.3,0,1,0,81,Hatchback,CNG,Mumbai,2.84
55.11,0.26,50.9,2083,21.7,0,18,28,25.7,-3.5,4.85,690.6,0,1,0,123,MUV,Petrol,Mumbai,0.73
46.43,0.49,50.4,2052,21.8,1,17,35,27.7,4.9,0.32,342.2,1,1,2,155,SUV,Petrol,Hyderabad,3.54
60.5,1.0,59.5,2550,31.0,0,0,7,37.1,-2.76,0.89,525.4,1,0,0,194,SUV,CNG,Jaipur,1.71
20.03,2.46,56.1,2087,71.2,1,27,14,24.7,-1.88,0.56,437.4,0,1,0,75,Hatchback,Diesel,Bangalore,2.6
14.41,0.49,44.1,1221,24.7,0,5,10,35.7,0.83,2.3,268.9,1,2,2,79,Hatchback,Diesel,Mumbai,1.56
45.92,2.17,63.9,2367,66.7,1,18,20,39.6,-0.71,0.44,552.9,0,1,2,148,SUV,CNG,Hyderabad,4.21
22.74,2.42,62.4,1962,57.9,1,20,19,27.1,0.34,4.14,226.8,0,1,1,90,MUV,Petrol,Delhi,4.24
25.91,1.57,50.0,1710,46.4,2,22,35,21.5,0.15,2.81,235.1,1,1,0,141,SUV,Diesel,Pune,3.05
33.3,0.89,53.7,1782,29.7,1,20,32,41.6,-2.92,2.37,63.2,0,1,1,97,MUV,Diesel,Ahmedabad,1.88
104.04,1.7,69.4,3516,60.2,1,3,9,20.3,-2.49,4.84,282.6,1,0,0,113,MUV,CNG,Ahmedabad,2.89
27.87,1.26,51.5,1613,50.8,2,15,16,33.0,2.5,4.1,170.1,0,1,0,95,MUV,Petrol,Chennai,3.71
68.6,0.69,58.4,2521,33.1,1,3,7,35.5,0.73,2.12,50.6,0,0,0,84,Hatchback,Diesel,Hyderabad,2.05
37.98,1.72,62.9,1895,56.2,2,28,17,31.1,-1.29,2.27,351.4,0,1,1,129,Sedan,Petrol,Delhi,3.61
116.29,0.96,70.1,3328,50.2,0,4,6,26.1,0.88,3.56,65.4,1,0,0,98,Hatchback,CNG,Mumbai,2.64
112.64,2.36,75.0,3626,79.3,1,3,0,21.0,2.48,4.91,62.1,1,0,0,122,MUV,Petrol,Lucknow,4.86
36.69,0.16,50.4,1616,20.7,1,9,22,32.2,-1.49,1.57,298.5,1,1,0,79,Hatchback,Petrol,Kolkata,0.98
108.47,1.57,66.4,3470,70.7,0,4,5,16.2,2.24,2.98,135.6,0,0,1,127,Sedan,Petrol,Jaipur,3.83
10.14,1.02,46.3,1151,31.4,1,8,19,27.9,-2.44,3.52,250.2,1,2,1,151,SUV,Diesel,Chennai,1.9
48.74,2.33,59.1,2512,62.7,1,18,11,39.7,-0.49,4.71,750.2,1,1,1,102,Sedan,Petrol,Chennai,3.62
55.19,1.88,62.4,2575,55.9,0,27,19,22.6,-1.3,1.96,764.1,0,1,0,120,MUV,Diesel,Kolkata,2.16
27.06,1.89,52.9,1872,56.6,1,10,28,26.4,-1.98,0.48,674.8,0,1,1,108,MUV,Diesel,Bangalore,2.56
70.78,1.87,63.5,2876,57.3,1,1,5,24.6,4.06,4.59,240.6,0,0,1,176,SUV,Diesel,Chennai,4.36
67.12,0.92,61.6,2397,44.5,1,3,8,33.4,3.24,1.78,775.3,1,0,0,174,SUV,Diesel,Delhi,3.25
106.47,1.86,69.2,3778,55.9,1,2,4,22.3,1.26,1.14,693.6,0,0,0,106,Sedan,Petrol,Ahmedabad,4.2
32.66,0.59,50.6,1844,33.7,1,23,35,19.7,4.22,1.4,646.1,0,1,2,107,MUV,Petrol,Pune,3.57
22.8,0.93,52.5,1684,42.3,0,9,27,29.2,-6.58,3.77,214.6,0,1,2,91,Hatchback,Petrol,Pune,0.86
46.17,1.57,57.7,2426,52.3,0,27,39,31.7,0.07,4.72,174.2,0,1,0,124,MUV,Petrol,Mumbai,2.99
52.87,1.17,56.7,2350,41.6,1,13,22,31.6,2.33,4.09,600.9,0,1,0,76,Hatchback,Diesel,Bangalore,2.75
97.25,1.14,67.4,3397,42.2,0,3,2,27.0,1.05,1.01,528.9,0,0,1,135,MUV,Diesel,Delhi,2.66
95.71,2.39,71.3,3497,79.0,2,0,2,29.4,1.78,0.35,712.3,1,0,2,143,SUV,Diesel,Hyderabad,4.55
17.27,1.57,56.4,1596,35.9,1,2,12,23.8,4.64,1.74,546.4,0,2,0,191,SUV,Petrol,Delhi,4.63
16.2,1.74,51.9,1893,48.7,0,5,10,36.0,1.48,3.86,96.4,0,2,0,173,SUV,CNG,Jaipur,3.39
56.39,1.65,58.9,2537,37.5,0,27,21,40.2,7.19,3.66,154.0,0,1,0,148,Sedan,Petrol,Ahmedabad,5.32
28.86,1.78,54.9,1830,54.8,2,6,13,35.0,3.68,4.33,106.6,0,1,0,124,MUV,CNG,Ahmedabad,4.48
54.44,1.78,61.9,2464,55.5,0,18,19,29.6,3.93,2.03,187.8,0,1,0,187,SUV,Petrol,Mumbai,4.19
30.78,1.44,55.1,1948,41.9,0,6,21,29.4,-0.4,0.94,536.6,1,2,1,161,SUV,Petrol,Hyderabad,2.66
57.72,1.32,57.9,2503,45.8,2,26,28,36.9,-0.05,1.59,149.9,1,1,2,78,Hatchback,Diesel,Kolkata,2.99
23.9,2.23,54.9,1770,58.4,1,6,14,19.4,-1.47,3.42,491.0,0,1,0,107,MUV,Diesel,Delhi,2.62
12.66,2.48,56.4,1907,62.9,1,12,19,21.8,0.34,0.11,411.5,1,2,1,70,Hatchback,CNG,Bangalore,3.56
20.78,1.25,45.1,1743,33.0,0,14,11,20.2,1.66,4.13,161.1,1,2,0,137,MUV,Diesel,Ahmedabad,1.94
26.16,2.04,56.5,1952,51.0,1,10,24,24.0,-0.46,2.55,497.5,1,2,1,94,Hatchback,Petrol,Delhi,3.11
36.7,1.74,54.2,1891,51.1,2,28,33,25.5,-2.44,2.4,62.6,0,1,0,126,MUV,Petrol,Mumbai,3.03
20.3,0.25,40.5,1430,19.8,1,24,38,28.0,-1.58,4.54,643.2,0,1,0,117,Sedan,Diesel,Ahmedabad,1.34
44.05,2.09,58.8,2436,53.9,2,17,35,39.5,-4.24,2.25,769.1,1,1,1,198,SUV,Diesel,Jaipur,3.19
82.6,0.31,56.3,2707,18.8,1,3,7,30.9,3.45,1.89,426.9,0,0,0,143,SUV,Petrol,Ahmedabad,2.94
103.56,2.24,71.6,3502,67.0,0,0,1,36.6,-10.0,3.02,377.7,1,0,2,127,Sedan,CNG,Lucknow,1.55
119.1,1.17,71.6,3466,40.2,1,0,2,21.3,0.26,4.85,461.4,0,0,0,196,SUV,Diesel,Delhi,3.59
74.22,1.38,63.5,3087,51.7,1,4,6,31.6,-0.77,1.45,202.3,1,0,0,153,SUV,Petrol,Chennai,2.84
52.61,2.26,61.5,2708,69.8,1,7,15,26.3,3.38,1.46,420.6,0,1,0,165,SUV,Petrol,Bangalore,4.7
56.43,1.1,58.4,2381,37.2,1,17,37,32.3,2.21,1.03,197.3,0,1,1,115,MUV,Petrol,Chennai,3.65
38.34,0.26,42.2,1690,12.5,2,29,12,25.3,3.48,1.22,771.0,1,1,0,170,SUV,Diesel,Delhi,2.35
27.18,0.24,50.1,926,24.6,0,5,35,37.8,-1.95,1.09,468.9,0,1,0,91,Hatchback,Petrol,Ahmedabad,1.28
76.74,2.21,67.6,3288,71.3,0,2,2,31.3,-0.31,4.82,755.1,1,0,0,103,MUV,Petrol,Pune,3.04
49.46,0.88,61.2,2142,41.0,2,7,16,27.6,-4.13,0.79,714.9,0,1,1,177,SUV,Diesel,Lucknow,2.12
10.36,0.55,44.4,1043,25.6,1,3,11,39.8,-0.02,3.58,111.9,1,2,2,71,Hatchback,Diesel,Kolkata,2.01
34.94,1.67,51.6,2055,51.6,2,21,19,32.1,-4.18,4.6,424.3,1,1,0,91,MUV,Petrol,Bangalore,2.11
86.35,1.59,66.4,2828,50.9,0,1,5,20.8,-1.87,1.68,159.9,1,0,0,116,Sedan,Petrol,Delhi,2.25
57.8,1.54,64.4,2373,52.4,1,25,22,37.0,-0.37,4.02,24.7,0,1,1,73,Hatchback,Diesel,Mumbai,2.61
27.04,1.24,55.5,1729,33.5,1,23,33,24.8,1.96,0.13,630.0,1,1,2,111,Sedan,Petrol,Delhi,3.66
49.4,0.46,54.8,2004,26.0,2,7,14,27.7,2.0,0.56,516.8,0,1,0,73,Hatchback,Petrol,Delhi,2.73
48.85,0.29,53.6,1822,23.1,2,20,29,28.8,0.77,3.61,304.1,0,1,0,87,Hatchback,Petrol,Bangalore,2.69
15.77,1.03,45.8,1438,33.9,0,12,20,39.5,-0.72,1.79,748.5,0,2,2,147,Sedan,Diesel,Delhi,2.1
43.16,2.4,64.1,2446,70.9,2,13,22,32.1,1.11,2.09,25.5,1,1,0,127,Sedan,Diesel,Hyderabad,3.78
26.2,1.23,50.3,1779,48.6,1,5,34,43.4,1.61,2.04,724.3,1,1,2,76,Hatchback,Diesel,Lucknow,2.95
24.7,1.12,44.0,1956,41.0,1,10,7,31.7,1.29,4.12,164.6,1,2,1,128,MUV,Diesel,Pune,2.5
83.22,0.38,58.4,2582,34.4,0,0,9,34.6,2.94,2.0,669.4,1,0,0,115,MUV,Petrol,Mumbai,2.23
109.25,1.54,72.7,3243,60.0,2,0,0,38.1,-4.38,3.62,189.5,0,0,0,168,SUV,Diesel,Chennai,3.14
55.7,0.27,50.4,1944,36.4,0,20,37,29.4,-1.15,3.13,446.0,1,1,1,85,Hatchback,Petrol,Bangalore,1.25
33.45,2.33,56.2,2467,67.6,2,25,35,38.4,-1.05,1.15,787.6,0,1,0,90,Hatchback,Diesel,Chennai,3.39
30.22,0.52,50.5,1687,23.0,1,8,18,33.6,-1.09,0.98,74.4,1,2,0,105,MUV,Petrol,Mumbai,1.7
102.12,1.45,66.7,3459,64.3,0,0,9,24.8,1.0,0.19,647.9,0,0,0,108,Sedan,Diesel,Kolkata,2.78
69.02,2.19,63.9,3129,67.1,1,3,7,31.3,3.78,3.05,777.0,1,0,0,117,Sedan,Diesel,Mumbai,3.7
111.75,2.22,76.8,3983,69.6,0,2,7,34.4,-2.0,0.16,15.3,0,0,2,130,Sedan,Petrol,Pune,4.1
59.67,1.11,61.3,2402,51.7,1,15,38,19.0,-3.88,0.12,460.4,1,1,1,89,Hatchback,CNG,Jaipur,1.91
32.8,1.85,55.1,2034,57.3,2,14,21,44.7,-4.21,3.26,21.7,1,2,0,149,Sedan,Petrol,Delhi,3.07
96.24,1.38,70.4,3326,59.5,1,1,1,36.1,-5.28,0.51,438.1,0,0,1,147,Sedan,Diesel,Chennai,2.16
59.79,0.5,59.5,2342,22.2,0,15,20,32.3,-0.42,0.18,662.5,1,1,0,72,Hatchback,Petrol,Ahmedabad,1.63
84.19,0.78,61.8,2941,36.6,0,0,2,37.4,2.97,3.11,698.2,0,0,0,174,SUV,Diesel,Hyderabad,3.0
26.11,1.17,49.7,1852,37.7,2,7,39,43.7,-0.93,3.79,213.5,1,1,1,79,Hatchback,Diesel,Ahmedabad,2.68
27.75,0.14,47.8,1576,11.0,1,3,16,24.3,-4.58,0.52,133.7,0,2,0,159,SUV,Petrol,Hyderabad,0.88
49.44,1.67,56.7,2337,52.8,0,8,32,40.0,3.11,0.57,587.7,1,1,0,116,Sedan,CNG,Hyderabad,3.47
75.05,1.64,59.2,3035,56.6,1,2,8,31.7,0.43,3.77,693.8,1,0,0,132,Sedan,Petrol,Hyderabad,3.06
65.41,0.85,54.2,2362,36.6,0,0,6,33.4,3.21,0.73,257.0,0,0,2,78,Hatchback,Diesel,Pune,2.29
82.16,1.86,67.9,3103,68.7,0,4,7,32.0,0.65,0.8,506.6,0,0,1,167,SUV,Petrol,Pune,4.0
46.38,1.48,62.8,2068,45.5,2,8,39,35.5,-0.97,0.82,735.2,1,1,0,76,Hatchback,CNG,Ahmedabad,3.09
47.06,0.57,56.0,1990,24.2,2,16,22,36.2,1.07,1.66,595.1,1,1,0,79,Hatchback,Petrol,Jaipur,2.61
58.77,1.31,61.0,2267,42.3,1,24,19,20.6,-1.79,1.58,66.9,1,1,2,118,Sedan,Petrol,Ahmedabad,2.62
24.44,0.38,42.1,1305,17.5,2,23,25,30.6,-2.05,1.65,772.3,0,1,0,116,Sedan,Petrol,Lucknow,1.82
56.87,1.57,62.8,2643,49.3,0,10,38,26.3,-3.19,0.24,713.7,0,1,1,95,Hatchback,Petrol,Hyderabad,2.23
58.16,0.47,49.1,2222,30.9,2,20,29,29.2,4.84,2.92,137.6,1,1,0,120,Sedan,Petrol,Lucknow,3.35
108.7,0.8,69.7,3057,53.7,1,0,7,32.4,2.38,1.29,633.0,1,0,0,109,MUV,Diesel,Bangalore,3.03
27.37,1.62,60.0,1605,47.3,1,19,20,36.8,1.66,2.94,612.2,0,1,1,107,MUV,Diesel,Delhi,3.18
40.95,1.72,53.2,2375,50.0,1,12,34,20.4,-1.37,4.98,53.2,0,1,0,164,SUV,Diesel,Lucknow,2.94
102.46,0.62,56.0,3255,44.7,0,1,8,37.6,-1.39,1.83,284.9,1,0,1,148,SUV,Diesel,Chennai,1.76
30.27,2.08,53.5,2071,62.4,2,10,24,21.7,1.5,2.76,169.3,1,1,0,91,MUV,Diesel,Ahmedabad,3.52
54.21,1.84,58.4,2476,52.2,1,20,23,21.3,-0.09,1.8,125.9,0,1,0,98,Hatchback,Diesel,Delhi,2.68
26.93,0.62,47.0,1568,22.6,1,20,30,24.4,0.57,2.97,522.2,0,1,2,111,Sedan,Petrol,Kolkata,2.61
31.14,1.17,49.4,1807,30.5,1,26,25,15.7,-1.6,4.86,27.8,0,1,0,198,SUV,Diesel,Jaipur,2.31
50.89,1.54,58.9,2297,55.1,1,7,15,15.9,-3.32,2.89,224.2,1,1,0,76,Hatchback,Diesel,Lucknow,1.63
30.21,1.35,59.8,1747,40.7,0,8,21,26.6,-0.06,4.26,359.2,0,2,0,126,MUV,CNG,Mumbai,2.2
56.22,2.41,62.4,2917,76.9,1,11,23,28.1,-2.28,1.5,676.9,0,1,1,144,SUV,Diesel,Bangalore,3.0
36.5,2.5,58.2,2221,69.1,0,11,30,30.9,-1.08,4.15,115.6,0,1,0,116,MUV,Petrol,Hyderabad,3.49
23.27,2.27,56.8,2112,55.0,0,10,13,34.1,3.52,0.4,404.6,1,1,0,77,Hatchback,Diesel,Pune,3.29
35.59,0.14,49.2,1772,26.2,2,18,32,35.3,-0.8,2.39,264.1,0,1,0,120,MUV,Petrol,Jaipur,2.46
55.55,0.9,53.8,2339,41.8,1,14,30,30.1,-3.97,0.55,330.9,0,1,0,161,SUV,Petrol,Pune,1.97
56.31,0.98,56.3,2451,38.3,2,14,19,38.2,6.2,3.25,28.3,0,1,0,182,SUV,Petrol,Kolkata,5.26
43.82,1.61,53.4,2466,53.5,1,11,19,27.5,5.1,0.57,387.0,0,1,0,137,Sedan,Diesel,Bangalore,3.51
33.56,0.79,53.7,1719,31.8,1,2,16,28.2,5.68,2.31,25.3,1,2,0,117,Sedan,CNG,Lucknow,3.49
68.24,1.59,61.7,2664,54.2,1,3,7,27.7,-2.73,3.43,73.9,0,0,0,190,SUV,Petrol,Ahmedabad,2.64
49.08,1.2,57.3,2203,43.0,2,27,29,19.7,2.82,1.13,277.4,0,1,2,95,Hatchback,CNG,Pune,3.72
47.95,1.16,53.1,2277,35.1,1,18,28,39.2,0.69,3.66,263.5,0,1,1,181,SUV,Diesel,Chennai,3.08
36.6,2.02,58.6,2177,54.3,0,26,26,36.6,0.15,2.37,319.9,1,1,0,129,Sedan,Petrol,Hyderabad,3.28
41.95,1.75,53.4,2371,51.4,1,5,34,21.8,0.18,2.48,302.8,0,1,1,94,MUV,Diesel,Bangalore,2.75
72.46,0.83,59.0,2416,34.4,0,0,7,26.8,1.23,1.63,447.0,1,0,0,129,MUV,Diesel,Bangalore,1.76
42.78,2.2,58.9,2297,65.7,2,20,37,28.2,0.92,2.24,698.7,0,1,0,193,SUV,Petrol,Chennai,5.03
37.42,1.86,58.4,1980,56.3,1,12,25,31.2,1.77,4.63,67.5,1,1,0,102,MUV,Petrol,Bangalore,3.68
28.68,0.66,46.1,1682,29.9,2,29,17,26.1,-0.66,2.53,258.6,0,1,0,193,SUV,Diesel,Pune,2.44
26.36,0.2,44.8,1243,15.1,1,7,8,25.1,-0.95,0.95,765.1,1,2,0,154,SUV,Petrol,Hyderabad,1.24
54.82,0.78,62.6,1939,41.3,2,7,15,43.0,-1.78,0.3,737.8,1,1,0,90,MUV,Petrol,Jaipur,2.37
22.07,1.95,59.7,1758,56.3,1,16,20,22.9,2.25,4.45,488.8,1,1,1,83,Hatchback,Petrol,Ahmedabad,3.95
67.54,2.0,66.1,3120,62.4,1,0,1,36.5,-2.72,4.39,651.8,1,0,0,127,MUV,Petrol,Chennai,2.89
41.28,0.14,54.8,1661,31.2,1,9,31,25.1,0.5,4.86,584.1,0,1,0,127,Sedan,Petrol,Bangalore,1.88
83.24,0.9,59.6,2519,45.2,0,2,4,33.4,-1.46,0.29,669.5,1,0,0,190,SUV,Petrol,Bangalore,2.05
35.71,2.29,57.5,2067,61.6,1,20,19,42.5,1.02,1.84,798.8,0,1,1,91,Hatchback,Diesel,Delhi,3.72
107.13,1.17,65.7,3285,60.0,0,1,9,41.6,1.8,0.91,427.2,1,0,0,81,Hatchback,Petrol,Chennai,3.18
45.1,2.27,64.2,2381,78.5,1,22,28,29.3,-3.25,2.95,258.2,1,1,2,91,MUV,Diesel,Bangalore,2.59
10.79,2.2,54.1,1536,62.7,0,10,13,26.1,-3.64,3.42,771.4,0,2,0,140,Sedan,Diesel,Kolkata,1.94
93.49,0.9,65.1,3204,39.0,0,3,1,34.2,3.4,2.03,730.9,0,0,0,197,SUV,Diesel,Pune,3.35
59.21,1.28,61.9,2607,42.7,1,19,29,24.9,0.29,3.12,754.0,0,1,1,169,SUV,Petrol,Chennai,3.62
63.27,0.37,56.5,2219,29.9,0,0,7,35.5,0.63,3.93,630.3,0,0,0,101,Sedan,Petrol,Kolkata,1.71
29.86,1.52,55.6,1933,52.2,0,7,11,23.0,-0.33,4.61,410.2,1,2,1,170,SUV,Petrol,Kolkata,2.67
31.83,0.63,51.9,1514,25.8,2,14,16,27.3,3.58,0.66,290.0,1,2,1,183,SUV,Petrol,Pune,3.85
39.38,0.32,48.3,1752,15.6,2,14,11,16.8,6.82,2.37,587.3,1,1,0,183,SUV,Petrol,Jaipur,4.19
52.26,0.66,58.2,2255,23.0,1,13,25,29.2,0.77,1.08,525.3,1,1,0,148,Sedan,Petrol,Mumbai,2.72
23.3,0.89,56.9,1573,28.7,0,19,39,26.9,-1.66,4.39,288.1,0,1,1,138,Sedan,Diesel,Hyderabad,1.78
35.14,2.06,56.9,2286,54.9,1,20,37,32.5,-0.79,3.39,264.1,1,1,0,92,MUV,Diesel,Hyderabad,2.68
31.91,1.82,51.5,2086,52.3,2,16,31,23.8,1.22,1.96,367.8,0,1,0,188,SUV,CNG,Bangalore,4.08
70.37,1.34,61.0,2645,43.2,1,3,5,30.8,0.42,0.55,533.1,1,0,0,144,Sedan,Diesel,Lucknow,2.59
33.61,2.12,59.1,2053,59.8,2,9,11,20.2,-0.27,4.77,719.4,0,1,0,119,MUV,Petrol,Delhi,3.86
30.56,2.02,51.3,2046,47.9,1,26,11,23.6,-3.48,0.32,121.1,1,1,0,146,Sedan,Petrol,Ahmedabad,2.44
22.96,0.77,45.6,1727,31.8,1,6,20,26.8,1.86,0.78,791.0,0,1,0,174,SUV,Diesel,Ahmedabad,2.49
36.86,0.19,48.8,1292,17.8,1,16,13,37.4,-6.2,4.8,208.4,0,1,1,128,MUV,Petrol,Mumbai,0.64
53.46,1.95,63.3,2607,62.2,2,28,27,29.2,-6.08,4.94,707.5,0,1,0,190,SUV,CNG,Chennai,2.69
63.63,1.74,64.9,2456,47.1,0,0,0,28.8,-0.65,4.6,766.3,1,0,2,141,Sedan,Petrol,Lucknow,2.92
29.53,2.18,55.5,1675,57.2,1,5,5,23.4,-1.48,3.33,43.4,0,2,1,125,Sedan,Petrol,Bangalore,3.08
69.93,0.47,56.4,2376,34.0,0,4,1,15.3,-5.88,4.95,335.0,1,0,0,149,Sedan,Diesel,Lucknow,0.3
44.16,1.97,58.7,2094,63.9,0,23,30,38.4,1.69,1.78,693.3,0,1,1,119,MUV,Petrol,Kolkata,3.9
65.59,0.16,56.0,2324,32.7,0,3,9,33.4,-0.31,4.82,675.1,1,0,0,104,MUV,Petrol,Pune,1.12
55.08,1.37,59.5,2249,49.8,2,17,31,38.4,4.97,1.76,684.3,0,1,2,99,MUV,Petrol,Chennai,5.07
112.2,1.74,73.2,3641,69.1,0,1,0,25.7,-1.39,1.74,39.0,1,0,0,147,SUV,Diesel,Bangalore,2.56
13.26,0.22,47.7,951,21.0,0,5,19,18.4,-1.41,4.22,655.2,0,2,0,100,Sedan,CNG,Lucknow,0.73
53.68,2.14,62.3,2905,62.9,1,15,10,36.1,7.39,0.86,86.7,0,1,0,75,Hatchback,CNG,Mumbai,4.94
66.71,0.88,60.4,2274,33.8,0,4,3,37.3,-2.93,2.22,438.3,0,0,0,126,MUV,Diesel,Lucknow,0.96
59.03,1.77,64.4,2721,54.6,2,23,14,25.5,-6.84,2.7,284.7,0,1,0,142,Sedan,Diesel,Ahmedabad,1.74
22.91,1.83,58.8,1853,50.6,2,17,23,30.6,-4.11,4.83,430.2,0,1,1,175,SUV,Petrol,Jaipur,3.51
55.3,1.3,56.3,2208,40.7,1,14,12,32.9,-0.48,1.43,435.8,1,1,0,97,Hatchback,Diesel,Pune,2.13
20.78,1.09,46.6,1511,37.2,2,16,34,32.0,4.57,0.39,100.5,1,1,1,82,Hatchback,Petrol,Jaipur,3.7
54.07,0.5,57.4,2055,32.7,2,26,13,29.9,-6.2,3.09,89.2,0,1,1,102,Sedan,Petrol,Mumbai,0.91
27.2,1.4,53.7,1763,35.4,0,9,20,21.7,2.31,2.73,624.7,1,2,1,112,Sedan,Petrol,Ahmedabad,3.04
49.01,1.25,59.4,2105,41.2,1,11,23,33.2,0.53,0.26,671.9,1,1,1,144,Sedan,Diesel,Mumbai,2.69
42.6,2.47,59.3,2537,65.0,1,28,33,15.9,2.46,0.13,18.1,1,1,0,137,Sedan,Diesel,Lucknow,4.07
44.62,0.13,49.9,1857,27.6,1,23,37,28.7,1.22,0.66,587.1,0,1,1,116,Sedan,Petrol,Mumbai,2.27
46.14,1.81,54.1,2383,47.4,1,24,35,23.7,-1.86,1.1,404.7,0,1,1,78,Hatchback,Petrol,Hyderabad,3.01
48.42,1.91,58.0,2464,57.9,2,21,35,40.1,1.26,3.87,661.6,0,1,0,97,Hatchback,CNG,Delhi,3.98
49.37,2.48,61.4,2389,68.4,1,7,12,37.9,-0.77,3.0,332.1,0,1,0,107,MUV,Petrol,Delhi,3.75
36.75,0.82,49.9,1653,34.6,0,18,22,28.2,-2.7,1.48,492.4,0,1,1,72,Hatchback,Petrol,Delhi,1.1
39.06,1.81,63.3,2219,54.0,1,7,11,22.4,1.43,2.01,382.2,1,1,1,122,Sedan,Petrol,Hyderabad,3.6
31.21,2.0,55.1,1887,52.4,2,21,20,24.9,-4.24,2.98,578.6,0,1,0,139,Sedan,CNG,Hyderabad,2.67
12.23,0.77,44.8,1081,30.8,0,13,24,27.2,-2.69,1.29,180.1,0,2,1,95,MUV,Diesel,Hyderabad,1.04
37.5,1.8,54.9,2070,51.5,2,15,16,33.5,0.72,0.28,277.2,0,1,1,96,MUV,Petrol,Pune,3.9
54.72,1.56,59.9,2413,54.5,0,10,29,26.9,2.32,1.22,50.3,1,1,2,173,SUV,Petrol,Pune,3.97
28.81,1.94,57.4,1947,55.0,1,13,23,38.7,-2.7,0.28,336.9,0,2,1,127,Sedan,Diesel,Lucknow,2.59
30.79,2.22,57.9,2040,71.0,0,28,21,23.0,-1.15,3.62,388.3,0,1,0,152,SUV,Diesel,Delhi,2.62
25.57,0.53,46.8,1807,31.3,1,7,22,20.8,-0.52,1.61,109.7,1,2,0,195,SUV,Diesel,Bangalore,2.15
34.31,0.82,51.5,1641,34.6,1,27,38,27.7,-0.03,3.85,561.6,0,1,1,181,SUV,CNG,Kolkata,2.93
58.15,0.67,51.7,2484,35.9,0,19,34,37.3,3.48,4.37,776.8,1,1,2,126,Sedan,Petrol,Chennai,3.17
35.93,0.18,48.6,1662,20.2,1,29,28,25.6,3.85,1.08,681.5,0,1,2,174,SUV,Petrol,Mumbai,3.36
111.9,0.84,66.4,3703,38.4,0,0,0,19.0,-2.57,3.52,314.8,0,0,1,170,SUV,Diesel,Delhi,2.16
72.15,0.2,52.7,2361,23.3,0,1,9,22.7,-3.63,4.5,160.2,0,0,2,94,Hatchback,Petrol,Pune,0.69
24.71,1.29,51.0,1412,40.7,0,7,7,32.3,-4.76,3.96,48.2,0,2,0,154,SUV,Diesel,Delhi,0.86
41.09,1.62,58.0,2156,56.9,2,24,26,28.2,0.08,1.65,357.1,0,1,0,89,Hatchback,CNG,Pune,3.29
34.47,2.08,53.3,2179,56.5,0,17,26,30.4,-0.79,3.83,746.8,1,1,2,143,SUV,Diesel,Ahmedabad,2.75
33.89,1.88,61.6,1792,49.1,2,10,23,18.7,-0.38,1.11,312.8,1,1,0,102,Sedan,Diesel,Pune,2.97
25.56,2.35,56.9,1862,64.8,0,23,26,28.3,0.19,1.95,217.7,1,1,0,133,Sedan,Diesel,Kolkata,3.01
30.43,0.17,43.0,1291,18.6,1,6,6,28.7,-2.33,2.66,226.8,0,2,0,109,MUV,CNG,Chennai,0.58
32.31,1.29,51.7,2077,49.3,2,20,11,21.9,0.98,2.78,49.4,0,1,0,83,Hatchback,Petrol,Lucknow,3.24
50.85,0.45,54.9,2034,21.8,2,7,34,33.6,-4.07,1.48,165.5,0,1,2,102,MUV,CNG,Kolkata,2.0
108.92,0.35,62.9,3099,40.1,0,1,0,30.9,-1.68,3.88,284.2,0,0,1,170,SUV,Diesel,Jaipur,1.81
37.78,1.26,53.8,2085,29.7,2,16,20,24.6,-4.85,1.1,566.2,0,1,0,111,MUV,Petrol,Hyderabad,1.65
96.64,2.26,67.6,3536,70.7,0,3,9,22.7,-0.94,4.4,452.7,0,0,0,97,Hatchback,CNG,Ahmedabad,3.31
10.09,1.31,50.8,1241,33.3,1,12,5,31.4,-7.21,1.86,427.1,1,2,1,199,SUV,Diesel,Ahmedabad,1.27
44.94,2.02,59.2,2438,52.1,0,26,12,33.7,-3.21,0.98,279.8,1,1,0,160,SUV,CNG,Chennai,2.26
41.59,0.33,44.2,1818,21.8,1,11,33,23.1,-1.84,2.91,409.1,0,1,1,105,Sedan,Petrol,Ahmedabad,1.32
24.45,0.49,47.5,1346,17.0,0,4,23,30.7,-2.53,3.83,703.2,1,2,0,75,Hatchback,CNG,Bangalore,0.53
59.12,1.05,51.4,2222,39.0,2,26,21,33.4,0.31,3.11,242.5,0,1,0,110,MUV,Petrol,Lucknow,3.29
54.21,2.22,67.8,2616,64.7,1,21,23,19.5,2.86,4.73,186.1,0,1,0,99,Hatchback,Diesel,Pune,4.09
81.99,2.11,68.0,2987,66.0,0,0,8,27.3,-3.13,0.16,745.5,1,0,0,126,MUV,Petrol,Chennai,2.35
17.14,0.76,50.8,1180,24.7,1,10,16,29.4,-0.52,1.36,772.1,1,2,0,189,SUV,Diesel,Kolkata,2.23
51.39,0.67,53.0,1959,35.2,0,12,13,33.8,-2.67,3.84,720.2,0,1,2,109,MUV,Petrol,Bangalore,1.51
27.76,0.43,44.6,1209,15.1,1,21,34,31.7,-1.69,1.9,721.9,0,1,0,95,MUV,Petrol,Chennai,1.57
33.2,0.71,51.4,1800,26.4,2,3,23,16.0,9.69,4.31,591.4,0,2,2,80,Hatchback,Petrol,Lucknow,5.36
33.62,1.56,52.4,1784,43.8,1,24,15,33.1,-0.14,4.45,723.0,0,1,0,80,Hatchback,CNG,Kolkata,2.44
32.97,1.91,59.8,2123,56.8,2,25,32,30.5,-3.88,3.39,221.2,1,1,0,164,SUV,Petrol,Lucknow,3.29
30.8,1.79,57.8,1942,50.8,1,26,12,31.2,5.63,2.16,655.1,0,1,0,125,MUV,Diesel,Chennai,4.12
34.62,2.15,55.0,2219,62.3,0,5,23,27.2,-3.71,2.01,629.7,0,2,0,180,SUV,Petrol,Bangalore,2.59
44.51,0.99,56.4,2126,25.3,1,25,15,30.5,-1.03,3.22,446.2,0,1,0,92,MUV,Petrol,Delhi,2.04
29.41,0.72,53.0,1939,30.1,1,12,24,20.4,3.65,0.36,786.8,1,1,2,125,MUV,Petrol,Pune,3.53
78.21,0.81,55.6,2632,40.6,0,0,6,23.0,-1.24,3.2,26.3,0,0,0,130,Sedan,Petrol,Jaipur,1.71
98.54,0.42,61.4,3158,30.7,2,3,9,24.5,1.56,4.02,452.9,1,0,2,92,Hatchback,Diesel,Chennai,2.49
41.27,0.67,47.3,1987,31.6,1,10,10,17.4,-3.56,0.93,385.9,0,1,0,88,Hatchback,Diesel,Lucknow,0.98
20.03,0.29,46.4,1344,18.4,2,8,32,20.4,2.45,0.14,669.3,0,1,0,187,SUV,CNG,Bangalore,3.03
19.15,1.69,49.7,1718,33.5,1,14,15,25.6,-2.1,3.82,640.0,0,2,0,123,MUV,Petrol,Bangalore,2.41
89.01,1.33,66.3,3114,53.3,0,2,2,26.9,-1.35,4.86,115.4,1,0,2,129,Sedan,Diesel,Hyderabad,2.04
96.06,0.5,62.8,2860,42.0,2,2,2,24.6,1.36,2.14,732.6,0,0,1,138,Sedan,Diesel,Jaipur,2.76
26.31,0.62,47.9,1685,24.9,0,9,10,21.6,3.43,4.99,232.3,0,2,0,101,MUV,Diesel,Pune,2.08
16.96,2.06,53.4,1724,62.7,1,6,22,24.8,0.06,3.9,601.8,0,2,1,146,Sedan,Petrol,Jaipur,3.86
25.42,0.44,45.1,1584,33.1,1,13,33,28.6,-0.31,4.33,60.5,0,1,0,125,MUV,CNG,Ahmedabad,1.92
104.16,0.54,71.3,3088,42.0,0,4,7,18.7,2.5,1.68,163.3,0,0,0,106,MUV,Petrol,Pune,3.14
28.29,1.85,50.5,1969,54.0,1,9,26,27.0,-0.52,3.71,749.9,0,1,2,183,SUV,Petrol,Bangalore,3.74
16.09,2.03,52.1,1754,55.4,1,12,24,43.5,-1.29,0.59,170.7,1,2,1,171,SUV,Petrol,Ahmedabad,3.68
39.26,2.48,64.7,2378,62.5,1,20,32,29.3,0.93,0.15,9.5,0,1,0,185,SUV,Diesel,Jaipur,4.26
25.43,0.93,54.5,1572,32.6,1,19,31,26.6,5.48,3.63,280.6,0,1,2,113,Sedan,Petrol,Bangalore,4.3
22.68,1.99,55.3,1731,50.6,2,16,36,21.0,-0.82,2.02,388.6,0,1,0,158,SUV,Petrol,Lucknow,4.24
37.81,1.98,60.5,2277,56.1,1,23,32,25.1,3.53,1.71,617.9,0,1,0,93,MUV,Petrol,Ahmedabad,4.27
59.11,1.43,58.2,2520,49.1,2,8,19,25.7,-1.08,0.73,661.2,0,1,2,184,SUV,Petrol,Kolkata,3.82
28.23,2.09,48.6,2133,61.2,0,16,36,34.7,2.46,3.56,539.8,0,1,1,148,Sedan,CNG,Pune,3.82
11.66,2.49,56.8,1903,54.0,0,11,15,19.6,2.2,3.41,792.7,0,2,1,100,MUV,Petrol,Pune,4.18
16.72,1.87,52.6,1719,49.5,0,8,6,25.6,5.82,1.28,488.7,1,2,0,175,SUV,CNG,Mumbai,4.03
27.41,1.94,54.3,1861,57.4,0,22,18,34.1,-1.02,3.46,292.8,0,1,2,196,SUV,Petrol,Pune,3.6
35.67,1.26,52.6,1662,31.7,2,24,34,36.1,3.43,4.51,796.8,0,1,0,173,SUV,Petrol,Delhi,4.74
28.1,1.66,50.7,1773,53.3,2,8,24,21.6,-5.21,3.06,352.6,0,1,0,98,Hatchback,Petrol,Bangalore,2.07
19.78,0.72,50.2,1674,20.1,0,9,12,35.5,-1.17,3.24,189.4,1,2,2,86,Hatchback,Petrol,Chennai,1.56
53.02,2.21,66.6,2564,55.4,2,12,14,42.2,5.22,4.56,663.9,0,1,0,97,Hatchback,Petrol,Jaipur,5.53
40.65,1.74,63.7,2184,50.5,0,6,17,19.3,-1.08,3.5,412.7,0,1,2,99,Hatchback,Petrol,Pune,3.0
27.52,1.08,50.4,1643,39.3,0,20,39,23.9,0.68,3.99,455.5,0,1,0,160,SUV,Petrol,Hyderabad,2.9
14.51,0.6,41.2,1413,29.7,1,9,22,24.7,-1.7,4.2,426.4,0,2,0,103,MUV,Petrol,Hyderabad,1.56
22.62,1.94,55.8,1962,57.5,2,23,12,31.7,0.79,3.6,45.8,0,1,1,152,SUV,CNG,Kolkata,4.41
33.22,1.22,54.5,2145,45.1,0,10,24,35.1,3.5,1.43,368.8,0,2,2,97,MUV,Diesel,Mumbai,3.36
22.82,0.73,43.5,1528,25.2,1,8,24,29.2,-6.51,3.06,698.8,0,1,0,174,SUV,Diesel,Mumbai,0.77
21.41,2.01,49.8,2176,50.3,1,5,31,30.9,-0.67,4.41,610.6,0,1,2,91,Hatchback,Petrol,Mumbai,3.52
44.41,0.53,52.0,1739,27.7,2,6,33,25.6,-0.67,4.99,708.7,1,1,0,77,Hatchback,CNG,Kolkata,1.74
77.12,2.08,65.4,3155,63.8,1,1,1,31.3,2.15,0.38,627.9,1,0,0,86,Hatchback,Petrol,Kolkata,3.74
59.09,1.71,62.6,2720,58.3,1,21,27,41.3,-1.27,2.97,495.5,1,1,0,93,Hatchback,Petrol,Chennai,2.91
10.91,0.27,40.9,985,15.2,0,4,23,18.3,-1.3,2.62,700.4,1,2,0,122,Sedan,Diesel,Lucknow,1.04
53.39,1.32,55.6,2281,44.8,1,6,27,37.1,-5.96,0.7,112.1,1,1,1,136,Sedan,Petrol,Hyderabad,1.67
36.04,0.78,48.0,1809,32.7,1,27,16,32.2,-5.19,1.45,470.8,0,1,0,133,MUV,Petrol,Delhi,1.04
105.0,1.28,73.5,3512,44.8,1,1,9,22.8,3.85,4.02,221.2,1,0,0,83,Hatchback,Petrol,Ahmedabad,4.23
18.5,1.62,52.1,1614,41.6,0,7,19,23.8,1.22,4.69,64.8,1,2,0,95,MUV,Petrol,Bangalore,2.56
56.05,2.48,61.8,2812,67.4,2,7,25,31.7,5.26,2.67,501.7,0,1,0,97,Hatchback,Petrol,Chennai,5.59
29.7,1.28,56.1,1919,36.4,0,14,8,32.1,1.23,4.17,634.6,1,2,1,85,Hatchback,Diesel,Jaipur,2.42
44.61,1.33,57.9,2190,52.1,1,28,22,32.2,1.89,4.09,165.1,0,1,0,92,Hatchback,Petrol,Mumbai,3.37
18.12,1.24,46.9,1400,32.3,0,9,15,27.5,-1.27,3.72,303.5,1,2,0,117,Sedan,Petrol,Kolkata,1.92
33.85,1.69,58.2,1936,41.1,0,11,12,17.4,-3.59,0.76,583.1,1,1,0,94,Hatchback,Diesel,Lucknow,1.45
62.97,2.23,62.3,2786,71.2,0,0,9,35.1,3.35,3.48,73.0,0,0,1,125,Sedan,CNG,Mumbai,3.92
88.76,1.14,59.8,3207,48.6,1,1,6,27.8,-3.15,1.97,769.9,1,0,0,118,MUV,Petrol,Chennai,1.88
20.84,2.24,58.6,1674,58.3,0,4,16,28.3,1.77,2.4,422.2,1,2,0,98,Hatchback,Diesel,Mumbai,2.84
34.16,1.49,55.4,1847,42.4,1,27,19,26.9,2.83,1.09,132.5,0,1,0,86,Hatchback,Diesel,Delhi,3.14
23.47,1.26,55.1,1561,38.6,1,2,22,18.5,-1.02,4.75,562.6,1,2,0,131,MUV,CNG,Pune,2.42
59.23,0.5,57.2,2201,21.0,2,8,35,32.5,3.58,1.16,567.6,0,1,0,147,SUV,Petrol,Chennai,4.19
101.78,1.49,67.8,3382,53.4,0,3,8,36.6,1.5,1.22,0.7,0,0,1,130,MUV,Petrol,Jaipur,3.77
26.94,1.48,48.3,1902,43.1,0,3,18,35.9,5.67,3.8,291.4,1,2,0,181,SUV,Petrol,Lucknow,4.2
17.05,2.02,56.5,1895,52.6,0,13,23,18.3,1.95,4.32,147.4,1,2,0,101,Sedan,Petrol,Jaipur,3.5
26.5,1.67,53.8,1919,43.3,0,2,11,43.4,0.81,4.23,311.1,0,2,0,88,Hatchback,CNG,Ahmedabad,3.0
52.68,1.47,55.0,2338,47.8,1,15,11,23.1,2.56,3.89,34.7,1,1,0,188,SUV,Diesel,Pune,3.01
53.7,1.58,56.9,2377,54.2,1,20,16,15.9,2.4,4.02,27.9,0,1,1,75,Hatchback,Diesel,Lucknow,3.28
40.14,2.16,53.5,2012,63.1,0,23,24,31.1,-0.31,1.38,574.7,1,1,1,76,Hatchback,Petrol,Mumbai,2.81
47.24,2.29,59.7,2622,62.5,1,25,28,21.7,2.59,2.26,497.2,0,1,1,108,Sedan,Petrol,Bangalore,4.51
38.18,1.46,52.2,1959,48.5,0,24,22,27.8,-0.26,1.69,490.1,0,1,0,116,Sedan,Petrol,Mumbai,2.27
34.58,0.33,49.6,2108,21.6,1,8,24,37.5,3.82,0.9,180.0,0,1,1,126,MUV,Petrol,Mumbai,3.36
54.8,2.08,62.0,2055,68.6,0,19,39,23.6,-2.08,4.77,442.8,1,1,0,86,Hatchback,Diesel,Delhi,2.27
37.63,2.19,66.8,2229,61.0,1,5,25,34.5,5.03,0.75,78.7,1,1,1,70,Hatchback,Petrol,Chennai,5.05
11.72,1.07,42.6,1215,36.6,0,7,7,41.7,1.64,1.74,386.1,0,2,0,130,Sedan,Diesel,Ahmedabad,2.51
32.47,1.22,48.3,1922,37.5,1,4,24,35.1,2.39,2.4,682.9,0,2,0,85,Hatchback,Petrol,Kolkata,2.92
35.18,0.11,43.9,1802,14.8,1,5,16,37.7,0.47,0.61,64.7,0,1,1,106,MUV,Diesel,Ahmedabad,1.61
35.25,1.83,51.9,2257,46.5,2,12,22,18.1,3.77,2.9,617.0,0,1,1,73,Hatchback,Petrol,Jaipur,4.54
28.51,0.4,51.1,1539,20.7,2,23,16,35.5,4.28,2.55,676.9,0,1,0,167,SUV,Diesel,Ahmedabad,3.35
52.09,0.41,56.0,2058,30.0,0,13,20,32.8,1.26,2.65,656.0,0,1,0,153,SUV,Petrol,Hyderabad,2.19
69.2,0.26,55.2,2018,35.7,1,0,7,32.3,-0.91,3.17,722.2,0,0,1,139,MUV,Diesel,Ahmedabad,1.64
52.71,0.23,48.3,2011,19.9,2,11,23,24.2,-1.81,0.81,79.7,1,1,1,130,Sedan,Diesel,Pune,1.24
110.38,2.49,79.8,3767,78.3,0,1,0,26.6,-1.23,2.55,120.6,1,0,0,145,Sedan,Petrol,Hyderabad,3.93
85.56,0.21,62.2,2720,29.2,1,3,8,34.2,-2.05,1.1,189.4,0,0,0,88,Hatchback,CNG,Pune,1.4
61.8,1.72,56.2,2700,53.7,1,1,7,23.8,3.99,4.1,562.3,1,0,1,96,Hatchback,Petrol,Bangalore,3.79
22.72,2.48,58.8,1983,59.7,0,13,30,37.0,-1.56,4.94,629.2,0,1,1,164,SUV,CNG,Jaipur,3.61
34.86,0.51,54.3,1770,32.2,0,2,16,22.0,0.18,4.61,708.5,0,2,2,104,Sedan,Petrol,Delhi,2.08
89.47,1.74,66.9,3022,57.3,0,2,0,19.4,5.18,4.15,575.7,1,0,2,143,Sedan,Petrol,Pune,4.58
89.0,2.38,67.6,3398,71.0,1,3,6,43.6,-1.08,2.04,701.1,0,0,2,113,MUV,Petrol,Lucknow,4.37
38.77,2.28,60.4,2304,56.7,1,28,35,35.9,0.31,4.03,298.7,1,1,0,70,Hatchback,Petrol,Chennai,3.82
38.52,2.18,62.0,2537,63.8,1,24,18,23.9,-2.23,4.04,391.5,1,1,0,144,SUV,Petrol,Ahmedabad,3.18
48.32,2.0,57.8,2477,53.6,2,11,35,35.1,-2.94,1.6,388.2,1,1,0,182,SUV,Petrol,Mumbai,3.73
55.02,0.67,53.9,2086,35.2,1,5,33,25.4,-4.62,2.81,415.6,1,1,0,81,Hatchback,Diesel,Lucknow,0.72
44.07,1.82,57.6,2372,51.3,1,12,12,30.0,3.79,1.65,276.8,0,1,0,105,Sedan,Diesel,Mumbai,3.38
76.31,0.5,65.4,2696,30.8,0,2,9,23.8,1.89,3.1,2.1,0,0,0,130,Sedan,CNG,Ahmedabad,2.0
64.61,0.63,54.6,2335,41.0,0,3,0,26.8,-5.04,3.83,138.6,1,0,1,78,Hatchback,CNG,Hyderabad,0.3
34.25,2.27,53.9,2059,67.3,0,4,8,18.9,-2.56,0.39,484.6,0,2,1,84,Hatchback,Petrol,Delhi,2.55
54.0,1.25,56.5,2241,45.2,0,21,36,29.7,2.11,3.19,347.4,0,1,2,106,Sedan,Diesel,Delhi,3.0
21.89,0.32,47.2,1225,25.2,2,13,11,41.5,0.62,3.68,19.6,0,1,0,166,SUV,Diesel,Lucknow,2.29
115.85,1.6,68.9,3746,62.2,1,2,7,28.3,-0.36,1.07,308.4,1,0,1,139,MUV,Petrol,Bangalore,3.87
40.88,2.17,59.9,2234,56.5,0,5,28,23.5,1.38,3.07,386.4,0,1,1,171,SUV,Diesel,Kolkata,3.55
20.48,1.41,52.8,1843,50.6,0,19,31,30.2,-2.96,2.01,67.6,1,1,0,127,MUV,Petrol,Pune,2.01
20.78,0.76,47.9,1521,25.0,1,8,35,35.0,3.32,3.81,772.1,1,1,0,136,MUV,Petrol,Chennai,3.23
26.63,0.9,52.2,1488,21.2,2,14,27,34.9,-2.37,4.09,401.7,0,1,0,76,Hatchback,CNG,Ahmedabad,2.22
88.41,2.15,67.3,3640,63.3,2,2,1,32.8,-0.92,4.75,210.9,1,0,2,166,SUV,Petrol,Jaipur,4.58
20.63,0.38,40.4,1349,20.9,1,13,38,44.7,2.46,3.15,449.4,1,1,2,138,MUV,Petrol,Delhi,3.23
64.7,2.06,62.6,2574,56.7,0,0,1,30.1,2.85,0.95,590.3,0,0,0,98,Hatchback,CNG,Chennai,3.39
22.76,1.71,56.2,1730,44.4,0,8,6,25.6,-2.2,1.81,581.4,0,2,2,145,Sedan,CNG,Delhi,2.6
22.3,0.73,49.0,1542,26.6,2,9,18,34.3,0.4,1.1,533.3,1,2,2,134,Sedan,Petrol,Mumbai,3.11
111.03,0.25,71.0,3058,35.1,0,3,9,23.4,0.43,4.03,429.2,0,0,0,161,SUV,Diesel,Pune,2.33
26.01,2.19,58.2,1919,54.7,1,19,16,26.5,2.55,4.96,141.1,1,1,0,151,SUV,Petrol,Chennai,4.22
51.53,0.61,58.1,2098,34.7,2,26,38,33.2,1.23,2.6,448.0,1,1,0,108,MUV,CNG,Bangalore,2.99
114.99,1.87,71.0,3750,64.6,0,0,5,23.9,-0.2,2.62,795.8,0,0,2,132,MUV,Diesel,Lucknow,3.27
30.58,0.47,47.5,1509,25.9,0,5,13,33.8,0.05,2.32,621.9,1,2,0,92,MUV,Petrol,Hyderabad,1.29
59.36,0.32,47.4,2147,24.8,2,15,12,27.3,-9.47,0.88,292.7,0,1,1,143,Sedan,Diesel,Pune,0.3
41.25,1.64,56.6,2316,36.9,2,27,26,36.5,-4.44,0.71,93.8,0,1,0,104,MUV,Petrol,Hyderabad,2.54
42.07,1.67,63.3,1970,46.8,2,17,32,20.8,-3.93,3.19,32.8,1,1,2,101,MUV,Diesel,Lucknow,2.68
19.91,1.07,56.0,1666,34.0,2,2,11,21.2,3.65,1.72,539.8,0,2,2,153,SUV,Diesel,Ahmedabad,3.73
46.11,0.62,50.2,1763,36.6,1,8,30,32.8,1.84,3.06,599.2,0,1,2,101,Sedan,Diesel,Kolkata,2.5
51.39,1.88,56.6,2328,44.6,1,18,25,28.6,-1.09,4.96,335.4,1,1,0,122,Sedan,Petrol,Kolkata,2.97
74.65,0.98,60.2,2654,39.4,0,0,7,26.2,-1.1,0.3,757.7,1,0,0,110,Sedan,Petrol,Bangalore,1.73
20.63,2.25,62.2,1952,59.5,0,9,10,28.7,4.74,0.35,168.7,0,2,1,128,MUV,Diesel,Bangalore,4.25
24.34,1.68,54.5,1759,48.8,2,9,30,35.6,-3.99,3.7,41.2,0,1,0,167,SUV,Petrol,Mumbai,3.02
33.98,2.22,59.9,2314,64.3,1,3,7,30.8,-3.4,3.01,347.7,0,2,0,95,Hatchback,Diesel,Kolkata,2.33
76.82,1.16,59.2,2756,44.6,1,1,6,38.3,-0.37,3.12,473.7,0,0,0,119,Sedan,Petrol,Ahmedabad,2.69
23.61,0.96,45.9,1391,37.0,0,5,8,29.9,2.77,4.85,776.8,0,2,0,77,Hatchback,Diesel,Kolkata,2.1
21.7,1.43,54.1,1588,50.6,0,3,6,18.5,0.09,4.67,136.9,0,2,2,109,MUV,Diesel,Pune,2.46
46.45,1.46,52.4,2106,46.5,2,25,10,30.0,-0.65,0.67,318.5,0,1,0,130,Sedan,CNG,Ahmedabad,2.72
19.12,0.77,47.9,1323,30.0,2,2,18,35.3,-0.9,2.13,483.4,1,2,1,76,Hatchback,Petrol,Mumbai,2.28
26.33,1.04,51.3,1824,29.1,0,10,16,34.2,2.64,1.96,505.0,0,2,0,78,Hatchback,Petrol,Mumbai,2.67
37.93,2.06,56.6,2223,54.8,0,18,22,31.2,1.71,3.84,528.2,0,1,0,134,MUV,Diesel,Kolkata,3.25
12.25,1.4,42.3,1495,35.7,1,9,11,32.1,3.51,1.02,279.0,1,2,1,120,MUV,Diesel,Bangalore,3.03
87.12,1.36,63.6,2971,47.9,2,4,0,36.1,1.29,4.77,356.7,0,0,1,120,MUV,Diesel,Delhi,3.57
48.15,0.81,50.9,1912,28.6,2,16,33,24.6,1.0,1.58,559.7,1,1,0,125,MUV,Diesel,Chennai,2.59
51.23,0.56,58.5,2064,35.6,0,24,18,33.7,-0.87,2.16,757.4,1,1,0,144,Sedan,Petrol,Delhi,1.52
32.32,0.93,49.1,1775,32.1,2,16,39,32.5,4.17,2.95,55.6,1,1,1,106,Sedan,Diesel,Bangalore,3.67
29.87,1.74,55.6,1690,57.7,2,17,14,37.8,-3.42,2.28,620.0,1,1,2,155,SUV,CNG,Hyderabad,3.12
104.63,1.57,72.2,3645,58.3,2,0,2,25.9,0.45,0.12,630.7,0,0,1,78,Hatchback,Petrol,Mumbai,3.95
13.64,2.13,56.5,1633,53.6,1,2,8,31.0,2.34,3.66,169.5,0,2,1,72,Hatchback,Petrol,Ahmedabad,4.17
90.41,2.45,68.8,3135,76.3,0,3,1,30.7,2.19,4.65,257.4,0,0,1,156,SUV,Petrol,Pune,4.61
11.26,0.74,42.7,1252,24.9,1,6,13,21.2,-2.2,2.06,231.1,0,2,0,95,Hatchback,Petrol,Pune,1.65
54.88,0.88,56.3,1911,44.0,1,15,29,34.2,-2.48,0.62,23.5,0,1,0,121,MUV,Petrol,Lucknow,2.09
58.78,2.27,67.2,2596,67.4,2,20,14,27.9,0.49,0.6,146.5,0,1,1,180,SUV,Diesel,Bangalore,4.31
59.59,0.87,61.1,2321,36.2,2,29,27,30.4,-3.72,2.67,697.8,0,1,0,138,Sedan,Diesel,Mumbai,2.13
106.9,0.24,61.2,2942,28.4,1,0,4,36.2,1.35,0.13,618.3,0,0,2,97,MUV,Diesel,Mumbai,2.77
56.28,1.69,63.0,2552,48.1,2,20,24,34.6,5.04,2.03,57.7,0,1,1,137,Sedan,Petrol,Hyderabad,5.48
27.52,1.42,53.7,1744,28.8,0,6,20,25.1,0.3,0.69,467.4,1,2,1,79,Hatchback,Diesel,Kolkata,1.89
37.5,0.34,47.9,1728,26.3,0,11,19,24.1,-2.64,2.65,390.9,0,1,1,107,MUV,Diesel,Pune,0.76
26.43,0.84,41.7,1714,29.5,2,8,16,32.2,-2.56,1.15,719.9,0,2,1,87,Hatchback,Petrol,Chennai,1.78
21.68,1.68,55.7,1827,46.0,2,5,21,21.1,0.82,4.19,711.6,1,2,1,160,SUV,Petrol,Bangalore,4.44
23.24,1.62,56.1,1860,45.1,0,6,18,31.8,-0.13,4.34,439.2,0,2,2,126,Sedan,Petrol,Hyderabad,3.3
12.57,0.92,42.9,1154,37.0,2,4,10,23.3,-0.28,1.06,190.0,0,2,1,110,MUV,Petrol,Lucknow,2.68
12.6,2.32,55.3,1993,52.6,2,6,6,35.6,-2.23,0.79,582.6,1,2,1,70,Hatchback,Petrol,Pune,3.37
38.9,0.31,53.4,1644,22.4,2,17,23,30.0,2.34,4.0,225.2,0,1,1,146,Sedan,Petrol,Lucknow,3.53
56.2,2.23,65.8,2561,60.6,2,28,30,43.5,-1.31,2.8,103.1,0,1,1,95,Hatchback,Diesel,Ahmedabad,3.86
48.19,0.16,45.3,1956,15.6,2,26,38,28.0,-1.18,2.69,254.2,0,1,0,192,SUV,CNG,Bangalore,2.29
56.29,2.01,58.3,2605,51.9,1,8,21,35.9,-2.14,0.33,153.1,1,1,0,177,SUV,Petrol,Ahmedabad,3.22
56.78,0.12,53.1,2065,13.3,2,10,26,20.5,-1.57,0.34,156.3,0,1,2,81,Hatchback,Petrol,Lucknow,1.9
21.26,1.94,47.2,1637,47.5,0,5,5,31.1,6.16,2.99,689.4,0,2,0,101,MUV,Petrol,Bangalore,4.12
116.93,2.39,74.6,3924,71.1,0,2,4,23.8,0.67,2.1,120.8,1,0,0,84,Hatchback,Diesel,Lucknow,3.49
53.45,1.52,56.5,2564,46.8,2,19,20,22.1,1.99,3.38,483.0,0,1,0,72,Hatchback,Petrol,Delhi,3.81
82.05,0.14,57.0,2487,22.6,0,2,9,24.7,0.15,1.53,556.3,0,0,1,84,Hatchback,Petrol,Jaipur,1.7
11.13,0.38,47.4,1111,16.5,1,10,22,32.3,-1.61,3.63,780.6,0,2,0,108,Sedan,Diesel,Kolkata,1.26
29.69,1.54,51.7,1945,47.9,2,8,18,21.3,-4.41,1.63,532.5,1,2,0,147,Sedan,Diesel,Bangalore,1.94
81.18,0.2,56.4,2637,29.3,0,3,2,29.6,1.83,3.48,539.3,0,0,1,128,MUV,CNG,Ahmedabad,1.97
54.51,2.14,62.7,2441,63.2,1,26,32,29.9,-8.54,1.4,663.9,0,1,0,112,Sedan,Petrol,Kolkata,1.54
20.51,0.39,40.7,1429,24.4,1,12,24,25.8,1.03,0.59,184.5,0,1,0,139,Sedan,Diesel,Pune,1.94
20.86,2.37,55.9,1952,61.6,2,14,34,24.7,1.25,2.16,206.9,1,1,1,87,Hatchback,Diesel,Lucknow,3.62
96.12,1.94,68.7,3428,73.8,0,4,2,25.3,-7.55,1.91,791.9,0,0,2,87,Hatchback,CNG,Delhi,1.51
72.31,0.44,58.8,2409,27.6,0,1,3,44.0,-4.11,1.99,334.5,1,0,0,87,Hatchback,Petrol,Lucknow,0.57
30.61,0.41,45.6,1695,26.2,1,22,19,23.3,0.76,1.93,154.1,0,1,1,119,Sedan,Petrol,Delhi,2.13
55.43,0.78,60.6,1977,34.7,1,18,30,35.0,-5.27,2.9,27.7,0,1,0,82,Hatchback,Diesel,Mumbai,0.95
29.24,0.92,54.9,1580,39.8,0,16,34,23.6,3.54,2.79,371.4,1,1,2,99,Hatchback,Diesel,Bangalore,2.75
34.85,1.17,54.6,1795,41.7,0,3,18,18.0,3.82,3.23,702.7,0,2,2,120,MUV,Petrol,Delhi,3.8
88.75,0.68,64.2,3012,37.4,1,3,7,15.6,-1.8,3.64,143.5,0,0,2,75,Hatchback,Petrol,Lucknow,2.42
84.09,0.86,58.3,2868,43.1,1,2,3,20.6,3.41,3.44,327.5,0,0,0,115,Sedan,Diesel,Delhi,2.77
97.68,0.21,60.6,3015,34.5,0,0,5,27.4,1.63,4.08,50.1,0,0,2,140,Sedan,Diesel,Ahmedabad,2.28
91.76,2.37,72.5,3600,78.0,1,3,4,28.7,2.73,3.77,129.4,0,0,0,142,SUV,Diesel,Kolkata,4.32
29.71,0.29,44.3,1773,30.4,2,25,32,29.9,-0.41,3.68,643.8,1,1,0,133,MUV,Petrol,Pune,2.2
27.47,0.4,46.4,1604,15.2,0,10,23,30.6,1.11,4.17,782.5,0,2,0,127,Sedan,Petrol,Kolkata,1.98
47.92,0.49,52.3,2154,23.3,1,26,20,26.1,-1.11,2.02,334.2,0,1,0,81,Hatchback,Diesel,Mumbai,1.3
45.62,1.0,57.8,1852,35.7,1,17,33,25.6,-2.82,4.93,293.8,0,1,0,100,MUV,Diesel,Bangalore,1.84
28.61,0.16,46.7,1157,7.6,2,24,29,32.9,-2.19,4.33,238.1,0,1,0,175,SUV,Petrol,Kolkata,2.01
42.21,0.87,58.1,1971,36.8,1,24,29,29.2,-2.18,3.34,610.1,0,1,0,111,Sedan,CNG,Mumbai,2.01
75.75,1.43,61.2,2931,49.2,1,3,6,35.0,-1.4,1.48,758.2,1,0,0,121,MUV,Petrol,Chennai,2.52
17.72,2.13,50.9,1949,58.6,0,5,18,37.0,0.84,4.55,57.6,0,2,0,144,Sedan,Petrol,Delhi,3.63
40.07,0.8,51.1,1902,30.4,1,23,18,36.8,-6.57,0.3,438.7,0,1,0,99,MUV,Petrol,Hyderabad,0.79
84.41,0.66,55.2,2675,40.1,1,2,9,27.9,0.6,2.61,490.9,0,0,0,81,Hatchback,CNG,Delhi,2.22
102.86,0.18,62.6,3071,22.4,1,4,2,28.4,-0.01,2.51,658.7,0,0,1,133,Sedan,Petrol,Kolkata,2.56
105.61,2.38,68.2,3576,78.4,0,0,8,25.8,-0.57,2.65,189.0,0,0,0,138,MUV,Petrol,Chennai,4.13
29.31,1.92,57.1,1942,55.7,0,6,10,42.9,0.77,2.24,102.6,0,2,0,92,Hatchback,Diesel,Jaipur,2.82
56.31,1.7,62.4,2333,56.1,2,19,21,35.7,-2.28,1.35,222.5,1,1,1,109,Sedan,Petrol,Lucknow,3.39
22.45,2.29,52.4,1921,60.9,1,3,22,18.2,2.16,0.98,447.8,0,2,0,111,MUV,Diesel,Pune,3.52
22.97,2.32,55.1,1952,64.3,0,10,6,38.7,3.82,1.14,482.3,0,2,0,91,MUV,Petrol,Jaipur,4.35
33.35,1.23,48.4,1645,42.6,0,12,17,43.1,-0.08,3.18,702.9,1,1,0,110,Sedan,Petrol,Delhi,2.13
80.86,2.04,63.9,3109,65.0,2,2,0,28.7,-8.4,4.64,244.4,0,0,0,199,SUV,Petrol,Delhi,2.28
27.86,0.36,43.7,1601,24.7,1,24,37,42.9,-0.3,2.81,425.6,0,1,0,163,SUV,Petrol,Delhi,2.68
20.49,1.05,43.2,1552,34.7,1,27,34,40.0,2.14,2.52,632.9,0,1,0,177,SUV,Petrol,Jaipur,3.81
16.14,0.3,45.2,1487,19.3,1,9,5,44.7,-5.16,0.7,228.1,1,2,0,96,Hatchback,Diesel,Jaipur,0.61
68.83,2.31,63.5,2917,70.2,1,2,4,36.3,4.81,0.12,22.0,1,0,0,152,SUV,CNG,Ahmedabad,4.86
34.43,1.8,51.3,1982,50.3,0,13,13,32.0,-4.31,1.92,340.6,0,2,1,86,Hatchback,Diesel,Mumbai,1.46
25.93,1.44,50.7,1431,38.7,2,20,13,41.2,2.04,4.66,464.4,0,1,1,199,SUV,Diesel,Ahmedabad,3.97
53.48,0.13,49.5,2027,12.1,2,25,13,31.3,0.93,3.51,432.1,0,1,0,134,Sedan,CNG,Delhi,2.11
104.51,0.83,66.5,3050,50.2,1,3,5,34.0,-0.86,0.32,787.4,0,0,1,178,SUV,Petrol,Mumbai,3.49
22.25,2.02,49.7,1938,42.0,1,10,14,41.2,0.63,1.21,423.3,1,2,0,90,Hatchback,Petrol,Delhi,3.39
93.5,0.25,59.8,2669,15.2,2,1,4,23.6,-3.55,1.69,591.5,0,0,0,167,SUV,Diesel,Hyderabad,1.83
104.5,0.94,70.4,3064,43.8,1,1,8,25.3,5.67,4.28,679.2,0,0,2,90,MUV,CNG,Kolkata,4.27
41.21,0.86,54.1,1838,29.4,1,9,25,22.3,-1.4,2.21,133.1,1,1,2,99,Hatchback,CNG,Jaipur,2.17
21.12,0.51,49.2,1370,28.1,1,13,18,20.7,-2.96,0.23,10.5,0,2,0,80,Hatchback,Diesel,Bangalore,1.3
69.56,2.07,63.4,3034,67.2,1,2,1,23.5,-4.25,0.51,142.8,1,0,2,109,MUV,Petrol,Delhi,2.48
61.93,1.23,61.3,2266,39.6,1,4,6,38.6,3.01,1.9,441.2,1,0,2,173,SUV,Petrol,Lucknow,4.15
119.02,0.69,61.1,3530,40.2,0,2,6,26.7,-2.08,4.75,160.0,0,0,1,92,MUV,Petrol,Kolkata,1.77
29.71,2.34,60.1,2191,67.7,1,17,17,22.0,0.3,1.95,290.7,0,1,0,122,Sedan,CNG,Bangalore,3.53
87.27,2.06,70.7,3281,61.6,0,3,4,36.9,-1.9,4.39,291.3,0,0,0,150,SUV,Petrol,Mumbai,3.26
20.93,2.27,58.2,2010,53.4,0,8,15,38.5,-1.62,1.84,31.0,1,2,0,80,Hatchback,Petrol,Kolkata,2.88
59.07,0.73,51.5,2346,29.7,1,18,10,36.6,2.7,2.39,110.6,0,1,0,134,Sedan,Petrol,Mumbai,3.12
20.8,2.09,54.0,1832,55.2,0,14,16,23.5,-2.49,3.51,259.0,1,2,0,131,Sedan,Petrol,Hyderabad,2.32
28.96,1.13,49.1,1619,31.7,2,28,12,34.3,-4.19,0.54,118.3,0,1,0,127,MUV,Petrol,Delhi,1.89
46.61,2.49,65.9,2352,65.6,2,28,36,36.9,1.23,4.29,717.1,0,1,0,124,MUV,Petrol,Chennai,5.01
28.56,2.26,55.2,1651,61.7,2,28,11,38.9,5.25,0.18,139.3,1,1,0,166,SUV,Petrol,Jaipur,5.6
56.95,1.13,55.5,2427,39.8,1,23,19,33.2,-2.88,1.12,77.6,0,1,0,110,MUV,Diesel,Bangalore,1.64
69.83,0.55,58.9,2267,26.0,0,0,5,30.3,-3.51,0.18,791.3,1,0,2,90,MUV,Petrol,Kolkata,1.06
27.43,0.89,49.0,1877,35.3,0,5,15,19.6,0.99,1.76,181.6,0,2,0,112,MUV,CNG,Lucknow,2.12
56.27,2.01,63.8,2546,58.1,1,17,37,26.7,3.31,0.42,439.7,0,1,0,104,MUV,CNG,Mumbai,4.04
53.38,1.05,56.6,2262,36.7,1,8,16,24.2,0.92,1.24,312.9,0,1,0,84,Hatchback,Petrol,Kolkata,2.68
15.25,1.53,49.2,1248,44.8,0,13,13,27.6,2.11,0.11,250.9,1,2,0,141,SUV,Diesel,Bangalore,2.67
103.18,0.98,66.1,3304,52.6,2,2,5,21.1,-5.18,2.67,582.2,0,0,0,129,Sedan,Diesel,Jaipur,1.91
49.41,1.81,60.7,2339,65.0,2,8,23,35.1,0.21,4.31,19.7,0,1,0,199,SUV,Diesel,Ahmedabad,3.67
56.77,1.43,59.1,2311,53.8,0,24,14,41.4,2.49,2.57,459.9,1,1,2,73,Hatchback,Diesel,Ahmedabad,3.03
29.99,2.1,55.7,2099,59.8,0,5,35,33.5,-1.6,1.88,224.5,0,1,2,154,SUV,Petrol,Mumbai,3.62
28.32,0.4,48.1,1451,28.1,2,9,38,40.2,3.93,1.37,162.6,0,1,0,128,Sedan,Petrol,Lucknow,3.87
18.39,2.38,54.1,1885,50.1,1,4,18,32.1,2.23,0.46,491.0,1,2,0,174,SUV,Petrol,Ahmedabad,4.67
42.21,0.59,53.5,2036,30.4,2,17,18,25.4,4.04,2.2,770.5,0,1,0,171,SUV,Petrol,Ahmedabad,3.82
42.5,0.35,54.8,1820,17.7,1,11,32,25.1,-4.21,2.92,714.8,0,1,0,180,SUV,Diesel,Ahmedabad,1.18
49.53,1.23,53.6,2123,39.1,2,9,39,27.8,1.47,3.22,532.3,0,1,1,147,Sedan,Diesel,Pune,3.37
46.56,1.13,49.8,2195,39.4,1,5,14,33.0,-1.0,2.51,575.9,0,1,0,98,Hatchback,Petrol,Bangalore,1.98
109.02,1.86,73.0,3582,61.2,0,0,7,36.9,-1.62,2.73,59.9,0,0,0,93,Hatchback,Diesel,Chennai,2.91
28.43,1.74,56.1,1796,40.4,1,28,14,31.4,-3.13,4.88,325.7,0,1,0,123,Sedan,Petrol,Mumbai,2.38
50.16,0.3,53.8,1920,22.2,0,18,12,28.1,0.57,2.08,673.4,1,1,1,134,MUV,Petrol,Hyderabad,1.58
35.35,1.55,55.0,2189,42.2,1,27,38,36.8,2.35,2.71,386.8,0,1,1,116,MUV,Diesel,Delhi,3.52
55.33,2.34,61.2,2612,54.7,2,9,33,24.6,3.35,4.79,332.8,1,1,2,144,Sedan,Petrol,Bangalore,5.51
16.0,1.72,46.6,1872,51.5,1,10,13,28.1,-4.15,2.7,62.3,0,2,0,109,Sedan,Petrol,Mumbai,1.86
51.37,1.43,52.7,2344,46.9,2,6,31,33.7,2.56,4.21,444.2,0,1,0,91,Hatchback,Petrol,Ahmedabad,3.97
107.98,2.0,74.8,3673,60.9,0,0,9,29.2,4.69,3.74,502.4,0,0,1,91,MUV,Diesel,Hyderabad,4.33
26.7,1.0,53.0,1760,24.6,2,22,34,29.2,0.31,3.9,332.3,0,1,1,97,Hatchback,Petrol,Pune,3.22
21.69,1.18,52.8,1617,43.3,1,11,12,32.9,-4.02,4.34,218.9,0,2,0,101,MUV,CNG,Kolkata,1.67
81.16,2.33,69.2,3148,65.0,1,0,6,39.5,6.66,4.15,196.8,0,0,0,107,MUV,Petrol,Chennai,5.94
49.98,0.62,51.4,2177,28.8,1,16,17,33.9,5.86,4.46,614.9,1,1,0,141,SUV,CNG,Bangalore,3.08
110.68,1.84,73.8,3521,65.6,0,4,2,26.5,-3.82,1.39,25.3,0,0,2,84,Hatchback,Diesel,Bangalore,2.19
54.78,2.25,63.3,2618,63.4,1,15,10,28.6,5.75,4.23,131.6,1,1,1,142,SUV,Diesel,Bangalore,4.47
106.69,1.37,74.9,3416,58.2,0,0,0,34.5,2.61,1.57,715.4,1,0,0,157,SUV,Petrol,Kolkata,3.84
18.09,2.43,63.1,2010,58.3,1,12,11,21.8,-1.57,2.66,182.9,0,2,0,88,Hatchback,Diesel,Bangalore,3.15
119.91,1.61,78.2,3785,69.5,0,0,7,40.0,4.22,1.7,507.0,0,0,0,114,MUV,Petrol,Kolkata,5.08
45.31,1.13,58.6,2331,44.3,1,24,24,32.5,2.22,0.66,604.3,0,1,0,80,Hatchback,Petrol,Chennai,3.34
53.99,0.55,59.3,2215,24.7,1,26,10,23.7,-2.89,0.2,228.0,1,1,1,124,Sedan,Petrol,Kolkata,1.4
55.9,0.69,56.5,2246,32.7,1,22,37,26.1,-0.32,1.62,785.7,0,1,0,147,Sedan,Diesel,Bangalore,2.14
56.24,1.43,59.1,2380,54.3,1,20,33,27.1,1.45,0.19,746.9,0,1,1,93,MUV,Diesel,Mumbai,2.93
15.94,1.49,48.4,1617,48.2,0,8,21,27.9,1.33,4.73,174.9,0,2,1,99,MUV,Petrol,Chennai,2.97
34.97,2.29,62.5,2272,59.6,0,13,14,29.8,2.42,2.35,27.9,0,2,0,121,MUV,Diesel,Lucknow,3.4
22.38,0.49,48.0,1385,20.1,1,17,23,17.3,0.85,0.6,232.7,1,1,1,117,Sedan,Petrol,Jaipur,2.42
15.57,0.71,45.8,1114,30.7,0,13,18,38.7,3.68,1.7,53.1,1,2,1,74,Hatchback,Petrol,Chennai,2.63
13.74,2.43,52.9,1611,64.4,0,7,18,39.3,1.04,0.46,554.6,1,2,0,77,Hatchback,Petrol,Lucknow,3.51
38.58,1.38,53.9,2017,47.8,0,28,14,28.7,-3.51,4.68,715.0,1,1,0,94,MUV,CNG,Bangalore,1.22
117.49,2.0,68.9,3869,67.4,1,4,0,25.6,-1.72,3.12,383.1,0,0,1,116,MUV,Petrol,Hyderabad,3.82
59.37,2.42,64.1,2776,64.7,1,10,37,40.7,2.74,0.75,145.5,1,1,1,111,MUV,Diesel,Chennai,4.15
83.67,0.8,67.3,3060,30.5,0,1,9,28.6,-0.66,0.91,570.5,1,0,0,170,SUV,Diesel,Mumbai,1.96
19.56,1.62,49.3,1690,43.1,2,13,9,26.7,-2.72,0.52,90.8,0,2,0,103,Sedan,Petrol,Bangalore,2.49
32.01,1.52,56.2,2231,48.0,1,26,23,29.8,-0.63,4.23,160.9,0,1,2,144,SUV,Diesel,Bangalore,2.94
39.33,0.15,48.5,1903,19.3,2,9,18,33.8,3.39,0.6,37.3,0,1,0,85,Hatchback,Petrol,Ahmedabad,2.82
91.58,1.43,65.0,3340,55.3,2,2,7,21.3,-7.27,2.33,1.9,1,0,2,174,SUV,Petrol,Lucknow,2.47
21.38,1.89,56.2,1629,47.4,2,16,10,37.0,2.77,2.09,281.0,0,1,0,161,SUV,Petrol,Mumbai,4.75
112.05,1.56,73.9,3397,59.7,0,4,4,39.0,4.92,0.64,203.0,1,0,2,152,SUV,Petrol,Delhi,5.4
39.27,1.61,54.2,2020,52.0,2,21,11,30.0,-0.79,3.79,712.9,0,1,1,130,Sedan,Diesel,Hyderabad,2.86
101.77,1.59,72.8,3559,53.9,1,4,8,27.7,4.53,4.29,614.2,0,0,0,133,Sedan,Petrol,Jaipur,4.93
111.94,0.12,60.1,3210,42.4,1,1,6,31.2,-0.27,2.01,715.9,1,0,2,136,Sedan,Petrol,Hyderabad,2.51
12.36,2.11,56.1,1691,58.4,0,11,5,35.7,0.57,4.35,40.0,1,2,2,70,Hatchback,Petrol,Kolkata,3.22
63.5,0.79,58.0,2235,40.4,0,4,0,35.8,1.31,3.39,522.7,0,0,0,95,MUV,Petrol,Delhi,2.17
45.57,2.28,61.2,2461,64.5,2,15,33,19.8,1.15,2.64,55.6,0,1,1,192,SUV,Diesel,Delhi,4.58
46.79,1.95,57.3,2348,50.7,2,7,32,31.3,1.73,4.31,577.3,1,1,1,128,MUV,Diesel,Hyderabad,3.68
29.08,0.99,53.9,1639,27.5,0,26,39,27.7,-5.12,0.84,450.5,1,1,0,161,SUV,Petrol,Bangalore,1.19
73.51,2.29,63.9,2922,58.2,0,3,1,35.8,4.28,1.51,614.3,0,0,2,109,MUV,Petrol,Mumbai,4.86
14.99,0.72,45.3,1170,21.8,2,3,24,36.9,-1.5,3.46,536.9,1,2,0,194,SUV,Diesel,Jaipur,2.39
82.95,1.39,62.3,2909,52.4,2,1,2,26.2,-2.43,4.66,57.0,1,0,0,104,Sedan,Petrol,Bangalore,2.54
14.62,0.84,52.7,1249,31.2,1,13,9,25.0,1.59,1.47,85.8,0,2,0,82,Hatchback,Petrol,Hyderabad,2.53
42.91,1.37,56.7,1972,40.1,2,16,10,26.7,5.02,3.04,186.7,0,1,0,83,Hatchback,Diesel,Hyderabad,3.68
29.4,1.36,59.4,1906,39.6,0,9,14,32.9,2.37,2.31,702.8,0,2,0,116,Sedan,Diesel,Pune,2.57
21.98,0.45,49.2,1438,25.3,1,6,22,35.0,-1.84,3.02,309.1,1,1,2,130,MUV,CNG,Mumbai,1.74
29.27,2.17,53.5,1862,61.1,2,11,22,25.5,0.25,0.93,629.2,0,2,0,139,Sedan,Diesel,Bangalore,3.48
24.27,1.88,55.1,2176,56.2,1,12,16,24.4,6.29,3.22,404.2,1,2,1,131,MUV,CNG,Jaipur,4.59
45.91,0.27,47.9,1644,23.6,0,7,25,27.4,5.22,2.24,375.9,0,1,0,93,MUV,Diesel,Mumbai,2.29
36.45,1.3,56.2,2203,44.5,2,5,10,27.5,-2.42,0.2,580.3,0,1,0,119,Sedan,Petrol,Kolkata,2.51
57.41,1.04,57.2,2215,44.4,2,25,25,41.4,-3.12,3.01,620.8,0,1,0,117,Sedan,CNG,Ahmedabad,2.51
48.65,2.13,54.8,2532,55.7,1,28,22,38.7,0.18,1.9,61.2,0,1,2,174,SUV,Diesel,Chennai,3.47
56.08,0.45,48.8,2186,27.2,0,10,11,29.6,1.15,1.05,120.6,1,1,0,70,Hatchback,Petrol,Mumbai,1.34
22.18,0.43,46.8,1298,24.8,0,5,10,37.1,-2.49,2.81,382.5,0,2,0,114,Sedan,Diesel,Delhi,0.76
24.53,1.58,55.4,1970,51.8,1,7,29,30.6,2.57,4.01,186.8,0,1,0,147,Sedan,Petrol,Hyderabad,4.08
35.72,0.51,50.0,1651,23.1,1,10,26,32.5,2.01,0.78,169.6,1,1,0,176,SUV,Petrol,Bangalore,2.88
28.27,1.94,55.2,1928,49.7,1,29,36,24.3,-2.11,4.02,302.8,0,1,0,125,Sedan,Diesel,Hyderabad,2.55
42.55,0.9,53.8,2077,34.3,1,21,36,23.6,-3.56,2.17,238.7,1,1,1,99,MUV,Diesel,Bangalore,1.27
19.55,0.83,45.9,1451,16.0,0,3,17,23.5,-2.42,1.56,478.9,0,2,0,97,Hatchback,Diesel,Delhi,1.08
29.99,0.23,43.8,1409,21.3,0,13,24,27.6,-2.19,1.43,725.9,0,1,1,159,SUV,Diesel,Chennai,0.94
28.97,1.79,52.8,1894,52.9,1,7,13,19.3,0.28,4.92,250.7,0,2,0,83,Hatchback,Petrol,Delhi,2.92
11.8,1.67,57.5,1629,35.3,1,9,22,32.3,-1.28,2.2,146.4,0,2,0,107,MUV,Petrol,Delhi,3.26
46.37,1.26,53.8,2281,41.9,2,21,31,22.0,-3.4,2.33,556.8,1,1,0,88,Hatchback,Petrol,Lucknow,2.26
34.52,2.11,61.8,1985,58.9,1,17,24,23.0,-6.96,0.95,227.1,0,1,0,118,MUV,Petrol,Jaipur,2.05
30.72,2.29,56.6,1918,64.1,0,13,10,31.4,2.83,4.73,279.2,1,2,0,74,Hatchback,Petrol,Chennai,3.74
39.94,0.36,51.3,1752,28.3,1,18,35,37.7,1.22,4.73,650.4,0,1,1,149,SUV,Petrol,Chennai,3.14
22.0,1.49,47.4,1983,46.9,2,3,13,37.2,5.64,3.72,317.0,1,2,0,89,Hatchback,Petrol,Jaipur,4.64
29.88,1.21,48.5,1664,39.0,1,7,20,29.9,-0.19,2.62,727.8,0,2,1,89,Hatchback,Petrol,Ahmedabad,2.56
48.33,0.23,52.6,1910,29.0,1,7,35,32.9,-0.84,1.64,1.1,0,1,0,75,Hatchback,Petrol,Delhi,1.84
111.85,2.29,74.6,4047,78.8,0,1,4,22.2,-2.44,2.42,719.9,1,0,2,146,Sedan,Diesel,Hyderabad,3.04
50.07,1.31,58.3,1923,45.7,1,20,11,36.0,-2.43,4.91,286.0,1,1,2,116,Sedan,Petrol,Delhi,2.32
28.89,1.98,58.5,1892,48.9,2,9,13,32.2,-2.38,0.94,501.8,0,2,2,78,Hatchback,Petrol,Chennai,3.38
20.42,0.63,43.4,1413,26.0,0,5,24,39.2,0.55,3.87,615.5,0,2,0,186,SUV,Petrol,Chennai,2.52
65.45,1.5,66.3,2577,52.4,1,2,9,24.0,0.55,3.11,611.6,0,0,1,124,MUV,Petrol,Jaipur,3.24
40.18,0.78,51.2,1726,32.6,1,6,14,24.3,0.52,1.58,391.8,1,1,0,120,MUV,Petrol,Jaipur,2.2
99.87,2.45,71.9,3660,78.2,0,0,2,28.1,2.94,3.65,781.9,0,0,0,95,Hatchback,Petrol,Pune,4.5
58.1,1.48,60.6,2457,41.7,0,22,14,30.9,1.05,1.24,267.6,1,1,2,184,SUV,Diesel,Chennai,3.0
55.33,1.93,61.0,2686,55.3,0,5,25,30.2,1.22,4.46,683.0,0,1,0,112,Sedan,Diesel,Chennai,2.78
108.21,2.42,75.1,3578,79.3,0,2,2,26.9,4.81,1.82,55.7,0,0,0,137,Sedan,Petrol,Kolkata,5.34
23.11,1.71,54.1,1725,42.9,1,18,28,34.1,1.82,2.57,249.9,0,1,1,110,MUV,Diesel,Jaipur,3.56
84.47,2.38,71.0,3262,70.2,2,0,0,30.1,-0.94,3.15,147.1,0,0,0,165,SUV,Diesel,Bangalore,3.92
39.14,1.34,52.9,2041,47.3,2,23,39,33.2,1.71,0.76,543.4,1,1,0,194,SUV,Petrol,Hyderabad,4.21
72.38,0.48,58.3,2357,30.5,1,2,5,33.1,-2.14,0.66,341.7,0,0,1,107,MUV,Diesel,Bangalore,1.15
33.55,0.78,49.9,1828,20.2,2,8,34,39.1,7.88,0.53,425.0,0,1,0,123,MUV,Petrol,Kolkata,5.06
38.78,0.92,49.8,1754,36.6,0,13,28,33.9,2.11,0.92,604.2,1,1,1,96,Hatchback,Petrol,Jaipur,2.76
17.95,0.53,45.4,1357,20.3,1,4,16,25.8,3.64,2.09,695.7,0,2,2,135,Sedan,Petrol,Mumbai,3.19
102.81,0.62,63.2,3118,31.2,0,1,2,33.3,1.64,1.39,204.8,1,0,1,120,MUV,Diesel,Ahmedabad,2.23
11.93,2.12,46.5,1856,56.1,0,10,8,41.5,0.83,3.72,725.5,1,2,0,156,SUV,Diesel,Delhi,3.1
19.33,1.93,57.0,1988,56.8,1,2,7,34.1,-0.68,0.11,773.6,1,2,1,153,SUV,Petrol,Chennai,3.68
31.38,2.35,51.6,1881,68.7,0,9,14,31.7,-7.18,4.98,11.6,0,2,0,127,MUV,CNG,Kolkata,1.13
31.53,0.29,48.0,1438,22.6,2,15,22,33.8,-0.95,2.11,362.2,0,1,2,178,SUV,Petrol,Chennai,2.72
76.83,0.73,62.7,2724,42.6,0,2,3,31.2,-4.52,3.57,261.1,0,0,0,140,SUV,Petrol,Pune,1.21
37.78,1.21,58.1,1872,45.2,2,24,10,32.4,-2.19,3.62,368.5,0,1,0,90,Hatchback,Diesel,Lucknow,2.18
92.15,0.93,60.3,3053,50.2,0,4,7,15.5,4.5,2.1,533.4,1,0,2,110,Sedan,Petrol,Jaipur,3.57
52.68,1.92,58.4,2191,57.5,2,8,11,34.7,-5.24,0.61,419.3,0,1,1,141,SUV,Diesel,Hyderabad,2.21
29.37,1.77,58.6,1987,57.8,0,8,25,32.2,-0.16,2.17,310.0,1,1,2,140,Sedan,CNG,Mumbai,2.98
20.12,0.8,47.2,1741,29.6,0,13,18,30.8,1.75,1.64,65.3,0,2,0,100,MUV,Petrol,Lucknow,2.43
38.87,2.44,60.1,2524,65.0,2,16,37,32.2,-0.02,3.14,537.3,1,1,1,82,Hatchback,Petrol,Mumbai,4.28
86.41,1.15,67.0,2846,50.6,0,2,5,35.6,4.07,3.78,133.3,1,0,0,134,MUV,Petrol,Hyderabad,3.47
57.4,2.4,61.4,2561,65.8,2,9,27,21.5,-3.05,3.44,8.6,1,1,1,166,SUV,Petrol,Bangalore,3.96
54.18,2.19,63.6,2513,55.8,0,12,31,36.6,-6.04,1.07,29.6,0,1,2,153,SUV,Petrol,Kolkata,2.71
27.63,2.25,55.8,1908,64.2,0,6,38,25.9,2.99,0.28,56.6,0,1,0,94,Hatchback,Diesel,Hyderabad,3.49
10.94,2.25,50.5,1966,56.2,1,12,19,33.7,-0.83,0.54,679.3,0,2,1,138,MUV,Petrol,Mumbai,3.84
34.16,0.32,45.5,1738,14.3,2,27,14,31.5,-2.75,3.11,123.6,0,1,0,135,MUV,Diesel,Kolkata,1.39
33.29,1.54,55.2,2004,47.6,0,10,23,25.2,2.04,1.98,143.8,1,2,0,113,MUV,Petrol,Mumbai,3.04
48.82,1.29,57.4,2254,45.4,1,28,27,36.6,0.86,0.47,459.8,0,1,0,82,Hatchback,Diesel,Mumbai,2.52
28.51,1.79,54.5,2039,53.8,0,22,36,24.9,-0.24,0.7,606.2,0,1,0,178,SUV,Petrol,Delhi,3.49
20.2,0.8,43.0,1521,31.9,1,19,36,34.3,1.23,4.37,427.9,0,1,0,99,Hatchback,Diesel,Hyderabad,2.46
45.94,1.63,60.8,2327,51.3,2,17,25,38.5,5.45,3.2,442.0,1,1,0,99,Hatchback,Diesel,Delhi,4.22
30.51,0.25,47.1,1621,21.8,1,23,32,24.9,-4.25,2.49,799.9,0,1,1,154,SUV,Petrol,Kolkata,1.17
22.78,2.18,57.3,1892,53.3,1,17,30,28.5,-1.2,2.26,491.4,0,1,1,132,MUV,Diesel,Bangalore,3.29
104.38,1.77,70.2,3480,61.1,0,0,4,32.0,-3.44,1.67,469.4,0,0,1,91,Hatchback,Diesel,Pune,2.27
79.63,0.64,55.9,2580,37.0,1,4,7,38.0,1.09,1.79,561.6,0,0,0,115,Sedan,Petrol,Ahmedabad,2.62
18.34,0.38,42.9,1393,23.0,1,13,21,30.3,2.78,1.93,390.0,0,2,0,86,Hatchback,CNG,Pune,2.0
42.18,1.16,54.7,2049,36.7,0,28,39,24.8,0.91,2.81,186.0,0,1,0,151,SUV,CNG,Kolkata,2.6
41.37,0.18,42.8,1699,17.0,0,16,18,21.8,4.82,0.56,579.7,0,1,1,104,MUV,Petrol,Pune,2.34
95.94,1.61,65.1,3220,64.1,0,4,3,31.1,1.86,2.3,540.0,0,0,0,115,Sedan,CNG,Ahmedabad,3.26
18.67,1.36,52.0,1530,42.5,2,6,10,30.8,0.87,3.58,701.5,1,2,2,81,Hatchback,CNG,Bangalore,3.19
117.92,0.92,67.9,3427,50.6,0,2,5,38.7,4.15,4.84,498.1,1,0,0,110,Sedan,CNG,Kolkata,3.56
31.0,0.11,42.2,1571,11.5,2,10,31,25.8,3.14,3.23,679.9,0,1,0,145,SUV,Petrol,Chennai,2.94
33.38,0.59,50.3,1874,23.7,1,4,10,30.3,3.75,4.02,446.5,1,2,0,184,SUV,Diesel,Ahmedabad,2.62
27.02,2.15,56.4,1936,56.9,0,23,31,30.8,-0.16,1.06,701.6,1,1,1,124,MUV,Diesel,Delhi,3.0
51.86,1.51,58.0,2492,44.4,1,14,16,32.8,-0.72,1.57,687.2,0,1,2,116,Sedan,Petrol,Chennai,3.18
48.09,0.77,56.7,2179,35.6,1,22,37,26.3,-0.75,2.61,399.3,0,1,0,147,SUV,CNG,Mumbai,2.48
36.87,1.04,52.6,1880,37.2,0,26,14,41.5,4.96,2.67,53.1,0,1,0,132,MUV,Petrol,Lucknow,3.85
49.04,1.64,61.2,2417,47.5,2,26,16,31.5,2.59,4.8,14.2,0,1,0,99,MUV,Diesel,Chennai,3.49
53.52,2.19,61.3,2666,58.3,0,10,15,32.1,-4.09,3.29,513.1,0,1,0,94,MUV,Petrol,Hyderabad,2.18
48.59,2.31,58.4,2543,62.3,0,10,19,27.7,-2.19,4.62,117.6,1,1,0,189,SUV,Diesel,Ahmedabad,2.69
25.26,1.78,58.2,2323,48.2,0,3,23,31.0,-1.76,2.39,529.0,1,2,0,114,Sedan,Diesel,Hyderabad,1.93
26.52,2.5,58.7,2087,73.9,1,7,10,35.0,2.8,1.85,361.5,0,2,1,97,Hatchback,Diesel,Chennai,4.11
37.89,1.69,56.0,2108,49.6,2,16,35,23.6,-0.24,1.79,636.6,1,1,0,165,SUV,Petrol,Bangalore,3.83
68.79,1.26,58.8,2927,41.4,1,3,7,23.6,-1.31,0.34,219.1,0,0,0,137,Sedan,CNG,Lucknow,2.21
32.4,1.34,55.8,1694,41.3,0,5,22,21.2,3.15,4.05,450.7,0,2,1,124,MUV,Diesel,Jaipur,3.18
25.96,1.98,55.6,1712,58.9,2,27,19,30.7,-4.71,2.71,141.9,1,1,0,142,SUV,CNG,Mumbai,2.43
103.85,1.65,70.2,3395,60.5,0,0,6,28.9,-1.01,2.64,311.9,0,0,1,85,Hatchback,Diesel,Pune,2.77
34.07,1.12,50.1,1706,47.7,1,12,15,36.1,-3.81,3.13,364.4,0,2,2,100,MUV,Petrol,Delhi,1.9
101.06,0.24,62.1,3452,28.3,0,1,4,32.9,1.24,0.88,506.5,1,0,0,199,SUV,Diesel,Kolkata,2.21
39.66,2.14,57.5,2024,62.8,1,17,20,34.5,5.08,2.86,198.2,0,1,0,85,Hatchback,Petrol,Mumbai,4.95
15.34,0.8,48.6,1042,30.3,1,11,24,29.6,-6.09,1.96,729.6,0,2,1,107,Sedan,Diesel,Mumbai,1.07
38.41,0.49,48.9,1369,20.8,0,5,14,29.0,0.41,1.42,429.7,0,1,1,114,MUV,Petrol,Hyderabad,1.83
73.4,0.96,58.9,2559,36.7,0,1,2,42.9,2.64,0.22,757.4,1,0,1,74,Hatchback,Diesel,Jaipur,2.27
53.0,0.27,53.3,2027,24.5,1,18,12,30.2,3.96,1.95,780.3,0,1,0,191,SUV,Diesel,Ahmedabad,2.82
31.5,1.22,53.3,1757,41.4,2,7,16,33.9,1.04,0.31,735.8,1,2,0,153,SUV,Diesel,Mumbai,2.97
34.8,1.35,56.7,1738,48.2,0,4,18,37.0,-3.83,3.3,0.7,1,2,0,76,Hatchback,Petrol,Chennai,1.32
53.56,1.81,61.1,2356,53.9,0,27,29,25.9,3.57,3.19,269.8,0,1,1,93,Hatchback,Petrol,Chennai,4.07
75.99,0.62,55.6,2630,36.5,2,4,5,37.9,-7.64,1.79,180.9,1,0,0,122,Sedan,Petrol,Chennai,0.72
20.6,1.39,46.7,1636,42.3,2,11,20,37.1,0.07,2.37,116.5,0,1,2,100,Sedan,Diesel,Chennai,3.22
56.95,0.78,54.0,2138,37.6,2,10,32,31.7,1.95,2.45,340.1,1,1,0,92,Hatchback,Diesel,Pune,2.46
31.92,0.61,48.2,1361,34.2,0,4,12,31.7,1.01,3.27,630.3,1,2,1,136,MUV,Diesel,Mumbai,1.8
97.91,1.45,67.9,3261,63.8,0,0,4,32.2,-3.54,0.31,178.3,1,0,2,99,Hatchback,Petrol,Bangalore,1.96
19.69,0.25,44.8,1029,16.0,2,10,23,32.4,1.12,4.76,81.0,0,2,0,99,MUV,Diesel,Chennai,2.13
86.73,2.48,64.8,3478,73.3,0,1,6,30.7,5.35,1.94,266.0,1,0,0,113,Sedan,Diesel,Pune,4.04
32.49,1.16,50.2,1998,36.8,0,6,12,26.2,-5.66,2.48,219.8,0,2,0,77,Hatchback,Diesel,Kolkata,0.59
41.34,2.25,59.9,2478,66.1,1,15,34,24.6,-1.4,1.41,387.5,0,1,2,95,MUV,Diesel,Ahmedabad,3.19
54.41,1.02,54.2,2406,40.3,1,28,39,41.7,2.91,1.1,694.1,0,1,2,77,Hatchback,CNG,Chennai,3.56
53.96,1.72,57.7,2311,51.6,1,20,32,37.8,1.1,1.56,736.3,0,1,0,99,MUV,Petrol,Kolkata,3.82
24.56,2.03,58.0,2048,61.7,2,29,35,23.3,-2.42,3.07,701.8,1,1,0,115,Sedan,Diesel,Kolkata,2.7
41.34,1.26,52.9,1895,50.2,1,23,33,22.3,0.02,2.77,635.2,1,1,2,167,SUV,Petrol,Jaipur,3.36
36.41,2.02,58.4,2183,55.5,1,21,11,26.8,2.51,2.9,734.2,0,1,0,107,Sedan,Petrol,Bangalore,3.92
17.46,0.15,42.6,1337,12.6,1,12,24,37.9,1.3,2.1,93.2,0,2,0,182,SUV,CNG,Hyderabad,2.15
16.72,1.66,50.0,1534,54.9,0,11,23,21.8,-0.79,0.56,782.4,0,2,0,191,SUV,CNG,Bangalore,2.85
19.67,1.03,48.2,1634,33.5,2,6,20,29.6,1.23,4.74,526.6,0,2,0,149,Sedan,Diesel,Kolkata,2.87
37.21,0.28,46.6,1672,23.0,1,16,32,36.4,-3.72,3.16,488.9,1,1,0,95,Hatchback,Diesel,Jaipur,0.72
21.81,2.34,55.7,1844,63.2,1,10,28,22.6,-1.12,2.65,381.4,0,1,0,116,MUV,Petrol,Delhi,3.68
17.35,0.59,50.1,1465,23.8,2,2,7,22.7,-0.43,4.91,22.2,1,2,1,94,Hatchback,CNG,Delhi,2.13
110.09,2.07,69.1,3714,75.5,0,1,7,35.8,1.72,2.85,491.9,0,0,0,123,MUV,Diesel,Delhi,3.83
56.94,2.17,68.5,2429,62.2,1,22,17,20.1,-1.66,2.85,311.1,0,1,0,177,SUV,Diesel,Delhi,3.38
108.55,0.37,62.7,3044,34.3,2,1,0,41.3,2.41,2.36,338.2,0,0,1,100,MUV,Diesel,Chennai,3.16
67.35,0.68,61.0,2636,38.6,0,4,8,27.5,-4.01,0.64,59.0,0,0,0,195,SUV,Diesel,Lucknow,1.28
28.47,1.9,53.0,1967,52.1,1,21,19,28.6,-2.77,3.51,317.3,0,1,0,101,MUV,CNG,Ahmedabad,2.26
114.86,0.57,69.8,3358,39.1,0,3,7,37.8,0.71,2.48,57.0,0,0,0,99,Hatchback,Petrol,Mumbai,2.88
27.33,2.1,59.2,2106,53.5,0,12,9,31.7,-5.47,2.75,274.3,0,2,1,76,Hatchback,Petrol,Bangalore,1.89
53.42,0.83,53.1,2283,41.2,2,19,25,27.6,1.63,3.94,637.9,0,1,0,120,Sedan,Petrol,Kolkata,3.16
59.03,0.67,55.6,2146,28.1,1,14,31,32.6,-1.23,3.59,718.7,1,1,2,119,MUV,Diesel,Hyderabad,1.98
94.5,0.54,57.5,3066,32.8,0,3,0,39.7,1.19,4.45,163.7,1,0,0,174,SUV,Petrol,Hyderabad,2.34
34.13,0.96,52.0,1907,35.2,0,11,18,42.2,-0.57,1.39,606.0,0,2,1,197,SUV,Diesel,Jaipur,2.33
16.99,1.19,43.9,1370,36.8,1,3,20,20.1,-2.17,1.68,98.1,0,2,2,191,SUV,Diesel,Ahmedabad,2.4
54.76,1.65,57.8,2466,58.3,2,10,21,32.5,-0.65,3.52,159.0,0,1,0,79,Hatchback,Petrol,Ahmedabad,3.38
59.09,1.91,59.2,2897,64.2,2,19,39,16.4,-3.12,4.34,99.9,0,1,1,171,SUV,Diesel,Lucknow,3.13
48.86,0.19,50.6,1737,13.7,2,21,34,39.9,1.09,4.89,328.5,0,1,1,162,SUV,Petrol,Hyderabad,3.11
14.54,0.46,52.5,1237,25.5,0,10,12,39.3,-0.09,2.99,595.3,1,2,0,124,MUV,Diesel,Ahmedabad,1.59
11.44,0.75,46.1,1235,25.2,2,10,17,24.9,2.81,4.42,277.5,0,2,2,99,Hatchback,Petrol,Lucknow,3.42
28.77,1.32,55.5,1850,34.4,1,23,33,21.1,0.33,3.03,23.6,1,1,2,141,SUV,Petrol,Bangalore,3.47
47.59,1.13,52.3,2138,48.8,1,9,26,42.3,-1.19,2.36,168.3,0,1,2,76,Hatchback,Diesel,Delhi,2.28
55.34,0.48,57.7,2019,20.7,1,9,20,25.4,-2.59,2.54,501.9,0,1,1,109,Sedan,Petrol,Kolkata,1.36
11.93,0.87,47.9,1315,23.4,2,7,17,39.1,-5.49,0.9,127.7,1,2,1,80,Hatchback,Petrol,Lucknow,1.46
43.64,2.36,64.1,2425,62.1,0,5,34,36.7,0.78,2.16,616.4,0,1,1,98,MUV,Petrol,Lucknow,4.08
35.92,2.49,58.3,2250,64.4,1,11,38,30.0,-2.41,2.44,509.7,1,1,2,93,MUV,Petrol,Chennai,3.65
14.36,0.69,39.7,1409,21.2,0,3,24,20.2,-3.34,4.11,278.5,1,2,1,111,MUV,Petrol,Delhi,0.61
42.05,1.43,52.4,2142,46.1,2,10,29,28.9,-2.42,0.45,528.7,0,1,0,194,SUV,Petrol,Delhi,3.24
23.33,0.64,46.9,1322,22.0,0,27,38,26.6,1.5,4.85,595.1,1,1,0,134,MUV,Diesel,Hyderabad,1.8
56.83,0.75,54.4,2166,33.2,1,6,34,34.5,-8.58,4.14,452.6,0,1,1,102,MUV,Petrol,Mumbai,0.45
39.41,0.56,51.6,2046,19.1,1,29,32,31.4,-6.45,1.78,1.1,0,1,2,172,SUV,Diesel,Hyderabad,1.24
20.93,0.41,39.4,1481,29.7,2,8,26,18.4,-2.38,3.31,754.4,0,1,2,197,SUV,Diesel,Pune,2.23
26.22,0.1,50.5,1216,7.1,2,5,19,33.4,2.7,3.93,718.4,1,2,0,127,MUV,Diesel,Kolkata,2.43
102.56,1.84,66.2,3342,69.9,1,4,1,34.4,2.44,1.52,260.8,0,0,0,90,Hatchback,Diesel,Pune,3.36
25.76,1.55,47.7,1678,39.2,0,11,14,29.0,0.85,1.0,746.7,1,2,1,188,SUV,CNG,Mumbai,2.84
91.24,0.92,61.3,2944,36.9,0,1,5,35.1,-5.3,3.23,595.3,1,0,2,128,MUV,Petrol,Hyderabad,1.43
14.39,0.7,49.4,1283,29.3,1,13,22,20.7,5.88,4.45,248.8,0,2,1,79,Hatchback,CNG,Pune,3.7
93.69,0.93,66.1,3259,41.1,0,4,1,19.8,-5.26,3.18,627.4,0,0,0,137,MUV,CNG,Delhi,1.2
41.7,1.21,50.7,1924,31.2,2,28,23,35.6,0.53,1.79,334.2,1,1,1,168,SUV,Petrol,Mumbai,3.86
23.01,1.57,58.3,1573,50.6,0,6,8,22.8,-1.44,1.23,444.9,1,2,0,98,MUV,Petrol,Bangalore,2.26
19.6,0.7,45.4,1440,25.3,1,14,8,26.5,1.89,4.47,564.1,0,2,2,95,Hatchback,CNG,Pune,2.51
13.63,2.31,53.2,1466,57.4,1,14,7,18.8,-4.56,0.15,702.0,0,2,2,76,Hatchback,Petrol,Lucknow,2.67
23.48,1.08,46.5,1802,41.1,2,20,31,34.9,-1.39,2.91,477.0,0,1,0,173,SUV,Diesel,Chennai,2.53
116.31,1.08,73.3,3635,53.1,0,4,5,15.7,2.09,4.5,786.2,0,0,0,149,SUV,Diesel,Jaipur,3.41
51.31,2.39,64.1,2433,71.0,1,10,27,25.6,3.6,4.58,750.0,0,1,0,102,Sedan,Diesel,Kolkata,4.13
78.46,1.91,65.6,2818,67.7,1,4,5,33.3,2.82,4.1,39.4,0,0,0,94,Hatchback,Petrol,Lucknow,4.19
18.32,1.79,52.0,1985,47.4,0,6,22,24.9,5.16,1.91,319.5,0,2,2,79,Hatchback,Petrol,Delhi,4.17
51.16,2.45,65.6,2491,69.4,0,21,16,28.0,-1.13,3.4,644.2,0,1,0,93,Hatchback,Diesel,Chennai,2.74
33.82,2.05,57.4,2239,61.3,1,16,32,20.0,-2.97,3.98,136.1,0,1,0,128,Sedan,Diesel,Delhi,2.46
80.9,2.19,72.6,3153,78.5,1,2,6,38.5,4.31,2.81,393.1,0,0,0,118,MUV,Petrol,Chennai,5.25
16.05,0.82,51.7,1340,29.2,1,2,21,42.0,4.4,4.34,369.0,0,2,0,117,Sedan,Petrol,Jaipur,3.9
41.36,0.22,48.4,1586,14.5,1,17,32,21.5,1.16,2.76,571.8,0,1,0,72,Hatchback,Petrol,Ahmedabad,2.0
41.85,2.35,58.6,2255,61.0,0,29,14,29.0,3.23,2.07,331.7,0,1,0,105,MUV,Diesel,Mumbai,3.52
55.02,2.17,60.1,2762,66.7,1,23,19,26.8,-0.85,3.77,307.4,0,1,1,86,Hatchback,Petrol,Ahmedabad,3.35
27.06,1.98,54.9,1885,50.7,1,26,26,42.0,-2.22,1.36,180.4,0,1,1,83,Hatchback,Petrol,Ahmedabad,3.05
33.95,2.14,63.0,2443,56.9,1,20,20,34.1,-2.54,1.28,546.4,0,1,2,187,SUV,Diesel,Chennai,3.39
95.55,1.7,65.7,3374,58.1,0,3,2,40.4,1.85,2.35,181.5,0,0,0,119,Sedan,Diesel,Ahmedabad,3.3
59.28,0.99,59.3,2276,40.2,1,14,27,28.8,-1.0,2.79,619.8,0,1,0,147,SUV,Petrol,Hyderabad,2.68
117.86,1.91,78.4,3858,69.2,0,1,7,26.6,-0.15,3.52,365.8,0,0,2,83,Hatchback,Petrol,Ahmedabad,4.22
36.89,0.95,52.0,1938,35.4,0,24,34,27.0,0.53,4.19,315.1,0,1,0,136,MUV,Petrol,Chennai,2.47
105.95,0.3,63.7,3184,26.0,1,0,9,44.8,0.45,4.54,141.7,1,0,2,83,Hatchback,Diesel,Delhi,2.34
116.41,1.98,77.0,3731,67.3,1,0,2,19.5,-4.09,1.47,396.3,0,0,0,126,MUV,Diesel,Delhi,2.76
20.72,2.04,53.3,1893,62.0,0,3,7,36.5,0.82,1.04,155.3,0,2,0,106,Sedan,Diesel,Kolkata,2.66
34.99,2.49,54.3,2329,68.2,0,13,27,35.7,-2.81,1.87,242.0,0,1,2,81,Hatchback,Petrol,Mumbai,3.05
40.75,0.74,48.5,1873,31.6,1,25,34,26.5,1.0,3.19,511.7,0,1,0,198,SUV,CNG,Chennai,2.83
50.55,2.15,64.1,2528,51.5,1,18,17,27.5,4.25,2.93,536.9,0,1,1,119,MUV,Petrol,Delhi,4.83
33.33,1.54,58.3,1878,45.3,1,14,21,36.0,-1.14,4.94,672.1,1,1,0,136,MUV,CNG,Hyderabad,2.78
58.8,2.47,62.6,2688,60.8,2,10,27,17.5,3.61,0.74,637.8,0,1,0,146,SUV,CNG,Jaipur,5.07
76.69,1.72,58.6,2897,54.5,0,0,2,44.5,-1.44,4.71,232.8,0,0,0,134,Sedan,Diesel,Jaipur,2.28
51.79,1.37,55.5,2287,53.5,1,25,30,28.3,4.24,1.35,359.8,1,1,0,113,Sedan,Petrol,Delhi,3.79
36.57,1.11,45.1,1711,40.7,2,6,31,36.3,-3.79,0.45,760.8,0,1,0,177,SUV,Petrol,Chennai,2.36
27.49,2.34,59.2,2028,60.0,0,4,6,35.8,1.28,4.1,475.3,0,2,0,192,SUV,CNG,Chennai,3.98
27.38,0.85,51.3,1970,36.6,2,2,15,30.3,-1.72,4.49,112.2,0,2,0,160,SUV,Petrol,Delhi,2.67
25.65,2.34,62.2,2070,64.4,2,5,29,42.9,-0.87,3.92,615.8,0,1,0,154,SUV,Diesel,Lucknow,4.13
47.86,0.66,58.5,1832,30.3,1,23,36,35.2,-0.33,4.06,547.3,1,1,1,130,MUV,Petrol,Mumbai,2.94
73.65,0.86,62.6,2461,39.6,1,4,5,32.5,0.75,2.71,779.5,1,0,0,72,Hatchback,CNG,Kolkata,2.06
26.07,2.42,52.6,2212,66.1,1,9,5,31.4,-2.2,0.47,405.4,0,2,1,180,SUV,Petrol,Chennai,3.65
26.81,2.31,54.0,1832,61.7,0,2,11,21.7,0.87,2.99,251.8,0,2,0,126,MUV,Diesel,Pune,2.86
80.74,1.12,59.2,2731,45.1,2,4,1,39.9,-1.43,2.51,633.7,0,0,0,197,SUV,Diesel,Chennai,2.8
58.32,1.62,61.2,2568,43.6,1,23,39,42.6,2.28,2.25,223.6,0,1,0,177,SUV,Petrol,Jaipur,4.61
23.45,1.8,53.6,1733,46.9,1,22,22,31.0,1.2,4.94,757.0,1,1,0,180,SUV,Petrol,Delhi,3.8
24.66,0.42,52.2,1648,17.0,0,9,18,37.6,-4.15,0.35,1.9,1,2,0,93,Hatchback,CNG,Hyderabad,0.55
89.26,1.99,75.3,3230,66.6,0,4,8,28.9,4.11,4.0,554.5,0,0,0,145,Sedan,CNG,Bangalore,4.35
25.53,0.36,42.1,1395,24.5,1,3,8,37.5,5.56,4.91,146.2,0,2,0,104,MUV,Petrol,Hyderabad,3.25
59.59,1.72,61.4,2635,59.3,1,15,39,41.2,-5.45,1.55,78.4,0,1,1,153,SUV,Diesel,Chennai,2.5
28.15,0.82,52.8,1739,33.6,1,14,8,33.9,0.19,0.94,311.4,1,2,1,140,Sedan,Diesel,Pune,2.5
115.12,1.85,73.2,3501,66.9,0,3,9,26.3,0.11,4.61,468.1,0,0,0,194,SUV,Petrol,Jaipur,4.39
44.73,0.52,50.8,1997,33.3,0,5,39,40.3,0.75,4.89,550.8,0,1,0,82,Hatchback,CNG,Jaipur,1.96
20.68,0.87,50.4,1525,30.0,0,15,12,29.7,2.37,4.4,332.2,1,1,1,156,SUV,Petrol,Chennai,2.79
17.31,0.99,49.0,1050,34.5,1,12,22,32.3,-0.8,3.09,187.0,0,2,0,111,MUV,Petrol,Delhi,2.46
54.95,0.34,50.5,1826,28.7,2,28,36,39.9,6.23,2.98,455.9,0,1,1,119,Sedan,Petrol,Chennai,4.63
72.33,1.55,65.2,2820,47.9,0,0,7,31.4,-3.96,3.42,759.3,0,0,0,127,MUV,Petrol,Delhi,1.76
26.03,1.59,53.2,1912,52.8,0,9,18,33.7,2.87,2.99,572.7,0,2,0,132,MUV,CNG,Chennai,3.32
106.36,1.85,71.5,3524,60.1,0,1,0,25.2,2.91,3.23,524.8,0,0,1,89,Hatchback,Diesel,Jaipur,3.45
26.6,2.09,54.1,2056,52.7,0,13,24,39.9,-3.55,0.78,167.0,1,2,0,134,Sedan,CNG,Chennai,2.14
85.63,1.28,60.7,3027,47.7,0,2,0,34.9,0.54,4.47,334.9,0,0,1,91,Hatchback,Diesel,Lucknow,2.39
29.25,1.51,51.8,1913,53.5,1,27,29,20.1,1.43,2.75,12.8,1,1,2,116,Sedan,Diesel,Jaipur,3.26
25.72,0.67,45.9,1564,25.6,1,15,34,29.7,-1.73,4.43,564.1,0,1,1,143,SUV,Diesel,Lucknow,1.64
105.4,2.31,76.2,3677,76.2,2,1,7,27.4,-0.11,3.28,604.3,1,0,1,136,Sedan,Petrol,Mumbai,4.98
15.63,0.76,44.3,1207,30.3,0,3,11,23.8,1.88,1.62,275.9,0,2,0,99,MUV,Diesel,Kolkata,1.6
34.45,1.34,56.8,2061,41.4,1,25,30,38.9,1.1,0.29,420.3,1,1,0,140,Sedan,Petrol,Jaipur,3.44
27.81,0.4,50.1,1574,18.7,0,4,19,33.9,7.89,0.48,49.6,1,2,0,122,Sedan,CNG,Mumbai,3.09
12.1,2.27,54.9,1725,49.7,0,9,21,37.7,-3.47,2.18,115.0,0,2,2,184,SUV,Petrol,Ahmedabad,3.31
45.22,1.45,59.0,2055,45.0,1,18,39,29.6,-4.44,3.25,293.0,0,1,1,131,MUV,Diesel,Ahmedabad,2.15
24.03,2.28,54.4,1834,67.0,2,3,17,35.6,-3.65,0.22,421.3,0,2,2,105,MUV,Diesel,Lucknow,2.94
53.36,0.39,56.1,1853,24.8,1,8,19,28.1,1.09,4.74,441.7,0,1,0,95,Hatchback,Diesel,Hyderabad,1.63
53.48,1.3,53.5,2386,43.3,2,8,15,37.7,0.56,3.24,157.6,1,1,0,189,SUV,CNG,Kolkata,3.35
30.35,0.44,49.6,1354,15.3,2,24,16,31.3,-2.59,1.85,375.6,0,1,0,97,Hatchback,Petrol,Ahmedabad,1.9
67.14,0.99,57.0,2299,40.1,2,4,1,25.3,-0.29,0.14,365.3,1,0,0,89,Hatchback,Diesel,Ahmedabad,2.07
91.08,0.19,53.0,2802,32.2,0,1,1,29.1,-1.67,1.88,483.6,1,0,1,162,SUV,Diesel,Pune,0.85
52.17,2.39,63.1,2602,62.0,0,7,37,25.0,3.45,3.55,721.2,0,1,0,148,SUV,Diesel,Jaipur,3.86
22.69,1.38,51.6,1852,41.5,0,11,17,28.8,-1.04,3.72,107.9,0,2,1,155,SUV,Petrol,Jaipur,2.56
24.95,2.27,51.3,1924,57.1,0,14,11,28.1,-0.32,4.93,77.8,1,1,0,199,SUV,Petrol,Hyderabad,3.25
25.84,1.66,55.1,1517,51.9,1,9,13,31.1,-5.45,0.96,27.7,0,2,2,107,Sedan,Petrol,Kolkata,2.16
58.86,0.16,47.4,1910,25.0,0,17,16,41.9,0.47,3.64,473.1,1,1,1,121,Sedan,CNG,Chennai,1.19
23.29,0.95,46.3,1697,36.5,1,6,14,24.0,-3.51,4.37,225.6,0,2,2,194,SUV,Petrol,Bangalore,2.23
38.91,0.3,50.4,1890,28.6,2,25,25,25.0,-2.54,0.84,360.0,0,1,0,185,SUV,Diesel,Bangalore,1.84
28.92,2.39,67.1,2335,69.2,1,3,16,41.2,-3.83,2.76,199.3,0,2,0,135,Sedan,Petrol,Ahmedabad,3.43
51.45,1.77,65.1,2396,51.6,0,27,11,36.1,-2.7,1.57,149.5,1,1,2,109,Sedan,Diesel,Kolkata,2.33
50.08,1.57,50.3,2448,46.8,2,14,25,16.4,1.54,1.74,782.9,1,1,0,91,Hatchback,Petrol,Lucknow,3.48
34.03,1.05,60.7,1920,43.0,1,10,13,38.4,-3.03,4.32,451.2,1,2,0,184,SUV,Petrol,Kolkata,2.27
31.11,0.11,47.0,1522,17.5,2,15,31,32.9,0.39,0.76,651.4,1,1,2,127,Sedan,Petrol,Mumbai,2.31
45.29,2.19,62.6,2353,66.0,2,28,23,41.0,-1.92,1.49,684.6,1,1,0,175,SUV,Petrol,Ahmedabad,4.11
27.99,2.03,48.6,1958,56.1,2,28,38,23.8,-2.66,2.32,194.6,1,1,0,187,SUV,CNG,Lucknow,3.23
104.37,1.22,70.6,3382,57.6,2,4,5,23.5,-2.88,1.97,3.7,0,0,1,137,MUV,Petrol,Delhi,3.3
47.08,0.74,52.6,2019,28.3,2,16,17,28.2,-2.36,2.79,135.5,1,1,2,112,Sedan,Diesel,Pune,1.82
60.41,1.44,54.2,2622,51.6,0,0,5,28.1,1.68,3.47,448.6,1,0,2,111,MUV,Petrol,Delhi,2.95
18.8,1.29,46.1,1342,33.3,0,3,10,32.8,0.12,3.03,431.2,0,2,0,123,MUV,Diesel,Pune,2.22
51.12,1.08,55.0,2271,37.3,1,8,22,22.6,3.98,0.9,298.6,1,1,0,121,MUV,Petrol,Hyderabad,3.35
59.6,1.98,64.0,2573,55.0,0,21,11,25.5,-3.47,0.41,782.1,0,1,0,153,SUV,Petrol,Pune,2.35
16.06,0.35,46.2,1318,21.3,0,8,8,40.7,-3.87,3.67,613.2,0,2,1,103,Sedan,Petrol,Chennai,0.97
92.07,0.75,62.0,2908,38.6,2,4,9,38.9,-2.93,2.81,534.4,0,0,0,89,Hatchback,Diesel,Delhi,2.12
28.24,2.41,58.3,2102,58.1,1,5,8,34.8,-0.44,2.39,118.7,1,2,2,113,Sedan,Petrol,Lucknow,3.83
32.04,0.26,45.7,1782,17.0,1,3,11,33.1,-0.92,0.44,168.0,0,2,1,112,MUV,Diesel,Bangalore,1.45
33.97,0.61,53.1,1723,27.5,2,15,38,38.8,8.14,1.9,719.5,0,1,0,93,MUV,Petrol,Jaipur,5.07
109.84,0.75,64.8,3215,48.4,0,3,5,32.6,1.42,3.53,429.9,1,0,0,128,Sedan,Petrol,Jaipur,2.88
115.63,0.64,73.4,3267,46.7,0,2,5,35.4,-2.55,4.84,672.9,0,0,1,128,MUV,Petrol,Chennai,2.53
52.75,2.33,64.0,2397,58.3,0,9,32,35.0,-2.78,0.84,406.6,0,1,0,139,MUV,CNG,Pune,2.75
25.31,1.04,47.8,1334,49.8,0,5,11,39.5,-3.68,1.19,578.7,0,2,0,87,Hatchback,Diesel,Delhi,1.06
31.83,0.31,47.7,1495,11.3,2,14,38,19.8,2.34,4.79,403.5,1,1,0,130,Sedan,Petrol,Delhi,3.06
48.27,1.64,61.4,2077,54.7,2,12,25,33.9,2.3,0.61,181.1,1,1,0,129,Sedan,Petrol,Jaipur,4.12
22.12,2.05,55.2,1721,54.5,2,11,17,30.3,1.1,1.5,411.1,1,2,0,118,MUV,Diesel,Jaipur,3.55
31.1,0.78,51.2,1743,29.4,2,7,37,32.1,-0.57,3.29,688.2,0,1,1,97,Hatchback,Petrol,Mumbai,2.85
28.46,0.53,46.0,1345,36.1,2,27,18,34.6,3.24,3.97,58.7,0,1,1,99,Hatchback,Diesel,Mumbai,2.87
21.52,2.35,51.8,1865,62.5,1,14,16,26.9,5.64,3.59,325.1,0,2,0,121,Sedan,Diesel,Bangalore,4.29
78.46,2.42,73.7,3088,68.1,0,2,7,34.1,-2.44,0.85,317.7,1,0,0,117,Sedan,Diesel,Kolkata,2.58
86.64,2.2,71.5,3133,65.8,1,4,5,32.0,-1.85,2.11,71.0,1,0,2,91,Hatchback,Petrol,Delhi,3.59
27.05,1.85,55.1,1931,56.0,0,15,37,30.1,1.33,3.68,240.1,0,1,0,165,SUV,Diesel,Hyderabad,3.32
48.75,0.8,58.3,1984,36.4,2,13,10,32.4,1.51,2.88,207.5,0,1,0,142,SUV,Petrol,Ahmedabad,3.37
32.53,1.44,50.7,2038,43.6,2,9,32,29.8,4.82,3.02,480.8,0,1,0,70,Hatchback,Diesel,Jaipur,3.79
46.87,1.26,53.2,2317,52.7,2,27,17,36.6,2.23,0.72,413.1,1,1,1,91,MUV,Diesel,Mumbai,3.08
71.07,2.35,70.2,3101,75.0,0,2,2,36.0,0.49,4.93,313.5,0,0,2,186,SUV,Petrol,Hyderabad,4.35
46.85,0.45,55.3,2065,38.5,2,24,21,34.9,2.04,0.34,782.2,0,1,0,131,MUV,CNG,Mumbai,3.2
80.98,0.81,59.6,2715,42.1,0,2,3,25.8,-3.16,3.04,734.3,0,0,0,154,SUV,CNG,Mumbai,1.4
53.99,1.5,60.8,2291,40.2,0,19,33,34.1,-0.42,0.59,769.5,0,1,0,125,Sedan,Diesel,Ahmedabad,2.64
29.29,0.25,47.2,1551,19.4,1,11,10,18.7,-0.22,1.8,104.5,1,2,0,136,Sedan,Petrol,Delhi,1.67
57.9,1.45,55.7,2442,50.1,1,23,15,30.3,1.47,3.01,599.0,1,1,2,99,MUV,Petrol,Chennai,3.21
41.42,0.72,53.1,1762,24.2,2,17,34,31.2,2.18,2.17,625.8,0,1,1,101,Sedan,Diesel,Kolkata,3.1
29.68,0.78,47.8,1482,30.2,1,28,38,42.0,-3.13,1.89,703.2,1,1,0,180,SUV,Petrol,Delhi,2.08
117.57,0.11,65.8,3291,18.6,0,3,8,38.3,3.66,4.96,132.0,0,0,1,96,MUV,Diesel,Kolkata,2.79
20.76,0.63,43.8,1247,32.4,2,5,33,20.3,-1.27,4.11,371.7,0,1,0,126,MUV,Diesel,Bangalore,2.12
89.61,2.27,70.0,3427,73.8,0,3,6,29.5,-0.47,2.7,225.2,0,0,0,125,MUV,Diesel,Mumbai,2.96
97.02,1.64,71.0,3120,56.7,1,2,6,32.9,-1.25,4.61,570.0,0,0,0,75,Hatchback,Petrol,Mumbai,3.15
15.04,0.65,48.6,1263,23.4,2,11,22,20.5,5.45,4.33,581.4,0,2,0,93,Hatchback,Petrol,Bangalore,3.94
38.57,0.47,48.6,1554,24.4,0,9,38,22.2,2.42,1.13,578.2,0,1,0,100,Sedan,Petrol,Bangalore,2.37
117.68,0.7,68.5,3361,45.7,1,2,5,23.7,1.09,2.73,612.6,0,0,1,74,Hatchback,Petrol,Ahmedabad,3.36
35.96,1.27,51.9,1961,33.2,2,28,11,25.7,3.67,2.92,457.0,1,1,1,81,Hatchback,Petrol,Bangalore,3.45
104.02,2.46,72.4,3832,85.3,0,4,5,37.3,-2.78,2.83,405.0,0,0,1,144,SUV,Petrol,Kolkata,3.91
74.84,0.21,59.4,2094,34.6,1,1,4,40.0,-4.02,1.28,399.9,1,0,0,147,SUV,CNG,Kolkata,0.99
30.83,2.27,59.1,1981,64.9,2,8,18,30.4,2.47,4.68,492.2,0,2,0,102,MUV,Petrol,Delhi,4.76
57.24,2.25,53.4,2881,60.3,1,22,35,15.6,5.02,1.17,120.1,0,1,0,128,MUV,Diesel,Lucknow,4.3
18.54,2.31,51.3,2105,50.5,0,4,14,36.2,1.16,2.1,402.8,0,2,2,194,SUV,CNG,Hyderabad,4.1
18.18,0.9,48.3,1514,31.0,1,2,12,24.9,0.92,3.23,176.2,1,2,0,133,Sedan,Diesel,Lucknow,2.33
98.58,1.6,62.3,3416,59.7,0,0,6,17.5,1.76,2.82,384.8,0,0,1,151,SUV,Diesel,Lucknow,3.2
81.09,1.66,65.4,3052,55.4,0,3,5,27.5,1.82,1.74,660.9,0,0,1,93,MUV,Petrol,Ahmedabad,3.22
17.92,0.87,42.8,1373,30.5,1,12,22,20.2,-5.22,1.13,276.5,0,2,0,137,MUV,Diesel,Bangalore,0.99
88.51,2.09,75.6,3542,76.3,2,0,6,31.7,-0.44,1.12,266.6,0,0,0,86,Hatchback,Diesel,Mumbai,3.5
100.98,1.06,63.0,3242,38.4,0,0,5,34.5,-1.15,1.38,766.0,0,0,2,145,Sedan,Petrol,Lucknow,2.8
23.05,2.1,56.1,1962,55.3,2,9,21,27.5,-1.17,1.18,404.3,0,1,2,110,MUV,Petrol,Pune,4.02
25.28,0.91,44.7,1480,32.2,2,12,26,40.9,0.73,3.73,479.6,1,1,0,103,Sedan,Petrol,Chennai,2.93
34.27,1.66,51.1,1945,57.3,1,28,34,37.7,-1.43,0.88,182.5,0,1,0,120,Sedan,Petrol,Chennai,3.02
43.96,1.39,58.6,2126,46.7,1,28,15,27.8,4.38,2.09,656.4,0,1,0,95,Hatchback,Petrol,Chennai,3.91
29.06,2.14,58.9,2092,59.7,1,7,22,18.4,-2.57,1.57,153.6,0,2,0,91,MUV,Diesel,Pune,2.74
71.98,1.62,60.0,2847,44.2,0,2,5,34.4,-1.55,2.24,237.1,0,0,0,71,Hatchback,CNG,Mumbai,2.06
55.74,2.23,60.1,2632,53.1,0,19,34,33.9,-7.05,0.94,642.1,0,1,0,110,Sedan,Diesel,Chennai,1.41
65.04,0.72,52.2,2531,36.0,1,2,5,26.6,5.33,3.81,171.2,0,0,0,112,MUV,CNG,Bangalore,2.92
81.91,2.32,71.8,3135,68.4,1,0,5,24.6,-0.8,4.06,600.7,0,0,0,85,Hatchback,CNG,Kolkata,3.23
28.33,1.97,51.2,1862,49.4,0,10,18,39.4,-3.58,0.35,745.0,0,2,0,143,Sedan,Petrol,Ahmedabad,2.46
12.24,0.13,43.1,1153,5.0,0,8,24,32.9,-0.57,3.03,643.1,0,2,1,108,MUV,Petrol,Hyderabad,1.37
30.15,1.74,54.9,1939,46.6,0,3,19,22.7,-3.24,4.09,538.7,0,2,0,123,Sedan,CNG,Hyderabad,1.77
49.95,1.73,54.3,2370,54.7,0,21,16,34.4,-2.25,2.83,164.5,0,1,0,78,Hatchback,CNG,Mumbai,1.78
19.98,0.24,46.8,1144,24.3,2,2,23,34.2,-0.29,3.68,137.9,1,2,1,137,MUV,Petrol,Chennai,2.29
48.34,0.74,55.8,2050,25.4,2,8,10,37.0,-0.74,3.57,279.1,0,1,2,143,SUV,Diesel,Delhi,2.75
50.82,1.0,57.6,2192,39.1,2,18,31,28.5,-2.54,4.55,520.6,1,1,0,87,Hatchback,Petrol,Mumbai,2.1
37.09,1.53,58.1,1853,51.2,2,14,36,26.6,4.59,1.87,592.5,0,1,2,70,Hatchback,Diesel,Jaipur,4.32
13.21,1.99,49.4,1647,48.6,0,5,5,36.2,0.52,3.1,138.4,1,2,0,97,Hatchback,Diesel,Mumbai,2.7
32.0,1.67,55.9,2135,50.7,0,8,23,19.7,-1.85,4.47,159.6,1,2,0,83,Hatchback,Petrol,Jaipur,2.08
52.74,0.82,51.9,2196,31.1,2,18,25,36.3,-0.36,1.75,553.3,0,1,0,105,MUV,CNG,Mumbai,2.59
113.98,0.54,70.4,3326,44.8,0,2,2,27.6,1.49,3.51,413.0,1,0,1,82,Hatchback,Diesel,Chennai,2.3
111.67,1.7,72.6,3594,60.1,0,0,0,35.5,-5.43,2.53,197.1,0,0,0,120,MUV,Petrol,Chennai,2.2
33.81,2.21,58.1,2061,55.0,1,28,21,22.2,5.54,2.22,291.9,0,1,0,102,MUV,Diesel,Lucknow,4.19
57.47,0.3,52.7,2024,28.2,2,11,34,24.0,1.34,4.47,627.2,0,1,2,83,Hatchback,Diesel,Pune,2.76
106.11,2.02,68.0,3919,64.5,0,3,9,22.2,3.66,3.08,452.0,0,0,1,175,SUV,Diesel,Kolkata,4.37
20.53,0.93,48.9,1444,35.0,0,26,16,29.7,-0.65,1.21,318.8,0,1,0,181,SUV,Petrol,Pune,2.4
81.8,0.98,60.2,2763,53.9,1,1,8,31.9,1.48,4.57,132.0,0,0,0,179,SUV,Petrol,Kolkata,3.46
88.17,0.17,55.7,2761,21.2,0,3,0,30.7,6.72,1.0,372.4,0,0,0,187,SUV,Diesel,Lucknow,3.02
62.69,0.26,55.4,2077,26.7,0,0,0,37.2,-7.78,1.63,788.5,0,0,0,122,Sedan,Diesel,Lucknow,0.3
33.64,0.2,52.9,1279,12.4,2,22,35,30.4,-4.84,1.29,624.6,0,1,1,153,SUV,Petrol,Hyderabad,1.76
36.14,2.44,59.6,2241,62.0,1,25,16,34.6,-0.25,1.65,248.6,0,1,2,140,Sedan,Diesel,Mumbai,3.73
44.03,2.3,61.6,2452,64.2,2,19,37,24.9,-5.6,0.27,34.2,1,1,2,85,Hatchback,Diesel,Bangalore,2.54
100.97,1.46,68.6,3216,56.1,0,3,5,34.0,0.33,4.01,145.4,0,0,0,152,SUV,Diesel,Pune,2.79
77.68,1.93,66.3,2854,68.8,1,1,5,35.6,-0.21,0.34,574.0,1,0,2,160,SUV,Diesel,Mumbai,3.38
32.32,1.59,57.0,1998,49.9,2,11,34,28.5,-0.92,1.95,166.4,0,1,1,70,Hatchback,Diesel,Chennai,2.89
22.57,1.01,49.5,1925,30.4,0,10,20,29.5,-0.13,3.48,643.3,1,2,1,109,MUV,Petrol,Pune,1.9
36.32,0.79,54.3,2032,26.5,1,17,38,40.7,-0.95,2.38,389.6,1,1,0,92,Hatchback,Petrol,Lucknow,2.37
67.06,1.33,59.7,2312,46.3,0,1,6,36.4,0.06,3.55,113.5,1,0,0,199,SUV,Petrol,Kolkata,2.8
106.26,0.71,63.5,3282,38.1,0,2,7,30.6,-1.52,1.92,220.9,0,0,1,116,MUV,CNG,Hyderabad,2.01
59.33,1.71,62.2,2454,57.2,1,6,21,24.0,-0.07,0.4,383.6,0,1,0,117,Sedan,Diesel,Chennai,2.79
59.08,0.96,52.1,2293,32.8,1,6,20,18.6,1.11,0.12,584.9,0,1,1,92,MUV,Petrol,Delhi,2.85
10.73,2.23,49.6,1713,55.9,2,8,18,28.1,3.05,2.86,94.4,0,2,0,156,SUV,Petrol,Lucknow,5.23
27.48,1.86,57.7,2044,55.1,0,13,22,38.2,-2.77,2.79,209.6,0,2,1,108,MUV,Petrol,Kolkata,2.52
45.6,0.75,52.4,2125,22.8,1,5,33,25.0,-4.07,2.3,28.7,1,1,0,162,SUV,CNG,Jaipur,1.39
41.16,0.98,53.8,1978,35.0,0,13,29,29.9,-0.76,3.23,398.4,0,1,2,92,MUV,Petrol,Ahmedabad,2.19
31.59,2.03,55.5,2246,56.5,1,12,24,32.6,0.4,4.57,52.4,1,2,0,71,Hatchback,Petrol,Mumbai,3.24
100.23,1.33,67.1,3315,57.8,2,4,7,35.9,-1.67,3.18,477.4,0,0,0,192,SUV,CNG,Jaipur,3.56
13.61,0.53,51.9,1137,17.8,0,12,6,22.9,3.62,3.16,1.9,0,2,0,157,SUV,CNG,Hyderabad,2.48
60.08,0.21,54.4,2207,29.8,0,0,0,29.1,-1.96,3.9,741.1,0,0,0,166,SUV,Diesel,Jaipur,0.91
29.96,0.76,53.4,1358,40.0,2,7,24,25.3,2.5,1.29,737.6,1,1,0,77,Hatchback,Diesel,Chennai,2.68
28.89,1.01,47.4,1811,36.2,0,2,24,34.8,2.62,4.95,433.5,0,2,0,108,Sedan,CNG,Hyderabad,2.81
10.03,0.84,48.8,1478,37.8,1,3,10,33.6,-1.19,3.92,556.9,1,2,2,108,MUV,Diesel,Bangalore,1.99
30.16,2.17,52.1,2153,50.0,1,12,23,28.7,3.56,1.61,611.8,1,1,0,74,Hatchback,CNG,Chennai,3.68
17.21,0.6,46.2,1585,27.0,0,6,15,25.1,0.54,3.68,298.5,0,2,0,181,SUV,Diesel,Chennai,1.65
59.63,2.01,62.7,2705,63.4,0,27,14,32.0,-2.57,3.47,202.4,0,1,0,196,SUV,Petrol,Delhi,3.02
82.2,0.4,58.0,2390,29.1,1,4,2,34.7,-1.94,2.81,241.0,0,0,0,127,Sedan,Diesel,Pune,1.53
29.68,1.76,51.8,1738,54.1,2,25,10,32.1,1.48,0.33,476.4,1,1,0,80,Hatchback,Diesel,Ahmedabad,3.04
95.87,0.95,66.4,2836,47.6,0,3,5,25.4,1.9,3.46,746.0,0,0,1,182,SUV,Petrol,Chennai,3.39
41.64,2.5,58.9,2446,64.7,2,14,29,22.8,-3.53,0.64,4.8,0,1,1,132,MUV,Petrol,Jaipur,3.65
50.94,0.39,57.1,2257,27.0,1,15,33,29.9,0.09,2.24,84.9,1,1,1,77,Hatchback,CNG,Hyderabad,1.78
85.15,0.65,61.1,2538,40.8,0,0,9,21.2,-7.45,4.07,700.7,0,0,0,89,Hatchback,Petrol,Pune,0.3
16.73,0.38,40.2,1309,25.1,0,9,12,25.3,-1.05,3.4,442.6,1,2,1,120,Sedan,Petrol,Bangalore,1.08
100.35,1.13,69.0,3194,40.3,0,4,4,32.3,1.75,2.4,256.8,0,0,0,96,Hatchback,Diesel,Hyderabad,2.77
94.37,1.88,77.7,3290,58.9,0,3,4,35.5,1.37,1.3,3.7,1,0,0,164,SUV,Petrol,Hyderabad,4.05
23.77,1.13,47.2,1657,38.3,0,14,33,29.4,-2.2,1.68,415.3,0,1,0,144,SUV,Diesel,Lucknow,1.57
57.35,1.98,57.2,2670,51.4,1,11,15,23.3,1.66,2.01,496.4,0,1,2,132,Sedan,Diesel,Hyderabad,3.65
10.96,1.76,49.9,1418,44.7,1,14,15,40.8,5.28,4.04,71.3,1,2,0,183,SUV,Petrol,Ahmedabad,4.94
28.02,0.74,50.4,1459,34.2,1,14,32,29.5,-4.4,4.01,315.4,1,1,2,95,MUV,CNG,Bangalore,1.11
38.21,1.33,51.0,2308,45.2,2,26,10,30.8,-0.97,4.97,605.6,0,1,1,117,MUV,CNG,Pune,2.75
82.33,2.45,71.8,3221,80.2,0,3,0,32.8,-2.32,3.35,477.6,0,0,1,95,Hatchback,Diesel,Mumbai,2.79
100.66,1.21,65.6,3210,46.4,0,3,0,42.6,5.55,2.4,307.1,1,0,0,150,SUV,Diesel,Ahmedabad,3.54
36.15,0.33,48.5,1732,28.5,2,28,14,27.6,-1.66,4.77,751.1,1,1,1,148,Sedan,Diesel,Mumbai,1.39
47.22,2.08,65.6,2808,55.5,1,5,17,31.4,0.4,0.61,564.0,0,1,0,149,Sedan,CNG,Chennai,3.7
60.03,2.1,65.5,2695,59.1,0,2,6,15.2,-2.77,1.98,156.3,0,0,0,198,SUV,Diesel,Jaipur,2.44
23.8,0.18,44.7,1434,21.1,1,7,13,31.6,2.0,2.5,576.6,1,2,1,99,MUV,Petrol,Jaipur,2.06
20.66,2.21,54.3,2086,54.3,1,7,18,29.9,0.1,4.43,112.3,0,2,0,82,Hatchback,Diesel,Jaipur,2.9
70.97,0.67,54.7,2262,33.7,1,0,4,41.0,3.47,4.64,47.0,1,0,0,153,SUV,CNG,Jaipur,3.04
28.22,1.99,56.7,2157,48.7,0,9,7,27.6,0.44,0.36,204.7,0,2,1,93,MUV,Petrol,Ahmedabad,3.09
23.61,0.67,44.8,1712,17.8,1,24,25,40.4,-1.43,2.95,475.3,0,1,1,105,MUV,Petrol,Chennai,1.92
29.5,0.93,51.5,1804,31.2,1,2,19,39.3,2.94,1.53,204.7,0,2,2,181,SUV,CNG,Delhi,3.46
107.52,0.48,63.7,3331,41.8,0,0,9,34.7,3.53,4.21,381.7,0,0,0,126,MUV,Petrol,Chennai,3.25
46.88,0.89,56.6,2188,27.3,2,5,30,38.1,1.37,1.54,593.0,0,1,0,186,SUV,Petrol,Ahmedabad,4.1
114.6,1.84,69.6,3931,61.9,0,4,4,29.4,5.3,2.77,586.0,1,0,0,115,MUV,Petrol,Chennai,4.73
29.42,2.33,55.4,2077,62.9,0,9,15,27.5,-2.0,1.63,397.4,0,2,2,196,SUV,CNG,Mumbai,3.16
107.57,0.21,65.2,3054,36.4,0,3,8,32.2,3.64,4.37,709.7,1,0,0,131,MUV,Diesel,Ahmedabad,2.39
118.96,1.98,75.1,3739,70.7,0,1,5,31.6,2.34,3.92,370.0,0,0,0,82,Hatchback,Diesel,Mumbai,3.67
42.65,0.45,49.3,1757,26.4,2,28,20,33.7,1.02,0.21,605.9,1,1,0,190,SUV,Petrol,Delhi,3.1
29.67,2.43,58.8,2020,61.0,0,20,10,34.1,0.26,0.15,796.9,0,1,1,100,Sedan,Diesel,Delhi,2.91
90.21,0.86,61.2,2857,45.5,1,4,0,26.0,-0.58,2.88,638.1,1,0,1,141,Sedan,Diesel,Chennai,2.13
99.29,1.28,69.5,3230,51.8,0,4,6,18.1,2.31,3.05,783.3,1,0,0,198,SUV,Diesel,Delhi,3.28
36.81,0.13,49.0,1587,8.0,0,12,22,27.8,-2.8,0.47,296.2,1,1,0,158,SUV,Petrol,Jaipur,0.51
56.61,0.64,54.2,2384,27.0,2,22,34,19.6,-3.11,2.93,716.0,0,1,1,118,Sedan,Petrol,Pune,2.4
31.26,0.66,54.2,1715,29.0,1,29,33,19.9,0.85,2.99,794.1,1,1,2,143,Sedan,Diesel,Jaipur,2.61
21.16,0.27,48.9,1542,25.2,0,14,22,33.3,0.77,1.87,527.9,0,2,0,127,Sedan,Diesel,Mumbai,1.8
68.04,1.51,65.4,2571,48.0,0,1,9,26.0,3.75,3.14,622.1,0,0,2,99,Hatchback,Petrol,Bangalore,4.17
54.37,0.74,54.2,2225,29.9,2,15,21,20.2,-2.66,4.03,249.4,1,1,0,105,MUV,CNG,Bangalore,1.81
24.55,1.69,54.4,1652,46.3,0,21,13,23.3,4.45,1.46,494.1,0,1,0,199,SUV,Petrol,Bangalore,4.23
89.46,1.49,61.8,3079,54.9,0,4,6,23.6,-0.91,0.41,648.8,0,0,0,93,MUV,Diesel,Pune,1.97
42.02,1.56,60.4,2098,52.1,1,13,33,28.6,-0.11,3.32,497.5,1,1,1,156,SUV,CNG,Chennai,3.51
54.46,0.36,53.4,2089,36.7,1,22,38,31.6,0.02,3.25,150.8,0,1,1,100,Sedan,Diesel,Chennai,1.82
28.11,1.54,52.2,1408,42.8,1,28,11,27.6,-2.05,1.21,126.6,1,1,1,145,SUV,Diesel,Mumbai,2.19
86.32,2.42,68.2,3161,68.9,0,2,3,33.4,-0.12,1.59,114.6,0,0,0,120,Sedan,Petrol,Mumbai,3.59
16.4,1.56,49.2,1605,42.3,2,10,17,44.6,-2.24,2.64,221.5,1,2,1,110,MUV,Petrol,Delhi,3.03
104.94,1.33,66.7,3395,47.6,0,0,6,37.3,-2.64,1.0,682.4,0,0,1,98,Hatchback,Petrol,Mumbai,2.74
24.22,2.05,58.1,1761,48.9,2,24,33,25.9,-4.84,1.76,393.8,0,1,0,129,MUV,Petrol,Pune,2.97
43.09,2.0,61.4,2261,50.9,1,12,39,20.5,0.06,1.17,587.1,1,1,1,90,MUV,CNG,Lucknow,3.17
99.37,0.36,60.3,2987,36.8,0,3,3,38.1,1.28,0.39,380.9,1,0,2,97,Hatchback,Petrol,Jaipur,2.29
119.64,0.61,66.7,3513,36.2,0,2,7,26.0,2.55,3.25,545.5,0,0,1,135,Sedan,Petrol,Hyderabad,3.56
41.38,2.49,62.3,2312,71.2,2,12,17,18.8,-4.47,2.61,367.4,0,1,2,192,SUV,Petrol,Pune,4.04
40.63,0.95,52.0,2208,40.5,0,16,36,30.1,-4.28,1.85,49.3,0,1,2,195,SUV,Petrol,Hyderabad,2.05
45.33,1.89,61.4,2240,53.5,1,23,22,24.0,-3.14,3.9,106.3,0,1,0,80,Hatchback,CNG,Pune,2.22
45.98,0.97,53.6,1955,38.0,2,7,39,33.5,-3.34,2.35,211.7,0,1,0,125,MUV,Petrol,Mumbai,2.43
22.58,0.74,52.0,1377,30.4,2,9,7,28.9,-3.59,1.98,626.3,0,2,1,95,MUV,Diesel,Ahmedabad,1.54
51.57,1.44,55.5,2301,52.9,1,19,35,25.6,-2.68,3.36,799.7,1,1,0,143,SUV,Diesel,Bangalore,1.88
20.49,2.41,57.0,2213,72.0,1,4,22,28.2,-3.53,0.91,53.1,0,2,0,176,SUV,Petrol,Mumbai,3.58
21.19,2.34,56.1,2034,60.4,2,22,10,29.3,-3.64,4.36,628.6,0,1,1,154,SUV,Petrol,Mumbai,3.43
27.33,2.32,56.3,1964,60.7,0,7,9,31.6,0.74,3.91,693.6,0,2,0,163,SUV,Petrol,Bangalore,3.71
34.08,1.32,53.3,1621,33.5,1,2,22,37.3,-3.52,4.47,579.5,1,2,0,79,Hatchback,Petrol,Lucknow,1.7
51.32,2.09,64.1,2131,57.4,1,25,34,24.1,-4.04,2.53,717.5,0,1,0,92,Hatchback,Petrol,Pune,2.73
23.87,0.22,47.3,1299,11.9,0,13,17,28.7,-0.8,2.71,610.7,0,2,0,134,MUV,Petrol,Chennai,1.26
114.65,0.34,62.9,3375,33.7,0,3,7,36.1,2.87,3.93,235.0,0,0,0,166,SUV,CNG,Kolkata,3.29
36.98,1.23,52.7,1850,51.8,1,19,18,26.9,-4.37,0.83,263.1,1,1,1,115,Sedan,Petrol,Delhi,1.56
29.06,0.16,45.6,1548,15.3,2,12,10,20.7,7.18,0.86,222.7,0,1,2,181,SUV,Petrol,Bangalore,4.56
100.42,1.54,68.1,2887,54.0,1,0,0,29.9,-0.64,3.9,374.3,0,0,0,84,Hatchback,Petrol,Pune,3.22
48.88,2.47,60.9,2468,75.8,2,16,31,35.3,1.38,2.09,54.7,0,1,0,80,Hatchback,CNG,Mumbai,4.39
22.93,0.75,47.5,1326,22.1,1,2,14,31.7,-8.43,2.34,76.8,0,2,0,118,Sedan,CNG,Kolkata,0.3
105.49,0.28,64.0,3157,25.5,1,3,2,17.9,-5.42,2.21,349.1,0,0,0,160,SUV,Petrol,Lucknow,1.42
45.62,0.55,52.0,1875,26.3,1,25,27,33.1,2.9,3.0,208.9,0,1,0,179,SUV,Petrol,Delhi,3.41
51.07,2.04,57.5,2670,63.5,1,17,25,34.0,5.72,1.54,608.4,0,1,2,183,SUV,Petrol,Bangalore,5.86
26.07,0.31,49.3,1457,24.8,2,23,24,33.0,3.12,1.83,455.3,0,1,0,172,SUV,Petrol,Lucknow,3.62
58.75,2.07,68.4,2540,59.6,1,23,20,24.8,-0.55,1.11,573.9,1,1,0,108,Sedan,Petrol,Bangalore,3.56
116.08,1.81,69.8,3765,72.2,1,0,5,28.1,-4.88,1.21,510.3,0,0,0,199,SUV,Diesel,Chennai,2.77
56.18,2.06,61.4,2615,51.6,1,23,27,27.6,-1.54,2.02,51.3,1,1,0,130,MUV,Petrol,Chennai,2.96
104.73,0.16,61.5,2941,27.5,0,2,8,19.5,6.57,3.49,155.0,1,0,0,147,Sedan,Diesel,Jaipur,2.86
39.34,0.11,55.5,1809,18.5,1,21,25,30.4,-2.32,4.24,40.9,1,1,1,74,Hatchback,Petrol,Bangalore,1.22
62.39,2.49,67.0,2908,70.7,1,0,3,36.3,-1.0,4.43,576.4,0,0,0,180,SUV,CNG,Chennai,3.95
22.3,2.41,58.4,2107,56.1,0,8,23,37.3,0.22,3.68,88.0,0,2,0,125,MUV,Petrol,Chennai,3.87
59.72,2.16,69.5,2559,54.8,1,25,24,29.0,-3.41,3.75,426.5,0,1,1,162,SUV,Diesel,Mumbai,3.11
47.88,1.04,51.0,2026,36.2,1,26,19,29.9,-1.42,1.11,783.4,1,1,0,159,SUV,Petrol,Bangalore,2.12
63.95,1.12,59.1,2303,37.3,0,4,2,20.1,-2.51,2.93,263.7,0,0,2,73,Hatchback,Diesel,Bangalore,1.38
15.66,0.2,47.5,1139,22.1,0,9,22,18.8,-3.36,4.23,85.5,0,2,2,127,MUV,Diesel,Lucknow,0.97
27.93,0.3,42.4,1472,19.2,0,14,10,31.8,3.42,4.85,186.5,0,1,2,71,Hatchback,Petrol,Kolkata,2.36
36.07,0.7,52.6,1701,33.0,1,5,39,34.4,1.66,2.76,280.5,1,1,2,91,Hatchback,Petrol,Lucknow,2.98
24.66,0.92,45.7,1629,30.8,0,6,17,24.1,0.8,3.81,79.1,0,1,0,107,MUV,Diesel,Kolkata,1.92
26.63,2.28,55.4,2176,61.1,1,12,6,24.0,-2.19,4.39,235.3,0,2,0,71,Hatchback,CNG,Chennai,2.61
101.03,2.21,73.5,3610,71.1,0,4,8,31.8,-2.3,1.03,55.2,0,0,0,116,MUV,CNG,Jaipur,2.97
90.05,0.85,63.9,3119,37.8,1,1,3,30.7,-2.29,2.2,459.4,1,0,0,193,SUV,Petrol,Jaipur,2.47
12.34,0.26,44.6,1489,11.8,1,5,18,19.4,2.44,1.38,739.1,0,2,1,72,Hatchback,Petrol,Lucknow,2.38
47.52,0.5,57.3,1965,30.4,2,25,23,30.6,-5.89,2.26,237.6,0,1,0,146,SUV,Petrol,Jaipur,1.62
115.75,2.06,76.8,3844,64.4,0,1,8,24.1,2.63,0.41,335.2,0,0,0,116,Sedan,Petrol,Hyderabad,4.53
64.74,0.48,55.6,2187,26.0,1,2,1,36.6,-0.15,4.88,358.5,0,0,0,77,Hatchback,CNG,Mumbai,1.69
41.12,0.19,54.0,1931,21.6,2,28,19,32.6,-1.03,0.52,592.7,0,1,2,116,MUV,Petrol,Jaipur,2.6
39.6,0.87,54.9,1805,21.5,2,25,35,36.4,0.02,1.03,135.4,0,1,1,94,Hatchback,Diesel,Hyderabad,2.85
119.58,0.89,69.1,3441,50.8,0,1,8,32.5,2.7,3.0,97.1,0,0,0,77,Hatchback,Diesel,Bangalore,2.78
29.88,2.03,59.2,1867,51.6,2,12,11,31.2,-1.38,2.77,433.2,0,1,0,98,MUV,Diesel,Mumbai,3.0
98.69,1.48,63.1,3338,55.4,0,4,4,20.0,-0.95,0.89,587.4,0,0,0,128,MUV,Petrol,Jaipur,2.69
99.89,2.26,72.6,3559,75.2,1,1,5,15.6,-1.15,4.21,278.0,1,0,0,90,MUV,CNG,Jaipur,3.51
39.26,2.39,61.5,2342,69.1,2,11,23,23.2,-4.43,4.7,450.7,0,1,2,87,Hatchback,Diesel,Hyderabad,2.79
17.46,2.04,54.6,1894,46.6,0,6,15,20.0,-3.64,3.2,139.7,1,2,0,105,MUV,Diesel,Jaipur,1.64
21.54,1.93,57.0,1677,58.1,1,6,16,30.1,-2.75,1.03,62.1,1,1,1,88,Hatchback,Diesel,Pune,2.08
28.17,0.95,51.7,1761,31.1,0,12,18,34.1,3.9,4.39,380.4,0,2,0,135,Sedan,Diesel,Mumbai,2.73
37.47,0.46,49.3,1758,27.0,1,14,11,25.1,4.91,3.06,751.2,1,1,0,188,SUV,Petrol,Mumbai,3.29
33.16,1.3,52.4,1970,45.9,2,5,13,23.6,1.21,2.48,683.1,1,2,0,180,SUV,Petrol,Hyderabad,3.48
25.06,0.47,45.8,1560,18.5,0,3,8,37.0,2.51,2.22,48.9,0,2,0,153,SUV,Petrol,Ahmedabad,2.32
51.03,0.82,54.8,2287,22.3,0,24,13,31.4,1.91,2.76,391.0,0,1,0,154,SUV,Petrol,Mumbai,2.73
30.42,2.13,60.4,2218,55.7,0,7,19,35.2,-2.55,2.83,2.8,1,2,1,113,MUV,Petrol,Mumbai,2.68
52.65,1.95,63.8,2600,55.4,0,19,35,31.1,2.64,1.78,579.5,1,1,1,129,MUV,Petrol,Bangalore,3.84
55.15,2.35,62.4,2606,65.9,1,13,31,34.8,-2.42,3.26,603.0,1,1,0,70,Hatchback,Diesel,Delhi,2.68
38.21,1.59,62.8,1885,52.3,1,13,36,24.5,0.77,2.16,170.1,0,1,0,132,MUV,Petrol,Pune,3.72
43.63,0.67,51.0,1909,35.4,0,17,12,35.9,6.16,1.96,369.4,0,1,0,97,Hatchback,Diesel,Kolkata,2.89
30.88,1.25,56.6,1971,41.8,2,19,10,35.1,5.86,2.98,618.5,0,1,0,113,MUV,Diesel,Kolkata,4.25
30.91,0.87,53.8,1692,25.9,0,9,14,24.8,-0.08,3.76,694.6,0,2,0,102,MUV,Diesel,Pune,1.75
70.88,0.92,61.1,2488,39.4,1,0,7,41.1,-2.07,4.96,614.5,0,0,0,101,MUV,Diesel,Lucknow,1.77
60.14,1.47,60.8,2443,48.8,0,3,7,36.0,-3.68,4.76,167.0,1,0,1,130,Sedan,Petrol,Chennai,1.95
74.12,0.5,60.3,2424,35.4,1,1,2,31.3,2.04,0.53,719.5,0,0,2,132,Sedan,Petrol,Bangalore,3.21
27.57,1.97,55.5,1916,54.9,1,14,29,25.4,0.22,4.22,18.6,0,1,2,81,Hatchback,Petrol,Chennai,3.72
81.59,1.91,61.8,2924,66.2,0,0,3,33.0,3.5,0.26,197.2,0,0,0,175,SUV,Petrol,Kolkata,4.14
105.83,1.6,73.6,3558,59.1,1,3,2,22.0,3.26,3.4,21.3,1,0,1,187,SUV,Petrol,Bangalore,4.77
19.81,1.28,50.5,1538,41.0,0,8,23,36.7,-2.66,0.84,170.7,1,2,2,103,Sedan,Petrol,Mumbai,1.92
48.17,2.47,63.1,2632,76.8,0,20,21,22.2,0.09,1.64,681.8,1,1,1,85,Hatchback,Petrol,Hyderabad,3.43
40.91,2.27,58.8,2496,63.3,1,10,13,18.0,-3.46,2.17,647.7,1,1,2,157,SUV,Diesel,Pune,2.64
100.91,1.08,63.8,2977,58.6,0,2,4,37.8,2.33,1.59,460.7,1,0,0,145,Sedan,Petrol,Lucknow,3.25
90.12,0.9,64.0,3074,36.8,0,4,6,24.0,4.18,1.68,795.7,1,0,0,161,SUV,Diesel,Pune,2.93
95.84,1.66,67.7,3483,55.6,0,2,6,33.7,0.54,0.56,188.7,0,0,2,170,SUV,Petrol,Chennai,4.0
91.28,1.36,70.4,3149,43.6,2,2,2,38.3,0.62,2.66,567.8,0,0,0,93,MUV,Diesel,Jaipur,3.26
10.19,1.27,49.2,1336,40.4,1,6,16,21.1,-0.01,4.76,787.6,1,2,0,159,SUV,Diesel,Lucknow,2.37
18.55,0.56,47.9,1330,14.1,2,12,12,36.6,3.81,3.83,777.3,0,2,2,166,SUV,Petrol,Kolkata,4.5
25.27,1.15,55.8,1743,41.3,0,9,5,31.1,0.47,4.31,339.5,0,2,1,82,Hatchback,Petrol,Chennai,2.63
29.49,2.09,59.4,2287,61.9,2,17,34,23.2,-0.44,0.61,333.5,0,1,1,90,Hatchback,Diesel,Kolkata,3.43
28.56,1.47,51.8,1948,43.5,0,6,20,26.9,1.52,2.91,585.1,1,2,0,103,Sedan,Diesel,Kolkata,2.14
61.67,0.25,49.8,2384,22.1,2,3,2,23.7,-2.48,0.92,245.9,0,0,1,91,Hatchback,Diesel,Bangalore,1.14
73.46,0.54,60.1,2828,33.3,0,3,4,27.1,-0.93,4.59,179.1,1,0,1,97,Hatchback,CNG,Lucknow,1.27
22.0,1.47,51.9,1461,43.5,1,19,32,19.6,-1.77,1.72,298.5,0,1,1,163,SUV,Petrol,Delhi,3.17
96.9,0.85,64.9,2962,53.5,1,3,9,23.3,1.24,2.39,164.5,0,0,1,157,SUV,CNG,Lucknow,3.26
38.89,0.18,46.1,1655,31.1,1,15,31,38.3,2.63,3.42,157.1,0,1,1,132,MUV,Petrol,Jaipur,2.98
99.81,1.78,73.8,3190,65.3,0,2,3,18.4,2.55,3.67,446.2,1,0,1,150,SUV,Petrol,Jaipur,4.21
33.19,2.01,55.9,1812,65.0,0,7,11,27.3,-2.17,2.54,114.1,1,2,0,184,SUV,Diesel,Pune,2.11
42.31,1.29,50.4,2318,43.8,2,24,23,31.2,-1.83,3.06,695.1,1,1,0,161,SUV,Diesel,Hyderabad,2.38
56.49,0.62,48.9,2306,27.2,2,14,18,21.2,-0.47,1.99,635.0,0,1,1,148,SUV,Petrol,Jaipur,2.68
22.16,1.0,48.4,1532,38.8,0,14,5,33.5,2.97,1.64,561.8,0,2,0,80,Hatchback,Diesel,Mumbai,2.12
18.85,1.26,46.9,1640,44.4,0,14,16,15.8,2.72,2.87,705.3,1,2,1,93,Hatchback,Petrol,Lucknow,2.93
35.83,1.13,57.3,1941,39.2,1,16,11,38.5,5.81,4.75,157.9,0,1,1,127,MUV,CNG,Chennai,4.08
102.86,0.46,64.4,3084,38.9,0,0,7,29.3,-1.37,3.93,434.6,1,0,0,82,Hatchback,Petrol,Bangalore,1.39
34.62,1.91,60.5,2135,63.8,0,12,12,27.9,0.33,0.87,537.1,1,2,0,128,Sedan,Petrol,Kolkata,2.84
31.92,1.84,56.8,1848,51.4,0,18,29,43.2,1.83,1.76,773.6,1,1,1,181,SUV,Petrol,Ahmedabad,4.22
63.52,2.04,63.8,2460,57.4,0,2,3,24.3,2.74,1.87,47.9,1,0,1,105,MUV,Diesel,Bangalore,3.07
84.15,2.46,66.9,3308,76.6,0,0,2,24.1,1.46,0.3,732.4,1,0,1,104,Sedan,Petrol,Ahmedabad,3.82
62.4,2.25,63.4,2980,68.5,0,0,3,28.6,-0.16,3.67,320.5,0,0,0,90,MUV,Diesel,Kolkata,2.52
22.81,0.44,48.9,1520,23.0,2,27,12,26.5,1.26,2.91,273.2,1,1,2,103,MUV,Diesel,Ahmedabad,2.26
64.16,0.27,50.8,2186,27.5,1,0,1,39.6,-1.95,0.96,418.2,0,0,0,139,MUV,Petrol,Jaipur,1.73
23.1,2.18,55.4,2024,56.7,1,7,13,39.6,0.32,0.14,461.3,1,2,0,118,MUV,Diesel,Ahmedabad,3.15
24.31,0.71,49.7,1513,22.5,0,12,18,34.5,-0.79,4.39,221.1,0,1,2,149,SUV,Petrol,Jaipur,2.34
38.13,0.38,47.6,1907,17.0,1,12,25,17.2,-4.18,0.35,83.8,0,1,0,112,Sedan,Petrol,Jaipur,1.03
113.58,0.68,68.2,3305,38.8,0,1,7,33.7,0.71,1.92,1.7,0,0,0,142,SUV,Petrol,Mumbai,2.92
11.36,1.07,44.5,1367,36.2,0,14,9,38.8,-1.26,2.09,292.6,1,2,1,99,Hatchback,Petrol,Kolkata,1.73
25.72,0.32,52.5,1492,26.7,0,7,20,32.8,1.3,0.61,321.1,0,2,0,73,Hatchback,Diesel,Jaipur,1.56
103.64,0.33,63.7,3041,38.5,0,4,8,27.6,-2.43,1.02,95.9,1,0,0,105,MUV,CNG,Kolkata,1.09
47.08,1.47,53.5,1929,48.8,2,23,13,27.8,-2.1,1.43,63.9,1,1,0,191,SUV,Diesel,Chennai,2.52
50.89,0.18,50.0,2189,17.6,2,23,33,28.2,3.16,2.35,757.8,0,1,1,101,MUV,CNG,Ahmedabad,3.03
32.21,0.85,46.2,1761,32.5,0,7,14,23.3,0.23,2.58,746.8,1,1,0,80,Hatchback,CNG,Bangalore,1.33
55.98,2.41,68.2,2570,70.8,0,25,27,25.7,3.59,1.48,356.4,0,1,0,148,Sedan,Petrol,Delhi,4.89
27.5,0.63,51.3,1715,32.5,1,21,31,26.0,2.02,4.17,718.6,1,1,0,92,Hatchback,Petrol,Jaipur,2.34
22.96,2.37,61.3,1764,71.1,1,13,24,37.6,-2.68,4.42,290.5,1,2,0,81,Hatchback,Petrol,Hyderabad,3.11
96.7,0.95,64.1,3102,46.3,0,3,3,33.1,0.94,0.61,714.0,0,0,0,77,Hatchback,Petrol,Lucknow,2.65
37.59,1.11,52.1,1901,31.2,0,18,39,37.1,-0.39,4.87,74.7,0,1,0,144,Sedan,CNG,Ahmedabad,2.28
58.5,0.72,55.9,2216,30.9,0,5,17,20.8,1.56,0.42,394.5,1,1,0,112,MUV,Petrol,Ahmedabad,2.08
11.69,0.11,41.2,1142,14.9,0,10,12,37.6,-1.15,2.08,499.0,0,2,0,178,SUV,Diesel,Ahmedabad,1.31
28.79,0.98,48.8,1954,35.3,2,16,29,29.5,3.56,4.86,299.6,0,1,2,116,Sedan,Diesel,Mumbai,3.65
25.07,2.14,51.9,1933,53.2,2,19,37,22.5,2.21,4.34,601.0,0,1,2,130,Sedan,CNG,Bangalore,4.75
39.56,1.28,59.1,1980,46.1,1,11,37,29.6,2.45,1.7,14.7,0,1,2,134,MUV,Petrol,Chennai,4.05
32.32,0.7,50.8,1997,37.7,2,5,13,26.4,1.91,4.61,65.1,0,1,0,95,MUV,CNG,Kolkata,2.61
21.35,1.64,55.4,1758,49.0,1,18,37,31.7,3.66,2.95,345.7,1,1,0,126,MUV,Petrol,Chennai,4.25
29.19,1.53,56.7,1728,39.9,2,13,39,22.1,1.43,0.22,86.5,1,1,0,187,SUV,Diesel,Delhi,3.59
34.07,1.77,58.2,2151,37.7,1,4,12,29.2,0.08,3.24,13.1,0,2,0,148,Sedan,Petrol,Pune,3.37
28.87,2.42,58.2,2543,63.3,1,19,22,18.9,5.18,1.75,540.9,1,1,0,128,MUV,Diesel,Delhi,4.43
14.35,1.56,55.6,1786,36.8,2,8,13,24.7,-1.84,1.81,235.9,1,2,0,139,MUV,CNG,Delhi,2.66
69.13,1.71,68.2,2717,55.3,0,4,4,27.7,-3.3,1.83,657.6,1,0,0,144,Sedan,Diesel,Jaipur,1.65
35.37,1.39,53.1,1567,42.5,0,10,26,26.2,1.24,0.91,113.2,1,1,0,133,Sedan,Diesel,Jaipur,2.13
34.3,1.33,59.4,1905,47.2,2,7,20,28.2,0.72,2.89,267.4,0,1,0,163,SUV,Petrol,Pune,3.97
46.83,1.79,56.4,1994,53.9,1,11,36,35.3,3.59,1.15,156.9,0,1,0,164,SUV,Diesel,Mumbai,4.14
29.51,2.18,57.3,1951,61.1,0,12,22,29.6,-2.05,1.36,472.9,0,2,0,163,SUV,Diesel,Kolkata,2.91
27.5,1.88,53.3,1835,46.3,2,6,33,32.5,0.77,1.55,649.9,1,1,1,101,MUV,Diesel,Kolkata,3.28
27.15,0.12,47.8,1359,22.4,0,5,18,36.4,3.87,0.79,435.2,0,2,2,171,SUV,CNG,Mumbai,2.65
42.08,0.93,55.6,1911,32.0,2,25,33,27.1,0.29,4.78,266.1,1,1,1,102,Sedan,Petrol,Mumbai,3.04
26.29,1.31,56.0,1493,38.9,0,11,29,27.6,0.53,4.87,535.1,0,1,0,130,MUV,CNG,Bangalore,2.53
41.3,2.23,64.0,2371,56.6,2,24,37,35.5,-2.4,2.64,385.6,1,1,0,99,Hatchback,CNG,Kolkata,3.09
19.6,0.75,46.2,1466,25.1,1,8,13,36.6,0.78,2.88,569.4,0,2,0,184,SUV,Petrol,Jaipur,3.03
11.04,2.47,57.2,1690,68.1,0,9,22,23.1,-3.92,2.96,549.0,0,2,0,171,SUV,Diesel,Pune,2.51
83.08,0.92,64.6,2583,35.0,1,3,0,33.6,0.28,0.6,162.0,0,0,2,75,Hatchback,Diesel,Ahmedabad,2.36
62.59,1.79,67.8,2618,60.4,1,0,7,22.9,-1.08,2.93,80.0,1,0,0,73,Hatchback,Petrol,Bangalore,2.87
90.76,1.09,63.3,2876,48.3,0,2,3,26.0,-4.43,1.05,76.7,0,0,1,155,SUV,Diesel,Bangalore,1.44
35.54,1.28,55.1,1967,38.5,2,10,16,35.1,0.14,1.43,596.6,0,1,0,103,Sedan,Diesel,Mumbai,2.97
48.88,2.43,58.2,2904,65.0,2,9,23,16.9,0.15,0.46,452.1,0,1,1,95,Hatchback,Petrol,Jaipur,4.45
34.08,1.76,59.1,1825,49.8,0,12,16,42.2,-1.49,4.86,318.7,0,1,1,178,SUV,Diesel,Ahmedabad,2.73
32.92,0.44,55.0,1591,24.9,0,22,19,30.5,1.85,2.0,67.4,0,1,0,192,SUV,Diesel,Bangalore,2.47
20.27,0.9,42.9,1314,22.0,2,2,21,22.1,-4.64,2.28,584.7,0,2,2,91,MUV,Petrol,Hyderabad,1.48
35.84,1.81,57.8,2209,54.7,1,21,32,25.4,0.06,1.33,346.0,0,1,0,93,Hatchback,Diesel,Pune,2.78
24.65,2.28,58.1,2056,58.2,1,28,21,17.7,-3.44,1.55,785.1,0,1,1,78,Hatchback,Petrol,Jaipur,3.06
54.96,1.5,62.1,2037,38.7,2,29,22,23.7,-1.78,0.31,538.5,0,1,2,110,Sedan,Diesel,Bangalore,2.99
90.17,1.93,65.5,3020,57.5,0,2,4,24.6,-1.25,3.06,362.9,0,0,2,110,MUV,Petrol,Kolkata,3.34
25.69,1.54,56.5,1510,52.4,1,6,6,38.9,2.8,2.47,633.4,0,2,0,103,MUV,Diesel,Chennai,3.32
102.85,0.3,64.4,2902,28.5,1,1,8,33.8,-5.35,1.81,672.6,0,0,0,110,Sedan,CNG,Mumbai,1.31
63.5,1.43,62.0,2590,43.1,0,4,0,35.5,1.59,4.31,348.6,0,0,1,93,Hatchback,Petrol,Delhi,2.92
27.75,1.89,53.4,1944,46.9,0,9,8,20.7,4.72,3.53,206.4,0,2,0,150,SUV,CNG,Lucknow,3.74
11.36,0.43,37.5,1270,26.6,0,12,15,44.1,3.99,3.46,494.8,1,2,1,82,Hatchback,Petrol,Delhi,2.51
23.54,1.83,55.7,1920,47.6,1,4,22,32.9,-3.05,2.43,588.0,0,2,1,175,SUV,Diesel,Mumbai,2.88
101.44,0.65,60.4,2948,39.5,1,0,5,41.2,2.11,0.2,403.7,0,0,0,166,SUV,Diesel,Lucknow,3.23
32.4,1.63,55.1,1693,43.7,2,5,32,34.7,0.31,0.97,245.3,1,1,1,113,Sedan,Diesel,Pune,3.56
41.68,0.58,55.9,1706,32.1,0,21,10,29.5,1.39,4.83,712.9,0,1,0,95,Hatchback,Petrol,Pune,1.67
57.75,1.3,57.4,2419,43.1,1,14,20,26.3,0.87,2.01,629.0,0,1,2,161,SUV,Diesel,Mumbai,3.03
26.69,0.2,44.5,1369,21.7,1,13,38,32.5,-0.02,3.13,232.8,1,1,0,87,Hatchback,Diesel,Delhi,1.19
16.11,1.13,50.1,1432,37.2,0,7,18,32.2,-5.84,1.71,340.2,1,2,1,171,SUV,Petrol,Mumbai,1.41
102.83,1.61,69.9,3387,65.3,0,3,2,30.9,-3.59,1.07,170.0,0,0,2,179,SUV,Diesel,Bangalore,2.72
33.8,2.23,62.8,2383,52.3,0,11,30,39.5,-5.99,4.0,648.7,1,1,0,93,Hatchback,Diesel,Ahmedabad,1.84
25.73,2.42,58.6,2242,58.9,1,8,10,19.7,-1.47,4.83,217.0,1,1,0,148,Sedan,Diesel,Pune,2.89
31.38,1.34,51.4,1863,44.2,2,27,11,34.1,3.2,2.4,328.7,0,1,1,153,SUV,Diesel,Chennai,3.77
47.47,1.98,52.8,2470,65.6,0,25,39,35.9,-0.48,4.32,762.6,1,1,2,136,Sedan,CNG,Kolkata,3.32
14.78,0.35,39.8,1020,20.7,0,3,8,43.8,0.54,3.78,465.2,0,2,0,162,SUV,Petrol,Jaipur,1.82
35.13,0.44,56.6,1832,23.6,2,19,29,19.3,0.35,3.63,749.7,1,1,0,104,Sedan,Diesel,Jaipur,2.39
72.86,1.2,64.8,2596,63.7,1,1,2,17.2,-0.56,2.71,193.3,1,0,0,150,SUV,Petrol,Lucknow,2.81
98.97,1.23,65.4,3104,52.2,2,4,9,31.1,-0.42,3.59,124.6,0,0,1,106,Sedan,CNG,Chennai,3.46
32.75,0.11,47.3,1459,18.3,2,25,16,32.7,-2.44,1.64,383.1,0,1,2,173,SUV,CNG,Bangalore,1.97
27.1,0.86,51.0,1551,42.8,0,18,19,32.3,5.21,4.81,724.6,0,1,2,104,MUV,Petrol,Chennai,3.73
75.51,1.55,65.7,2589,57.4,0,2,5,39.4,5.8,0.56,387.1,1,0,0,110,MUV,Diesel,Kolkata,3.52
37.07,1.51,52.4,2142,48.6,1,24,35,33.0,-1.22,1.8,84.3,0,1,0,71,Hatchback,Petrol,Jaipur,2.6
38.74,1.1,55.6,1712,44.8,1,29,27,21.9,7.81,0.67,391.9,1,1,1,147,SUV,Petrol,Bangalore,4.95
20.83,1.63,52.8,1848,48.5,0,4,24,28.3,1.23,4.99,332.1,1,2,0,107,Sedan,Petrol,Chennai,2.73
88.74,2.01,67.1,3158,68.1,0,4,7,32.6,-2.63,4.71,93.7,0,0,0,125,MUV,Petrol,Chennai,2.99
33.61,2.43,54.3,2291,69.5,0,4,16,44.8,2.48,2.63,745.7,1,2,0,97,Hatchback,Petrol,Delhi,3.74
58.72,0.64,64.0,2204,30.3,1,22,32,18.9,-0.45,0.62,686.8,0,1,2,95,Hatchback,Diesel,Pune,2.51
47.03,0.17,52.9,1851,17.1,1,24,33,20.0,-4.36,2.46,305.2,0,1,0,73,Hatchback,Petrol,Pune,0.63
83.22,1.68,68.1,2950,57.4,0,4,7,40.1,-0.05,1.45,357.7,0,0,0,73,Hatchback,CNG,Ahmedabad,2.75
72.68,1.84,66.4,2896,54.5,0,0,1,24.8,-0.97,1.89,194.8,0,0,1,138,MUV,Diesel,Delhi,2.79
65.46,2.12,67.8,2868,68.1,1,1,9,30.2,-0.75,3.9,246.8,1,0,0,82,Hatchback,Petrol,Lucknow,3.12
100.48,0.96,66.1,3293,47.7,1,2,1,35.7,-4.06,0.87,646.3,0,0,1,171,SUV,Petrol,Ahmedabad,2.78
39.04,1.65,56.3,2011,50.8,2,14,20,28.3,5.2,1.67,21.0,1,1,1,92,MUV,Petrol,Chennai,4.77
48.06,1.39,58.1,2498,46.9,1,25,38,36.4,8.78,3.84,113.1,0,1,1,140,SUV,CNG,Lucknow,5.32
18.03,2.04,54.1,1822,55.5,0,6,11,26.0,4.34,2.94,386.3,0,2,1,73,Hatchback,Petrol,Kolkata,3.98
34.85,2.48,57.7,2305,66.7,0,6,22,32.4,-1.01,2.29,175.1,0,1,1,125,Sedan,Diesel,Pune,2.96
24.16,0.54,39.9,1481,18.7,0,11,22,28.7,-0.82,1.35,394.2,0,2,0,134,Sedan,Petrol,Pune,1.36
24.06,1.31,49.9,1719,41.2,1,10,20,23.4,0.69,4.37,747.2,0,1,0,113,MUV,CNG,Ahmedabad,2.52
19.15,0.89,51.7,1199,29.6,1,9,7,36.8,-3.86,0.43,286.7,0,2,1,133,Sedan,Petrol,Mumbai,1.94
27.15,0.67,54.2,1286,15.6,2,15,30,25.9,0.71,3.51,387.6,0,1,0,78,Hatchback,Diesel,Mumbai,2.26
54.8,1.92,62.5,2251,53.5,2,26,35,37.6,-3.94,3.92,490.8,0,1,1,74,Hatchback,Petrol,Mumbai,3.34
19.48,0.49,46.1,1250,23.6,1,9,5,39.5,1.23,0.82,270.7,0,2,1,100,MUV,CNG,Chennai,2.16
20.86,2.27,55.6,1897,61.7,1,24,23,27.5,-8.74,1.89,417.8,0,1,0,117,MUV,Diesel,Mumbai,1.35
31.87,1.13,49.8,1875,34.9,0,20,28,40.6,-0.85,4.77,145.1,1,1,0,102,Sedan,Petrol,Delhi,2.02
28.22,0.38,46.0,1471,22.5,0,7,17,28.1,2.2,2.23,389.7,0,1,2,102,Sedan,Diesel,Bangalore,1.77
26.57,0.39,47.9,1372,21.4,1,14,18,32.4,-0.82,4.97,344.5,0,2,0,133,MUV,Petrol,Bangalore,1.74
16.24,2.04,58.9,1822,53.4,0,10,16,41.1,2.78,4.76,98.0,1,2,0,99,Hatchback,Diesel,Delhi,3.16
115.41,0.71,66.3,3278,39.7,0,4,1,31.6,4.5,0.23,152.4,0,0,0,123,MUV,Diesel,Ahmedabad,3.18
107.06,1.84,67.0,3498,65.3,0,1,6,31.9,5.34,0.65,50.2,1,0,2,92,MUV,Diesel,Delhi,3.81
31.65,2.32,58.2,2156,59.8,0,5,9,31.0,-3.57,3.07,676.7,0,2,1,175,SUV,Petrol,Ahmedabad,3.09
32.24,1.19,55.7,1710,36.3,1,29,29,40.8,3.73,4.24,498.9,0,1,1,124,MUV,Petrol,Lucknow,4.23
31.2,2.28,61.2,1890,64.8,1,19,21,37.7,0.92,0.24,125.0,0,1,0,197,SUV,Petrol,Hyderabad,4.66
84.61,1.62,68.5,3180,58.5,0,3,9,22.6,-2.71,1.99,687.8,0,0,0,94,MUV,Petrol,Hyderabad,2.03
18.73,2.34,55.8,2339,56.2,0,6,9,23.1,1.82,4.95,231.3,1,2,2,70,Hatchback,CNG,Bangalore,3.32
20.06,2.29,53.4,2233,60.7,0,2,8,25.5,-2.56,3.9,424.9,0,2,2,140,Sedan,Diesel,Pune,2.45
42.91,2.2,58.0,2870,72.1,2,20,39,18.9,-1.17,3.22,400.4,0,1,0,77,Hatchback,Petrol,Jaipur,3.68
59.64,1.4,65.9,2421,48.6,1,26,16,42.0,-4.74,3.32,182.5,1,1,1,123,MUV,Petrol,Ahmedabad,2.48
31.3,0.14,48.1,1600,14.6,2,14,35,21.9,-3.67,3.28,23.4,0,1,0,73,Hatchback,CNG,Pune,1.13
84.25,0.53,60.2,2662,26.1,0,1,6,26.9,-1.59,4.01,175.3,1,0,0,121,Sedan,CNG,Mumbai,1.21
15.14,0.27,46.6,1353,23.1,0,7,9,31.2,-4.09,4.44,504.6,1,2,0,96,MUV,Petrol,Delhi,0.3
49.06,1.62,62.2,2485,42.7,1,10,18,31.7,-1.05,4.04,603.3,0,1,1,156,SUV,Diesel,Hyderabad,2.93
27.24,2.35,55.3,1900,62.4,1,20,33,43.2,-2.74,3.47,451.1,0,1,0,82,Hatchback,Petrol,Lucknow,3.21
36.3,1.02,48.8,1756,37.9,0,17,16,43.2,3.01,4.5,162.3,0,1,0,74,Hatchback,Diesel,Jaipur,2.38
47.4,1.9,57.4,2526,47.5,1,27,14,28.3,-0.61,0.74,704.7,0,1,0,71,Hatchback,Petrol,Bangalore,2.84
79.94,1.94,65.0,2987,70.0,2,3,9,29.3,-1.47,0.55,147.5,0,0,1,169,SUV,Petrol,Lucknow,4.06
23.77,1.47,52.5,2008,45.9,1,25,14,27.5,0.6,4.74,373.5,1,1,1,127,Sedan,Diesel,Jaipur,2.46
11.74,0.77,43.7,1282,28.4,0,14,13,42.0,-2.9,1.64,360.2,0,2,0,168,SUV,Petrol,Ahmedabad,1.95
74.22,1.84,69.0,3037,58.7,1,2,9,23.5,1.82,0.28,480.1,1,0,0,131,MUV,Diesel,Lucknow,3.25
19.86,0.37,47.1,1150,29.8,0,2,9,27.5,-0.18,1.78,32.7,0,2,0,188,SUV,Diesel,Chennai,1.7
51.87,0.92,53.4,2282,40.7,1,29,28,40.9,-5.08,3.07,718.7,0,1,1,133,Sedan,Petrol,Delhi,1.95
46.71,2.08,59.4,2117,47.9,0,27,25,33.5,-0.85,0.84,563.4,0,1,0,104,MUV,Petrol,Pune,3.11
36.83,2.44,56.8,2404,55.4,1,17,34,33.5,-2.09,2.69,405.5,0,1,0,159,SUV,Diesel,Kolkata,3.3
45.45,0.72,55.5,2317,23.8,2,18,37,31.7,-7.84,3.0,317.6,0,1,0,137,Sedan,CNG,Mumbai,1.0
15.14,1.73,49.6,1783,46.3,0,10,7,25.2,-0.19,3.05,607.2,1,2,1,93,Hatchback,Diesel,Chennai,1.9
14.25,0.31,40.5,1507,11.6,0,6,17,25.5,-0.14,0.51,353.9,1,2,0,108,Sedan,Petrol,Pune,1.04
96.45,1.98,70.2,3494,62.9,1,0,0,27.5,-0.7,1.97,500.7,1,0,0,159,SUV,Petrol,Mumbai,3.67
12.89,0.88,43.5,1422,29.2,0,14,24,38.0,0.82,2.71,456.9,1,2,0,83,Hatchback,Diesel,Kolkata,1.67
13.04,1.49,47.3,1748,43.7,2,14,19,34.7,-1.01,3.61,230.9,0,2,1,187,SUV,Petrol,Ahmedabad,3.68
100.75,2.43,76.0,3314,70.4,0,0,2,42.2,0.33,1.33,397.8,0,0,0,90,MUV,Petrol,Delhi,4.4
19.75,0.71,44.8,1638,18.4,0,10,19,24.2,0.28,3.89,545.8,0,2,0,91,Hatchback,Diesel,Jaipur,1.47
23.71,1.9,51.0,1773,50.0,0,2,24,23.7,2.93,1.7,338.9,0,2,0,96,MUV,CNG,Ahmedabad,2.97
21.26,0.99,47.5,1606,40.8,1,3,20,44.5,1.71,0.37,218.6,1,2,1,81,Hatchback,Diesel,Jaipur,2.79
43.81,1.01,54.3,2040,28.2,0,29,14,33.6,-1.04,0.1,210.3,1,1,1,179,SUV,Petrol,Chennai,2.32
19.52,0.22,45.8,1426,17.1,0,13,23,26.1,6.27,3.89,374.2,0,2,2,138,MUV,Petrol,Mumbai,3.32
50.03,0.53,57.8,1829,27.9,0,10,33,35.2,-5.01,2.72,510.2,0,1,0,144,SUV,Petrol,Pune,1.02
47.95,0.24,50.9,1942,23.7,1,16,19,23.0,1.22,3.71,375.4,1,1,0,103,Sedan,Petrol,Jaipur,2.01
102.86,2.23,71.5,3674,69.3,0,3,4,30.4,1.44,3.74,123.6,0,0,0,93,MUV,Diesel,Bangalore,3.41
114.94,0.14,58.3,3370,40.7,1,2,0,25.5,4.26,2.36,742.7,0,0,2,184,SUV,Petrol,Jaipur,3.86
25.79,2.3,56.0,1974,50.1,0,16,29,24.4,0.38,1.75,647.7,0,1,1,117,Sedan,Petrol,Bangalore,3.44
21.63,1.49,52.2,1932,49.9,0,14,17,35.4,0.08,1.44,296.2,1,2,0,133,Sedan,Diesel,Jaipur,2.06
69.92,1.45,60.7,2788,53.6,1,3,4,31.0,0.6,0.94,154.6,0,0,1,105,MUV,Petrol,Bangalore,3.17
15.17,1.73,50.1,1667,55.2,0,5,5,30.7,3.15,0.97,739.9,0,2,0,173,SUV,Diesel,Hyderabad,3.36
43.03,1.99,62.2,2295,49.6,2,26,29,20.5,-0.49,4.5,367.6,1,1,0,141,SUV,CNG,Lucknow,3.83
28.28,0.5,52.4,1352,29.0,0,5,8,34.3,-0.89,1.98,17.5,1,2,1,191,SUV,Petrol,Mumbai,2.0
93.85,1.39,70.9,2979,54.2,0,0,1,44.0,3.31,3.59,627.7,0,0,0,164,SUV,Petrol,Jaipur,4.56
115.36,0.76,63.7,3383,40.4,0,1,7,25.7,0.87,0.37,459.0,1,0,0,136,MUV,Diesel,Chennai,2.34
59.96,0.59,58.2,2266,32.0,1,19,14,30.8,-1.18,4.59,720.2,0,1,0,118,Sedan,Petrol,Bangalore,2.0
118.28,0.93,64.0,3201,47.0,0,1,8,32.0,-5.21,0.61,40.1,0,0,2,133,Sedan,Diesel,Lucknow,2.03
25.75,1.11,50.1,1806,34.7,1,2,12,36.0,1.14,1.73,642.8,0,2,1,125,MUV,Petrol,Chennai,3.19
10.84,0.19,43.0,1328,28.2,1,5,8,30.1,-0.26,2.57,229.3,0,2,2,124,Sedan,Petrol,Bangalore,1.99
33.48,1.95,54.7,2023,53.4,0,17,26,30.7,-6.64,2.64,19.7,1,1,0,91,MUV,Petrol,Mumbai,1.29
98.26,2.33,76.0,3739,77.8,0,3,0,23.5,-1.08,0.75,64.0,0,0,2,144,SUV,Petrol,Bangalore,3.8
51.69,2.01,61.2,2557,57.5,1,23,22,40.1,-2.12,0.75,97.3,1,1,0,146,Sedan,CNG,Delhi,3.06
33.29,0.7,52.5,1835,25.6,1,13,30,27.8,2.92,3.67,98.8,0,1,1,133,Sedan,Petrol,Hyderabad,3.29
113.55,0.99,64.6,3740,51.0,0,3,3,29.7,-4.23,3.63,173.6,0,0,0,102,MUV,Petrol,Pune,1.62
86.92,0.65,62.0,2627,37.6,0,4,8,37.6,2.36,4.91,162.6,0,0,0,133,MUV,Petrol,Chennai,3.02
38.16,1.1,51.1,2003,37.7,0,14,26,33.8,-2.73,4.94,634.6,1,1,0,72,Hatchback,Petrol,Kolkata,1.1
13.91,1.74,50.7,1657,53.7,0,7,23,24.6,-5.28,1.49,370.7,0,2,0,119,MUV,Petrol,Chennai,1.66
67.45,1.62,59.3,2503,48.7,1,3,6,26.7,-0.14,0.49,285.8,0,0,0,149,Sedan,Petrol,Bangalore,3.1
71.29,0.95,61.8,2593,46.9,1,3,2,29.3,-0.31,2.0,719.9,0,0,0,87,Hatchback,Diesel,Mumbai,1.92
38.78,1.99,58.4,2092,57.2,1,22,13,16.3,3.33,4.0,714.2,0,1,1,77,Hatchback,Diesel,Lucknow,3.67
25.85,0.37,45.0,1652,17.2,1,8,18,21.0,-0.52,2.77,472.1,0,2,0,105,MUV,Petrol,Pune,1.64
107.46,0.71,61.5,3359,35.1,1,4,1,40.8,-6.77,1.1,49.3,0,0,0,169,SUV,Petrol,Ahmedabad,1.66
43.44,1.08,56.5,2048,42.5,1,24,35,27.4,2.46,4.82,712.3,1,1,0,96,MUV,Petrol,Pune,3.08
74.55,2.38,62.7,3142,61.9,1,4,8,29.7,-2.92,4.66,757.1,0,0,2,115,MUV,Petrol,Chennai,3.6
50.95,0.78,54.5,2343,29.2,2,22,27,26.6,-1.6,3.26,278.0,1,1,0,97,MUV,Petrol,Jaipur,1.87
22.19,1.76,56.7,1811,50.5,1,13,13,28.5,-0.85,2.65,497.1,1,2,2,133,Sedan,Petrol,Mumbai,3.24
56.67,1.4,60.3,2214,51.0,0,11,37,31.7,0.57,0.68,168.4,0,1,0,145,Sedan,Diesel,Ahmedabad,2.46
28.39,0.35,47.0,1533,32.4,1,4,21,34.9,-1.85,0.34,29.2,0,2,2,71,Hatchback,Diesel,Pune,1.39
98.89,1.9,71.7,3456,62.7,0,3,4,31.4,1.66,0.45,96.2,0,0,2,115,Sedan,Petrol,Bangalore,4.05
25.15,1.15,52.5,1498,43.3,1,7,33,23.5,-4.95,2.06,331.0,0,1,0,158,SUV,Petrol,Lucknow,1.98
95.43,1.8,67.8,3033,58.3,0,0,1,32.7,-2.72,3.78,543.4,1,0,0,125,MUV,Petrol,Hyderabad,2.63
26.15,0.15,47.4,1292,19.5,2,11,10,23.3,0.01,2.22,599.2,1,1,0,182,SUV,Petrol,Bangalore,2.0
54.07,0.11,53.7,2189,18.5,2,7,36,23.5,-1.63,2.01,601.6,1,1,0,126,Sedan,Petrol,Hyderabad,1.78
96.1,1.93,70.5,3622,63.7,0,1,9,24.9,1.85,3.31,460.2,1,0,0,101,Sedan,CNG,Lucknow,3.3
33.91,0.29,52.2,1488,14.6,0,19,16,40.0,-6.12,4.71,760.7,0,1,2,121,MUV,CNG,Chennai,0.48
38.05,0.14,50.3,1555,22.2,1,25,10,21.8,-0.85,3.72,168.0,1,1,2,169,SUV,Petrol,Lucknow,1.98
82.65,1.87,67.7,3085,55.9,1,4,9,34.0,1.43,1.0,381.1,0,0,1,78,Hatchback,Petrol,Hyderabad,4.15
46.75,2.45,62.0,2706,69.2,2,25,11,21.5,3.77,4.25,317.9,0,1,0,90,MUV,Diesel,Ahmedabad,4.4
39.51,0.59,53.0,1834,27.6,1,21,24,37.0,-1.31,3.97,81.6,0,1,0,91,Hatchback,Petrol,Mumbai,1.89
42.31,1.0,54.2,1845,29.6,2,24,16,25.6,-3.07,2.35,633.9,0,1,0,147,Sedan,Petrol,Bangalore,2.25
39.36,0.59,52.0,1817,19.8,1,29,27,24.9,-4.78,0.3,607.5,0,1,0,167,SUV,Petrol,Chennai,1.24
23.99,1.94,63.5,1883,55.1,0,11,18,40.1,-2.98,3.73,501.0,1,2,0,78,Hatchback,Diesel,Lucknow,2.01
52.98,1.16,58.7,2142,31.4,0,13,12,26.1,-0.96,4.81,549.6,0,1,0,138,Sedan,Diesel,Mumbai,1.88
25.44,2.11,57.6,1817,64.3,1,11,36,36.0,3.1,3.58,691.2,0,1,1,165,SUV,Petrol,Hyderabad,5.15
38.3,1.81,56.3,2178,49.4,1,26,35,23.4,-4.14,0.69,161.2,0,1,1,168,SUV,Diesel,Bangalore,2.29
45.22,0.63,50.8,1965,30.5,0,27,37,20.5,-2.71,3.78,514.7,1,1,0,105,MUV,Petrol,Pune,1.12
52.61,1.59,64.4,2479,53.6,1,10,13,31.0,4.93,1.3,463.7,1,1,0,167,SUV,CNG,Mumbai,4.31
73.51,2.17,68.8,2825,66.2,0,3,7,24.7,-6.76,1.72,682.8,0,0,2,128,MUV,Diesel,Kolkata,1.62
41.91,1.36,55.5,2351,38.0,1,18,29,20.9,1.32,1.54,243.0,0,1,2,107,MUV,Petrol,Ahmedabad,3.54
33.19,2.41,59.0,2059,67.5,2,17,18,25.2,0.68,3.19,691.4,0,1,0,142,Sedan,CNG,Jaipur,4.35
64.96,0.19,55.2,2350,29.2,0,0,8,22.3,-0.53,3.2,125.0,0,0,0,141,Sedan,Diesel,Lucknow,1.12
93.29,2.18,73.9,3472,74.5,1,3,4,31.1,1.18,4.68,602.7,1,0,0,154,SUV,Petrol,Lucknow,4.47
20.03,0.59,48.6,1278,24.7,1,6,9,24.3,2.9,1.94,70.0,0,2,0,114,MUV,Diesel,Hyderabad,2.2
117.41,1.41,66.6,3586,52.6,0,1,1,25.1,-1.48,4.96,436.8,0,0,1,107,Sedan,Petrol,Hyderabad,2.79
52.04,2.12,62.7,2365,61.8,1,12,28,31.1,-0.27,3.46,169.7,0,1,0,176,SUV,Petrol,Mumbai,4.11
29.61,1.73,57.5,1789,43.2,1,4,21,24.9,-2.24,2.86,496.3,0,2,1,101,MUV,Petrol,Delhi,2.82
43.61,0.11,47.8,1765,14.7,0,27,23,30.3,-0.79,2.13,105.7,0,1,0,117,Sedan,Petrol,Kolkata,1.3
100.4,1.44,67.8,3182,63.9,0,2,8,22.3,0.39,2.34,497.1,0,0,1,79,Hatchback,Petrol,Ahmedabad,3.07
97.79,0.41,57.4,2671,27.3,1,3,5,24.1,-2.33,4.3,221.9,1,0,0,155,SUV,Petrol,Bangalore,1.78
34.13,1.64,54.0,1761,41.0,2,18,38,38.3,0.19,1.23,633.5,0,1,1,102,Sedan,Petrol,Lucknow,4.27
33.04,0.78,47.2,1818,28.6,0,29,29,23.7,-2.25,2.64,409.1,1,1,0,142,SUV,CNG,Hyderabad,1.14
10.52,2.31,54.2,1639,59.1,0,13,13,25.1,2.47,2.36,18.4,1,2,0,157,SUV,Petrol,Ahmedabad,3.99
25.08,1.27,52.8,1878,44.3,1,23,29,40.0,-2.91,1.54,478.4,1,1,2,91,Hatchback,Petrol,Ahmedabad,2.32
53.59,1.88,58.1,2560,54.1,2,8,16,39.6,-0.45,3.81,513.0,1,1,0,160,SUV,Petrol,Delhi,3.82
98.5,1.95,71.1,3113,67.4,0,1,0,36.4,1.97,4.53,678.9,1,0,2,95,MUV,Petrol,Hyderabad,3.99
10.67,1.07,45.4,1216,43.8,1,2,24,39.4,0.27,0.74,240.2,1,2,1,141,SUV,Petrol,Kolkata,3.05
102.6,0.98,60.8,3298,43.9,1,0,5,28.8,-2.05,1.73,147.7,0,0,0,124,Sedan,Petrol,Delhi,2.31
39.98,1.11,54.9,2200,33.0,1,21,13,39.4,3.43,1.36,507.2,0,1,0,135,Sedan,Petrol,Kolkata,3.53
112.29,1.73,69.2,3475,57.7,0,3,7,27.1,-1.78,3.19,180.7,1,0,1,145,Sedan,CNG,Mumbai,3.09
61.52,1.1,57.6,2214,33.5,0,1,9,27.0,0.09,2.68,513.7,0,0,0,97,Hatchback,Petrol,Mumbai,2.19
33.82,0.78,51.1,1783,28.6,2,28,27,31.7,-1.65,2.69,633.1,0,1,0,110,MUV,Petrol,Chennai,2.42
117.84,1.02,69.6,3411,49.5,0,2,4,23.1,2.05,3.34,565.7,0,0,1,126,MUV,CNG,Bangalore,3.39
27.64,1.97,55.1,1957,43.3,1,2,17,20.3,-8.17,3.44,648.9,1,2,0,90,Hatchback,CNG,Bangalore,0.89
53.97,0.2,53.2,2423,19.9,2,6,39,32.1,1.19,1.22,753.6,1,1,0,145,SUV,Diesel,Kolkata,2.34
66.75,0.18,51.5,2331,19.0,0,1,6,40.6,2.72,3.96,80.6,0,0,0,92,MUV,Diesel,Delhi,1.75
86.86,0.49,51.3,2735,30.8,2,4,3,31.1,-1.76,1.59,474.0,0,0,0,103,MUV,Petrol,Hyderabad,2.09
53.26,1.55,60.1,2630,50.7,2,26,12,37.4,-1.66,1.78,654.3,0,1,0,100,Sedan,Petrol,Kolkata,3.23
31.79,1.74,54.4,1884,56.4,0,11,21,28.5,-1.83,1.55,312.6,1,2,2,192,SUV,Diesel,Chennai,2.57
28.9,1.28,51.8,1677,45.2,0,2,12,20.4,-5.16,3.97,260.7,1,2,0,94,MUV,CNG,Delhi,0.8
33.4,1.0,52.9,1777,36.2,1,15,35,24.4,-2.9,4.85,16.4,0,1,0,135,Sedan,Diesel,Kolkata,1.77
81.43,1.16,67.8,2935,50.7,2,4,3,26.9,-2.37,0.32,301.9,1,0,0,108,MUV,CNG,Hyderabad,2.08
46.05,1.0,50.8,1964,36.6,2,28,10,27.9,3.26,1.28,227.6,1,1,0,84,Hatchback,Diesel,Mumbai,2.63
23.68,0.57,47.4,1388,21.0,2,28,32,31.4,-2.22,1.52,342.5,0,1,0,176,SUV,Diesel,Bangalore,2.11
98.88,0.75,67.6,3023,47.1,0,4,1,16.2,2.93,0.69,199.0,0,0,1,124,Sedan,Petrol,Lucknow,3.35
33.97,0.16,47.4,1598,16.9,0,10,5,20.0,2.26,4.58,295.0,0,2,2,91,Hatchback,Petrol,Delhi,1.87
40.5,0.6,53.3,1585,35.8,2,18,13,35.0,0.87,0.97,652.9,0,1,0,100,Sedan,Petrol,Mumbai,2.89
22.11,0.22,40.0,1397,25.1,1,21,31,35.2,-2.75,0.15,348.1,1,1,2,135,Sedan,CNG,Ahmedabad,1.28
13.33,1.8,52.2,1456,41.3,1,14,14,28.2,2.32,2.43,746.2,1,2,0,117,MUV,Diesel,Lucknow,3.02
45.86,1.79,55.1,2345,53.8,0,28,27,29.5,4.57,3.46,25.1,1,1,0,92,MUV,Diesel,Chennai,3.1
15.5,1.78,50.5,1643,59.7,0,10,19,40.2,4.03,2.45,287.9,1,2,2,132,Sedan,Diesel,Jaipur,3.63
30.07,0.68,52.5,1696,30.3,0,16,34,17.6,1.15,3.89,322.0,0,1,1,92,Hatchback,Diesel,Jaipur,2.09
44.67,1.38,54.0,2334,39.7,0,27,13,26.6,1.36,2.95,12.2,0,1,0,80,Hatchback,Petrol,Delhi,2.53
21.48,2.27,59.3,1664,67.9,2,18,30,37.8,1.17,3.66,420.2,0,1,1,70,Hatchback,CNG,Chennai,4.45
99.17,0.12,63.9,2924,28.2,0,3,1,37.2,-3.83,0.31,680.5,0,0,2,130,Sedan,Petrol,Mumbai,1.16
24.7,2.06,56.6,1822,50.3,1,6,16,32.7,5.5,2.08,139.1,0,2,0,148,Sedan,Petrol,Ahmedabad,5.02
59.98,0.58,53.4,2257,27.3,1,29,11,24.4,0.13,2.01,512.1,0,1,1,97,MUV,Diesel,Pune,1.86
117.33,1.43,67.9,3826,64.3,1,4,3,30.9,2.29,3.82,728.8,0,0,0,125,Sedan,Petrol,Lucknow,4.36
49.55,2.3,55.1,2566,56.3,0,22,23,34.2,-4.27,2.56,775.3,0,1,0,84,Hatchback,Petrol,Ahmedabad,2.18
27.43,0.84,46.4,1516,30.9,1,19,38,30.5,-1.4,0.78,729.6,0,1,0,71,Hatchback,Diesel,Mumbai,1.59
38.5,1.75,54.0,1839,48.8,2,15,24,21.8,-0.55,0.37,609.1,1,1,0,92,Hatchback,Diesel,Delhi,2.66
11.67,0.57,39.8,1223,19.0,0,4,11,31.3,1.85,4.91,668.2,0,2,2,173,SUV,CNG,Kolkata,2.4
100.33,1.16,64.6,3476,58.4,1,2,0,36.2,-1.27,2.32,659.4,0,0,0,71,Hatchback,Petrol,Hyderabad,2.69
43.51,2.0,59.4,2339,50.3,0,26,18,24.6,0.9,3.75,459.1,0,1,2,149,Sedan,Petrol,Chennai,3.65
40.87,0.61,48.7,1963,33.0,0,21,25,27.5,5.3,1.33,489.7,0,1,1,124,Sedan,Petrol,Pune,3.4
84.88,0.59,61.6,3017,41.4,0,2,4,32.0,-4.08,1.68,675.8,1,0,1,102,MUV,CNG,Bangalore,0.89
77.08,0.78,57.6,2563,39.2,0,1,9,30.8,1.48,1.5,527.4,0,0,0,138,MUV,Diesel,Mumbai,2.2
31.87,1.62,50.2,2035,48.0,0,2,8,39.1,0.19,4.73,124.4,1,2,1,158,SUV,Petrol,Hyderabad,2.81
22.84,1.57,54.0,1570,43.8,1,4,20,26.3,2.44,0.47,429.2,0,2,0,178,SUV,Petrol,Ahmedabad,4.08
92.76,1.32,66.3,2918,56.6,1,3,0,37.3,0.53,0.69,271.3,0,0,0,153,SUV,Petrol,Hyderabad,3.64
47.72,2.11,64.2,2411,53.6,0,24,12,29.2,1.37,2.17,550.6,0,1,0,98,MUV,Petrol,Ahmedabad,3.49
65.03,0.41,55.9,2461,30.7,0,0,5,29.7,-4.99,0.2,8.0,0,0,1,96,Hatchback,Petrol,Kolkata,0.39
53.22,1.28,61.1,2504,44.5,1,24,18,32.1,-2.18,3.05,654.6,1,1,0,136,Sedan,Diesel,Ahmedabad,2.01
23.3,2.01,52.5,2039,61.0,1,13,22,30.7,1.77,2.56,68.1,0,2,2,198,SUV,Petrol,Mumbai,4.85
20.86,1.48,51.0,1633,49.8,0,13,24,35.0,-0.74,0.59,84.7,0,2,2,153,SUV,Petrol,Chennai,3.05
91.43,0.15,62.9,2793,34.2,0,4,5,23.1,0.38,3.47,293.0,0,0,1,96,Hatchback,Diesel,Kolkata,1.68
39.82,1.05,53.2,2090,47.2,2,21,19,22.4,1.73,2.52,130.6,1,1,0,122,Sedan,Petrol,Lucknow,3.06
116.13,0.27,68.4,3127,39.0,1,4,1,40.6,0.12,3.93,82.8,0,0,0,126,Sedan,Petrol,Lucknow,3.15
17.56,1.84,54.4,1731,41.9,1,5,13,32.7,0.27,0.56,126.9,1,2,0,102,MUV,Petrol,Lucknow,3.41
32.75,2.01,59.6,2127,58.8,2,21,36,31.8,3.58,4.4,479.5,0,1,0,162,SUV,Diesel,Ahmedabad,4.61
50.15,1.84,61.0,2177,51.4,1,16,37,28.4,0.92,3.27,223.1,0,1,0,95,MUV,Petrol,Pune,3.7
57.05,1.87,63.9,2365,56.4,1,9,33,18.5,-0.62,4.9,290.3,1,1,0,180,SUV,Petrol,Pune,3.8
21.45,0.22,46.2,998,20.6,1,28,27,34.8,8.03,1.61,312.5,0,1,0,88,Hatchback,Petrol,Jaipur,4.14
24.71,2.18,53.7,2174,54.7,0,7,22,18.6,-1.85,1.06,437.1,0,1,0,95,Hatchback,Petrol,Jaipur,2.75
37.33,0.71,54.3,1925,30.2,0,27,17,39.1,-2.81,2.87,623.9,1,1,0,113,Sedan,Petrol,Delhi,1.34
30.67,1.45,46.6,1983,39.1,1,20,24,30.4,0.08,4.24,582.2,1,1,0,122,Sedan,Petrol,Kolkata,2.63
24.08,0.47,46.2,1325,24.0,1,21,29,31.1,-1.4,0.16,208.6,0,1,0,88,Hatchback,Petrol,Mumbai,1.78
22.92,1.52,49.8,1721,51.5,0,2,13,32.1,-2.87,0.55,0.5,1,2,0,96,MUV,Diesel,Mumbai,1.16
41.0,1.51,61.2,2109,49.5,1,14,34,35.1,-1.08,2.95,671.0,0,1,1,127,MUV,Petrol,Lucknow,3.36
46.36,0.23,52.5,1670,24.8,1,23,23,35.0,-0.8,3.19,731.3,0,1,0,127,Sedan,Diesel,Hyderabad,1.71
15.08,0.38,47.0,1169,28.6,0,9,23,33.1,0.69,3.44,82.9,1,2,0,119,MUV,Petrol,Pune,1.89
106.0,0.93,62.0,3157,44.0,0,4,2,29.7,1.73,0.35,639.3,0,0,0,182,SUV,Diesel,Kolkata,2.51
35.86,1.34,47.7,1941,38.6,0,16,29,28.8,-2.31,3.06,35.3,0,1,0,165,SUV,Diesel,Chennai,1.94
23.35,1.29,50.6,1703,46.4,0,8,13,39.3,-0.3,3.69,83.5,0,1,1,171,SUV,Petrol,Delhi,2.84
39.95,2.48,61.8,2114,69.8,0,28,16,22.3,2.26,2.56,676.6,0,1,1,113,Sedan,CNG,Jaipur,3.8
119.72,0.36,73.2,3495,43.0,0,3,8,32.1,-2.54,4.18,573.4,1,0,0,74,Hatchback,Diesel,Ahmedabad,1.3
35.3,1.88,60.3,2326,53.6,1,10,39,44.3,4.47,4.08,74.0,1,1,0,116,Sedan,Petrol,Delhi,4.94
52.41,2.24,61.9,2724,58.8,2,28,11,29.3,4.6,1.47,161.3,0,1,2,75,Hatchback,Petrol,Delhi,5.42
32.49,1.68,53.1,2054,46.4,0,10,16,38.9,0.63,1.64,299.3,0,2,2,114,MUV,Diesel,Ahmedabad,2.69
47.35,1.64,54.7,2078,52.5,2,24,15,21.8,-0.98,3.87,682.6,0,1,0,123,Sedan,Petrol,Ahmedabad,3.09
26.36,0.13,47.8,1279,16.1,2,23,38,27.0,-0.55,0.31,354.1,0,1,0,96,Hatchback,Diesel,Lucknow,1.63
24.04,2.29,59.3,2051,59.6,1,6,19,30.5,-2.82,0.68,191.1,0,2,1,97,MUV,Petrol,Delhi,3.37
14.01,1.23,50.8,1395,43.5,2,12,16,21.6,-2.57,1.68,762.6,1,2,0,165,SUV,Diesel,Jaipur,2.28
100.32,2.34,68.5,3817,85.8,0,1,5,32.1,3.75,2.88,656.3,0,0,0,95,MUV,Petrol,Ahmedabad,4.62
15.75,1.82,52.8,1488,41.7,0,11,8,34.9,7.68,3.7,451.1,0,2,0,127,Sedan,Diesel,Mumbai,4.28
28.29,1.48,54.1,1652,45.9,0,9,23,27.6,3.93,0.59,483.0,1,2,0,183,SUV,Petrol,Bangalore,3.75
14.59,1.12,50.9,1296,34.8,0,9,7,33.9,4.47,2.49,183.0,1,2,1,136,Sedan,Petrol,Chennai,3.34
50.04,0.36,53.7,2079,27.8,2,8,35,30.3,-1.91,3.43,502.5,0,1,2,90,Hatchback,Petrol,Hyderabad,2.36
23.18,0.45,44.9,1317,29.4,2,18,20,20.2,-2.07,2.09,427.9,0,1,0,173,SUV,Diesel,Lucknow,1.92
49.05,0.3,48.9,2109,28.0,1,22,20,30.7,2.28,4.99,152.8,1,1,2,145,Sedan,Petrol,Delhi,2.71
30.03,0.57,50.2,1577,25.1,2,6,9,31.7,4.42,0.56,237.0,0,2,0,85,Hatchback,Petrol,Mumbai,3.57
28.88,1.86,60.1,1919,50.9,2,14,18,23.1,2.3,2.64,54.1,0,1,1,153,SUV,Petrol,Hyderabad,4.68
29.59,1.16,55.4,1780,36.9,0,8,23,20.0,0.95,2.22,118.4,0,2,0,90,Hatchback,Diesel,Lucknow,2.28
86.82,2.0,73.8,3242,62.0,0,2,7,34.5,-5.65,0.97,64.8,0,0,0,114,MUV,Diesel,Hyderabad,1.94
59.72,0.64,53.2,2416,35.1,2,28,39,26.4,0.92,1.86,665.3,1,1,0,132,MUV,Petrol,Mumbai,3.11
53.96,1.76,58.9,2533,60.5,0,10,23,31.2,0.16,3.35,439.0,1,1,1,185,SUV,Diesel,Mumbai,2.86
63.61,0.47,60.7,2171,29.6,1,4,8,26.2,-6.6,1.16,128.8,1,0,0,187,SUV,Diesel,Kolkata,0.72
42.04,1.09,52.0,1847,37.8,1,20,10,39.6,-2.59,2.15,96.9,0,1,0,84,Hatchback,Petrol,Chennai,1.91
28.39,1.03,56.1,1661,39.1,1,8,14,40.7,-1.5,3.22,386.5,0,2,2,96,Hatchback,Diesel,Chennai,2.28
15.9,1.72,49.4,1585,55.6,1,10,24,27.7,1.56,1.83,755.0,1,2,1,134,MUV,Diesel,Kolkata,3.04
118.04,0.71,60.8,3554,36.0,0,1,3,42.0,-1.3,3.32,211.3,0,0,0,172,SUV,Diesel,Ahmedabad,2.32
95.73,2.01,67.9,3624,68.2,0,0,2,36.1,6.07,0.3,360.9,1,0,0,86,Hatchback,Petrol,Delhi,4.56
54.34,2.29,61.0,2552,69.0,0,27,27,31.9,2.83,0.56,767.6,0,1,0,112,Sedan,Petrol,Mumbai,4.19
104.57,1.42,66.5,3509,57.3,0,1,4,30.1,2.58,0.84,68.5,0,0,1,124,MUV,Petrol,Delhi,3.74
46.07,0.6,49.8,1854,35.8,2,5,18,24.5,-0.08,3.64,603.7,0,1,0,102,Sedan,Petrol,Hyderabad,2.5
12.63,1.64,53.3,1527,42.0,0,11,7,26.1,-6.46,4.53,416.5,0,2,0,100,MUV,CNG,Delhi,0.95
16.61,1.86,54.9,1413,48.0,0,12,16,29.6,-2.02,2.48,374.8,0,2,2,98,MUV,Diesel,Mumbai,2.14
30.45,2.46,61.4,2095,67.1,0,15,20,27.0,0.13,0.62,426.5,1,1,0,73,Hatchback,Petrol,Bangalore,3.1
34.63,0.93,56.0,1717,30.0,0,2,24,20.2,0.18,0.53,88.9,0,2,0,93,Hatchback,Diesel,Ahmedabad,1.68
40.17,0.32,47.8,1632,22.6,2,26,37,39.0,5.87,0.49,238.7,0,1,0,92,Hatchback,Petrol,Lucknow,3.81
26.42,1.54,57.3,1857,45.8,2,5,22,25.4,-0.5,3.32,215.2,0,2,0,127,MUV,Petrol,Hyderabad,3.45
21.36,1.37,53.5,1589,42.6,1,3,14,22.6,0.56,4.88,515.8,0,2,0,188,SUV,Diesel,Kolkata,2.86
59.13,0.34,55.7,2229,23.1,1,11,25,25.6,0.95,2.09,563.6,1,1,1,73,Hatchback,Petrol,Hyderabad,2.19
106.1,1.53,67.1,3590,59.5,2,0,5,32.0,2.5,4.8,5.7,1,0,0,142,SUV,Diesel,Bangalore,3.73
33.67,1.34,53.1,1717,39.4,1,26,18,33.7,2.2,4.06,188.2,0,1,0,109,Sedan,CNG,Ahmedabad,3.21
20.82,2.1,55.9,1914,52.0,1,16,26,32.9,-2.66,2.06,152.1,0,1,2,109,MUV,Diesel,Bangalore,2.74
80.31,0.76,63.5,2815,37.1,0,4,8,28.9,-1.56,2.57,589.2,1,0,0,82,Hatchback,CNG,Hyderabad,1.17
56.93,1.5,57.6,2320,50.8,0,8,14,36.8,-2.53,3.09,736.6,0,1,1,129,Sedan,Petrol,Hyderabad,2.49
36.21,2.03,56.2,2222,46.3,0,15,15,28.2,0.64,1.81,52.6,1,1,0,87,Hatchback,Petrol,Jaipur,2.94
50.38,1.4,56.6,2176,44.2,1,11,12,30.7,5.11,4.41,435.8,0,1,0,107,MUV,Petrol,Jaipur,4.04
29.94,0.24,47.0,1786,15.0,1,7,29,24.0,-1.27,3.36,142.2,0,1,0,84,Hatchback,CNG,Delhi,1.15
41.04,2.27,60.3,2115,67.2,2,27,38,28.2,-2.48,2.94,702.4,0,1,1,120,Sedan,Petrol,Bangalore,3.92
33.86,1.89,60.0,2179,49.0,1,7,29,24.3,0.54,2.17,253.4,1,1,0,82,Hatchback,Diesel,Kolkata,2.67
69.79,1.44,60.0,2788,42.5,1,1,8,34.7,-5.28,4.39,128.5,1,0,2,98,MUV,Diesel,Ahmedabad,1.4
14.19,0.22,47.5,905,19.5,0,6,6,39.9,0.56,4.77,396.0,0,2,0,71,Hatchback,Petrol,Delhi,1.46
12.67,2.07,50.7,2029,53.6,1,10,18,30.6,2.39,2.9,375.3,0,2,1,124,MUV,Petrol,Chennai,4.47
25.16,0.82,52.1,1526,27.7,2,12,5,21.0,1.1,1.34,526.1,0,2,0,95,Hatchback,Diesel,Delhi,2.45
39.34,0.1,43.8,1598,14.1,2,5,27,35.0,-0.76,1.05,443.0,0,1,0,106,MUV,Petrol,Hyderabad,1.8
50.31,1.89,60.3,2280,51.2,2,28,11,27.8,0.93,4.27,305.1,0,1,0,105,MUV,CNG,Kolkata,3.58
69.39,0.54,53.6,2473,33.7,0,2,3,15.6,-3.97,0.92,433.3,1,0,0,132,Sedan,Petrol,Lucknow,0.55
40.82,0.27,51.1,1717,20.8,2,26,12,27.9,-5.65,2.17,641.1,1,1,2,112,MUV,Diesel,Kolkata,0.85
26.22,0.11,50.1,1202,21.6,1,7,20,22.9,-4.54,3.25,632.5,1,2,0,188,SUV,Petrol,Delhi,1.07
46.21,0.93,53.6,2134,35.6,0,23,17,29.4,0.02,4.06,91.2,0,1,0,103,MUV,Petrol,Kolkata,2.03
20.58,1.88,55.4,1738,52.5,0,3,8,36.8,1.95,0.18,422.7,1,2,1,191,SUV,Petrol,Lucknow,3.9
15.28,0.37,49.8,1180,14.4,0,9,10,24.4,-3.69,1.22,105.3,0,2,1,89,Hatchback,Petrol,Ahmedabad,0.65
48.6,0.81,52.1,2155,29.1,1,8,19,31.1,-2.24,4.15,797.7,1,1,0,148,SUV,Diesel,Ahmedabad,1.32
89.85,1.57,63.0,3505,62.1,2,4,4,18.8,-4.8,4.66,516.8,0,0,0,94,Hatchback,Petrol,Lucknow,2.36
117.85,1.58,68.5,3722,65.3,0,2,2,20.8,3.83,1.06,369.7,1,0,2,128,MUV,Petrol,Lucknow,4.51
39.06,1.5,57.8,2147,44.5,2,9,31,32.1,0.66,1.51,289.9,0,1,1,139,MUV,Petrol,Bangalore,4.11
26.28,1.11,46.5,1459,34.2,2,10,12,30.7,3.11,0.74,238.6,0,2,0,133,MUV,Diesel,Mumbai,3.19
32.25,0.51,52.0,1510,23.7,0,13,9,23.3,-1.88,2.99,1.1,1,2,0,132,Sedan,Petrol,Kolkata,1.14
49.36,0.11,56.4,2102,15.1,1,17,12,25.6,0.98,0.96,135.7,0,1,0,88,Hatchback,Petrol,Chennai,1.6
75.36,0.16,55.3,2786,33.1,2,3,9,23.7,2.91,0.27,386.0,0,0,0,175,SUV,Petrol,Delhi,3.55
14.34,2.1,53.3,1465,58.2,0,6,24,27.9,1.66,4.14,656.7,1,2,1,82,Hatchback,Petrol,Chennai,3.5
12.42,1.43,48.7,1406,40.3,0,11,11,31.0,-3.47,4.46,515.7,0,2,2,142,Sedan,Diesel,Pune,1.68
31.54,0.78,51.0,2062,34.3,2,24,29,30.3,0.55,1.53,766.9,0,1,0,124,Sedan,Petrol,Delhi,2.99
41.45,0.73,49.3,2043,37.6,1,19,25,28.0,2.94,4.53,367.8,0,1,1,84,Hatchback,Petrol,Mumbai,2.88
39.95,0.96,53.0,2123,32.9,2,19,37,38.2,-0.85,2.4,429.9,1,1,0,111,MUV,CNG,Hyderabad,2.71
30.05,0.26,46.2,1664,14.3,1,8,12,38.6,-0.1,3.63,727.0,0,1,0,97,Hatchback,Petrol,Jaipur,1.7
45.49,0.66,53.9,2028,30.1,0,7,34,37.3,-2.43,2.52,117.3,0,1,2,110,MUV,Petrol,Ahmedabad,2.09
14.36,0.31,43.7,1151,17.7,1,6,10,18.7,1.77,1.06,137.0,0,2,1,131,Sedan,Diesel,Jaipur,2.28
38.08,1.08,56.2,2005,41.0,1,11,34,29.6,-1.8,3.45,33.5,0,1,0,120,MUV,Petrol,Kolkata,2.54
62.84,1.31,56.4,2308,36.9,0,4,1,23.3,0.83,4.12,497.7,0,0,2,80,Hatchback,Diesel,Jaipur,2.09
19.98,1.22,55.3,1943,35.9,0,6,8,31.8,2.2,2.48,493.4,0,2,0,120,Sedan,Diesel,Mumbai,2.44
46.99,2.4,66.8,2603,68.0,2,12,21,27.2,1.19,0.73,500.4,1,1,0,167,SUV,Petrol,Delhi,4.89
22.13,0.9,46.9,1475,27.6,0,14,19,32.6,3.62,2.93,371.4,0,2,1,144,Sedan,Diesel,Bangalore,2.84
18.18,1.4,48.7,1547,45.9,0,5,17,31.3,-1.4,2.14,791.0,1,2,2,127,MUV,Petrol,Mumbai,2.5
98.3,0.8,62.3,2938,41.4,0,1,3,22.4,1.39,1.6,415.9,0,0,1,139,MUV,Diesel,Bangalore,2.53
17.05,1.24,51.7,1694,27.7,0,13,16,32.4,-1.16,0.11,665.6,0,2,0,189,SUV,Petrol,Bangalore,2.54
88.23,0.27,57.7,2893,26.8,0,0,1,31.9,-4.74,4.24,475.6,0,0,0,142,Sedan,Petrol,Chennai,0.44
14.61,0.39,47.2,1153,25.8,1,7,24,27.9,1.59,2.06,162.5,1,2,0,163,SUV,Diesel,Lucknow,2.18
28.03,0.79,46.3,1671,29.0,1,25,38,38.0,-6.59,4.33,91.0,0,1,0,133,Sedan,Petrol,Delhi,1.16
16.97,0.36,46.8,1182,20.5,0,7,6,32.3,3.09,4.88,95.9,1,2,1,139,MUV,Diesel,Kolkata,2.16
33.91,1.61,54.9,1778,50.4,0,3,13,43.5,-2.66,1.54,331.7,0,2,0,79,Hatchback,Petrol,Lucknow,2.21
32.49,0.72,51.9,1782,24.7,0,17,31,28.4,-0.23,2.65,424.4,0,1,1,135,Sedan,Diesel,Chennai,1.94
15.51,0.94,54.7,1229,31.3,1,8,19,32.7,0.62,1.0,198.7,0,2,0,93,MUV,CNG,Delhi,2.56
14.78,1.89,50.3,1511,53.2,0,9,22,31.3,2.25,1.42,204.1,0,2,0,121,MUV,CNG,Lucknow,3.37
58.6,0.52,57.2,2263,26.7,0,13,35,22.4,-2.01,1.56,60.8,0,1,1,141,Sedan,CNG,Pune,1.68
51.51,0.83,55.5,2108,38.7,1,25,34,16.0,4.49,3.61,513.3,1,1,2,131,MUV,Diesel,Jaipur,3.35
112.17,1.92,73.0,3669,67.8,0,3,4,23.2,4.12,4.25,333.4,0,0,1,124,MUV,Diesel,Delhi,4.08
74.32,1.69,66.4,2497,53.6,0,1,9,25.3,3.31,2.08,239.3,0,0,2,128,MUV,CNG,Mumbai,3.77
23.36,1.25,49.5,1391,33.7,0,8,15,33.3,-2.3,0.87,784.3,0,2,2,156,SUV,Petrol,Chennai,2.34
59.82,1.12,56.8,2182,47.4,1,6,26,27.3,3.15,2.91,761.5,1,1,0,129,MUV,Diesel,Mumbai,2.95
28.93,0.82,45.5,1732,37.3,0,14,10,30.0,2.01,1.62,227.3,1,2,0,119,Sedan,Petrol,Hyderabad,1.91
22.63,0.98,49.5,1567,34.8,1,14,16,43.6,2.93,0.87,651.3,0,2,0,85,Hatchback,Diesel,Delhi,2.94
72.35,2.1,72.7,2916,55.0,0,3,9,28.4,-3.79,3.37,413.4,1,0,0,156,SUV,Diesel,Ahmedabad,2.19
92.43,0.82,62.5,2722,40.4,0,0,3,43.0,-6.16,3.58,594.5,0,0,2,158,SUV,Petrol,Lucknow,1.56
56.4,2.46,58.0,2708,64.8,1,7,32,29.8,0.08,0.75,687.9,0,1,0,113,Sedan,Diesel,Delhi,3.22
106.49,0.6,67.8,3154,41.3,0,2,4,33.6,0.76,4.61,543.4,0,0,0,155,SUV,Diesel,Hyderabad,2.45
28.64,2.42,64.5,2189,62.5,1,22,38,29.1,4.65,1.18,64.2,1,1,0,94,MUV,Petrol,Ahmedabad,5.17
24.39,2.05,57.5,1924,57.1,2,7,23,39.6,5.48,0.78,348.1,1,1,1,106,MUV,Petrol,Kolkata,5.22
24.35,0.97,55.7,1675,23.2,0,7,11,36.8,-3.45,4.74,147.5,0,2,1,79,Hatchback,Diesel,Delhi,1.23
57.03,0.88,57.8,2073,34.2,1,28,27,30.5,1.75,4.79,402.6,0,1,0,159,SUV,Diesel,Ahmedabad,2.83
56.15,0.4,48.2,1809,27.3,0,29,16,26.9,1.76,0.48,642.8,0,1,0,94,Hatchback,CNG,Jaipur,1.57
16.62,1.74,52.9,1604,42.0,0,12,10,31.0,1.68,4.03,653.2,0,2,0,137,MUV,Diesel,Ahmedabad,2.79
28.83,1.16,50.6,1852,41.0,2,27,32,30.1,-0.07,0.28,413.8,0,1,0,87,Hatchback,Diesel,Pune,2.65
12.18,2.07,59.5,1456,53.9,0,9,13,40.7,-1.26,1.79,423.3,0,2,2,88,Hatchback,Diesel,Chennai,2.86
60.36,0.84,54.3,2406,25.0,0,1,2,23.6,-0.11,3.66,453.3,1,0,2,95,Hatchback,Petrol,Hyderabad,1.9
35.52,0.22,51.4,1546,13.5,1,8,26,42.3,-1.91,3.94,754.5,0,1,1,196,SUV,Diesel,Lucknow,1.97
48.27,1.96,60.8,2440,54.1,2,10,23,33.5,-7.55,3.42,134.3,0,1,0,121,Sedan,Petrol,Hyderabad,2.04
33.82,1.95,58.6,2227,47.8,1,25,12,27.8,-1.72,2.71,718.5,1,1,1,105,Sedan,Petrol,Jaipur,2.73
105.01,0.12,65.2,3015,34.1,0,3,4,19.2,-3.58,4.94,146.0,0,0,1,132,Sedan,Diesel,Lucknow,1.13
105.29,2.31,67.4,3772,78.4,0,4,9,43.9,-1.79,1.04,783.6,0,0,0,91,Hatchback,Petrol,Ahmedabad,3.29
47.33,1.69,61.4,2281,50.3,1,27,35,31.3,2.52,3.8,29.0,0,1,0,79,Hatchback,CNG,Kolkata,3.55
28.78,0.88,51.6,1393,32.7,2,22,16,23.3,-2.34,2.36,279.5,1,1,0,183,SUV,Petrol,Delhi,2.24
26.88,0.53,47.4,1573,18.6,0,6,31,38.3,1.39,1.13,223.7,0,1,0,72,Hatchback,Petrol,Lucknow,2.17
76.17,0.21,57.5,2392,21.3,1,4,1,35.6,3.16,0.64,683.3,0,0,0,76,Hatchback,Petrol,Kolkata,2.79
102.18,2.47,75.1,3723,73.6,0,1,6,30.4,3.47,4.29,443.1,1,0,0,128,Sedan,Petrol,Bangalore,4.86
40.89,0.71,50.1,1847,25.8,1,26,13,40.8,-0.13,4.02,137.2,1,1,0,93,Hatchback,Petrol,Lucknow,1.98
27.46,1.92,57.4,2032,46.6,0,12,11,28.9,1.52,1.44,245.4,1,2,0,125,Sedan,Petrol,Kolkata,3.32
41.07,0.58,53.1,1860,27.6,2,17,19,25.6,-8.76,3.03,101.5,1,1,2,135,Sedan,Petrol,Pune,0.37
30.82,1.08,51.4,1751,37.6,1,9,6,28.7,2.47,2.98,525.4,0,2,0,118,Sedan,Petrol,Mumbai,3.12
24.98,1.42,53.1,1866,40.4,2,14,23,33.3,-1.13,0.99,27.4,0,1,1,124,MUV,Petrol,Mumbai,3.53
50.48,1.45,60.0,2347,53.2,2,27,13,34.0,-5.0,1.94,455.9,0,1,1,120,Sedan,Petrol,Jaipur,2.39
54.48,0.81,52.2,2263,30.2,0,9,29,32.9,-4.83,4.61,344.9,1,1,0,169,SUV,Diesel,Delhi,0.78
30.81,1.37,49.6,1661,46.8,0,3,23,30.2,0.58,2.19,518.6,1,2,2,80,Hatchback,Diesel,Mumbai,2.13
78.78,0.27,61.7,2623,21.6,0,1,8,24.2,-1.85,3.63,652.4,1,0,2,111,MUV,Petrol,Kolkata,1.34
13.13,1.72,53.9,1677,36.2,0,6,5,29.7,-4.37,2.49,532.6,1,2,0,109,MUV,Petrol,Lucknow,1.54
42.45,2.14,56.1,2159,58.8,1,5,16,43.9,1.4,3.33,788.3,1,1,0,195,SUV,Petrol,Ahmedabad,4.49
19.9,2.16,56.7,1848,61.8,1,10,19,31.3,0.8,2.19,99.0,0,2,2,127,Sedan,Petrol,Mumbai,4.37
88.18,1.89,67.6,3239,69.5,1,1,0,41.9,-4.22,1.2,542.3,1,0,0,99,Hatchback,Diesel,Delhi,2.22
113.21,1.83,69.6,3565,63.0,0,3,1,27.4,-4.32,1.88,193.6,1,0,0,167,SUV,Petrol,Bangalore,2.5
21.08,2.22,57.3,2095,50.7,1,11,32,31.7,3.14,0.6,577.0,0,1,0,70,Hatchback,CNG,Mumbai,4.19
28.18,0.59,58.2,1594,26.3,1,10,10,33.1,-0.1,0.98,731.9,0,2,0,102,Sedan,Diesel,Bangalore,2.01
16.97,1.2,51.8,1487,35.1,1,9,8,28.3,2.82,2.17,235.4,0,2,0,198,SUV,Diesel,Chennai,3.13
42.88,2.49,65.3,2567,71.5,2,7,21,32.0,0.12,1.18,149.1,0,1,1,154,SUV,Diesel,Chennai,4.37
11.34,2.07,57.3,1457,54.6,1,2,13,33.4,2.89,1.43,641.6,1,2,0,127,Sedan,Diesel,Hyderabad,3.59
41.01,1.91,58.4,2581,50.0,0,14,12,27.1,-0.27,1.5,567.7,0,1,1,78,Hatchback,Diesel,Mumbai,2.19
60.26,1.6,63.5,2765,50.7,1,4,9,19.1,1.94,2.81,451.7,1,0,0,151,SUV,Petrol,Jaipur,3.62
11.97,0.77,42.4,1183,31.8,0,11,11,28.7,-0.9,2.73,454.7,0,2,0,149,Sedan,Petrol,Kolkata,1.75
16.09,2.06,53.1,1680,48.6,1,4,10,34.5,5.24,0.87,719.6,1,2,0,139,Sedan,Petrol,Jaipur,4.66
62.86,1.41,57.6,2538,42.4,1,2,7,22.1,1.93,4.86,400.3,0,0,0,74,Hatchback,Petrol,Lucknow,3.17
32.73,0.67,51.5,1672,29.9,2,5,19,27.0,-4.93,3.81,331.3,0,1,0,182,SUV,Petrol,Bangalore,1.64
31.91,1.01,48.8,1806,37.1,1,19,22,41.8,-3.12,2.57,4.4,0,1,2,112,MUV,Petrol,Delhi,2.19
18.07,2.06,59.5,1966,52.8,0,10,21,23.0,-5.85,1.85,734.3,1,2,2,167,SUV,Petrol,Jaipur,2.39
85.78,1.91,67.6,3213,60.9,0,4,8,35.3,1.6,3.05,685.2,1,0,0,192,SUV,Diesel,Chennai,3.37
58.72,0.92,55.4,2402,36.2,0,16,22,18.6,-2.54,4.01,320.6,0,1,1,83,Hatchback,CNG,Pune,1.26
73.89,1.62,65.0,2722,58.2,0,2,3,35.0,4.06,0.51,264.5,0,0,0,130,MUV,CNG,Lucknow,3.88
33.4,2.17,55.3,2241,56.9,0,2,14,24.8,3.96,1.91,492.8,1,2,1,109,MUV,Petrol,Delhi,3.82
26.74,1.16,48.6,1481,31.3,1,21,10,35.7,-0.56,4.94,366.8,0,1,0,141,SUV,Petrol,Chennai,2.57
36.74,0.54,51.9,1950,31.1,1,22,22,35.9,-1.71,1.09,174.9,1,1,0,79,Hatchback,CNG,Delhi,1.44
46.94,1.56,56.0,2469,52.0,2,23,15,41.5,-2.09,1.03,581.8,0,1,0,177,SUV,Petrol,Jaipur,3.44
99.91,2.33,70.4,3591,70.0,0,3,6,35.4,-3.63,0.63,27.7,0,0,1,94,Hatchback,Petrol,Pune,3.1
10.09,0.67,38.8,930,24.7,0,4,15,25.1,1.68,0.72,352.0,1,2,1,108,Sedan,Petrol,Mumbai,1.9
32.12,0.97,48.6,1914,38.8,0,25,30,34.0,4.61,1.49,780.6,0,1,0,162,SUV,Petrol,Chennai,3.71
64.91,1.13,54.0,2607,42.1,1,4,2,33.0,3.12,0.37,64.0,1,0,0,196,SUV,CNG,Mumbai,3.14
54.86,1.19,52.9,2017,36.8,1,23,20,24.3,-2.49,2.41,589.3,1,1,0,176,SUV,Diesel,Lucknow,1.66
113.96,1.33,68.5,3437,49.2,2,0,0,35.4,0.98,0.72,699.0,1,0,2,139,Sedan,Petrol,Chennai,4.48
106.54,0.21,64.1,3115,29.4,0,3,8,34.2,3.62,3.34,62.2,0,0,0,107,MUV,CNG,Mumbai,2.66
42.6,2.19,62.3,2558,59.1,0,10,11,34.6,5.6,4.52,342.7,0,1,1,71,Hatchback,Petrol,Lucknow,4.6
56.05,0.57,59.6,2320,31.5,1,26,29,34.3,-0.82,2.8,239.3,0,1,0,96,MUV,Petrol,Lucknow,2.25
50.61,1.63,60.5,2634,41.2,2,6,30,20.7,2.18,4.49,230.8,0,1,0,124,Sedan,Diesel,Bangalore,3.91
101.03,0.26,68.1,3091,29.6,1,3,4,15.1,4.21,0.86,739.1,0,0,0,180,SUV,Petrol,Jaipur,4.07
82.75,1.28,68.2,3143,54.8,0,2,3,37.1,-1.4,2.12,87.9,1,0,0,191,SUV,Diesel,Mumbai,2.27
50.92,0.19,51.7,1996,26.8,1,11,22,18.9,-6.35,0.91,601.1,0,1,1,95,Hatchback,Petrol,Pune,0.47
35.5,0.49,52.6,1364,23.0,1,16,21,42.7,-2.51,4.35,540.5,0,1,1,109,Sedan,Petrol,Lucknow,2.06
41.83,0.55,53.2,1755,32.4,1,11,13,43.2,-3.62,0.3,673.3,1,1,0,152,SUV,Petrol,Jaipur,1.38
27.71,2.34,50.0,1826,77.5,0,22,19,30.1,-0.88,0.83,217.9,1,1,0,127,Sedan,CNG,Jaipur,2.49
36.97,1.55,48.3,2034,42.8,1,8,39,36.4,-3.38,1.66,387.3,0,1,0,70,Hatchback,Petrol,Chennai,2.15
89.44,0.24,63.5,2990,20.9,1,0,5,41.8,-3.34,1.52,226.1,0,0,0,167,SUV,Petrol,Chennai,1.85
30.7,1.92,57.0,2209,57.6,2,10,7,37.8,0.95,0.15,86.3,0,2,0,116,MUV,Diesel,Jaipur,3.27
31.54,2.15,61.9,2090,63.3,0,9,9,38.8,0.91,3.47,492.2,0,2,2,131,Sedan,Petrol,Ahmedabad,3.78
29.41,1.04,50.6,1964,35.4,1,4,18,27.8,-0.41,4.48,473.6,0,2,0,104,Sedan,CNG,Delhi,2.11
21.59,0.61,49.9,1269,25.0,1,17,12,18.6,-4.92,2.5,7.2,0,1,1,131,Sedan,Petrol,Delhi,1.13
39.98,0.99,58.3,1860,36.7,0,22,28,29.3,0.85,1.57,165.7,0,1,1,87,Hatchback,Diesel,Bangalore,2.18
43.81,1.33,56.2,2239,35.4,2,28,18,33.0,-3.9,2.17,124.4,0,1,2,185,SUV,CNG,Chennai,2.94
89.36,1.75,64.2,3249,60.1,0,1,5,35.2,-0.96,0.65,449.2,0,0,2,132,Sedan,Petrol,Delhi,3.17
69.0,1.21,57.5,2597,50.1,1,1,2,39.6,-1.0,0.81,77.9,0,0,1,118,MUV,Diesel,Chennai,2.07
26.49,0.12,43.9,1359,15.5,0,5,14,37.4,-5.33,3.94,251.8,0,2,2,119,Sedan,CNG,Delhi,0.3
50.21,2.37,62.7,2460,67.3,1,26,27,37.8,-2.19,2.45,749.4,0,1,2,144,Sedan,Petrol,Chennai,3.97
45.64,1.63,60.3,2413,62.7,0,13,19,29.1,-5.58,2.61,424.9,1,1,0,92,Hatchback,Diesel,Jaipur,1.23
102.33,2.24,71.5,3517,70.0,1,3,6,23.1,1.59,1.29,127.9,0,0,0,118,Sedan,Diesel,Bangalore,3.89
49.32,0.96,53.6,2164,42.8,0,18,25,29.5,-0.34,3.98,464.7,1,1,1,125,MUV,Petrol,Mumbai,2.0
104.14,2.14,69.2,3479,69.9,0,2,8,26.9,2.64,2.99,48.4,0,0,0,86,Hatchback,Diesel,Jaipur,3.69
11.21,0.29,44.9,1234,18.6,1,5,12,35.8,-6.92,0.23,537.5,1,2,0,99,Hatchback,CNG,Kolkata,0.3
34.27,0.97,51.2,1921,33.3,2,20,13,34.3,2.11,2.43,268.3,0,1,0,92,Hatchback,Petrol,Mumbai,3.34
98.57,0.36,62.8,3144,32.3,0,0,4,41.1,-0.71,4.12,722.2,0,0,1,76,Hatchback,Diesel,Ahmedabad,1.61
111.39,0.24,66.5,3052,26.7,0,2,6,27.3,0.85,4.86,720.9,1,0,0,120,Sedan,Diesel,Mumbai,1.7
48.28,2.19,62.8,2608,64.2,1,8,37,28.0,2.19,3.96,145.0,0,1,0,165,SUV,Petrol,Jaipur,4.78
25.83,1.49,52.6,1700,39.9,0,17,34,43.0,3.01,1.33,422.2,0,1,1,87,Hatchback,Diesel,Lucknow,3.2
13.69,1.35,48.3,1500,33.6,1,4,18,37.5,-0.36,3.29,196.1,0,2,0,168,SUV,Diesel,Lucknow,2.93
22.71,0.9,47.1,1406,37.6,1,8,37,34.0,-0.63,1.72,409.8,0,1,1,187,SUV,CNG,Pune,3.01
42.26,0.25,52.9,1963,18.4,2,19,39,31.3,-5.78,2.59,342.8,0,1,1,99,Hatchback,Petrol,Hyderabad,1.2
80.49,1.22,68.0,2677,55.4,0,3,0,40.6,0.12,4.26,340.8,1,0,1,132,Sedan,Diesel,Ahmedabad,2.21
115.19,1.04,64.0,3514,44.0,1,3,9,15.5,-3.41,1.79,398.5,0,0,1,182,SUV,Petrol,Jaipur,3.04
23.75,1.63,51.4,1670,52.0,2,4,6,23.7,-0.07,4.65,607.8,0,2,0,163,SUV,Diesel,Bangalore,3.08
16.01,0.16,41.3,1204,15.8,1,5,11,28.7,3.69,2.18,306.5,1,2,0,149,Sedan,Petrol,Hyderabad,2.58
53.72,0.25,56.6,2006,13.6,2,18,33,34.3,-0.03,3.96,145.9,1,1,1,112,MUV,Petrol,Ahmedabad,2.62
49.81,0.3,51.0,1775,19.7,1,20,15,20.9,-0.08,2.25,728.4,0,1,0,128,Sedan,Diesel,Delhi,1.39
107.02,1.51,72.3,3529,64.8,0,1,6,37.3,-0.79,3.14,761.3,1,0,0,75,Hatchback,Petrol,Mumbai,3.14
66.97,1.75,58.5,2794,58.8,0,4,8,33.1,0.93,1.13,618.8,1,0,0,104,Sedan,Petrol,Jaipur,2.71
114.69,0.7,70.2,3258,42.7,1,4,1,29.9,2.25,2.76,288.3,1,0,2,124,MUV,Petrol,Lucknow,3.83
47.37,0.75,55.1,2271,32.9,1,6,21,30.0,-1.97,4.78,87.4,0,1,0,195,SUV,Petrol,Lucknow,2.43
21.8,0.51,44.9,1353,33.0,2,8,26,18.4,-5.77,2.97,481.3,1,1,0,103,Sedan,CNG,Pune,0.72
11.13,0.9,46.3,1287,18.5,2,7,16,38.2,0.01,3.02,684.9,1,2,1,95,Hatchback,Diesel,Jaipur,2.54
26.21,1.42,52.0,1762,40.0,1,10,7,31.3,-3.61,0.1,1.7,1,2,0,146,Sedan,Petrol,Hyderabad,1.87
36.35,2.04,57.4,2185,51.8,1,14,36,18.7,-4.23,2.4,254.1,0,1,2,101,Sedan,Petrol,Jaipur,2.72
27.26,1.82,59.6,1834,58.5,1,8,35,36.9,6.13,3.77,297.7,1,1,0,178,SUV,Petrol,Mumbai,5.45
21.6,1.82,60.1,1911,48.9,2,28,11,32.7,1.91,3.03,312.3,1,1,0,99,MUV,Diesel,Mumbai,3.46
46.97,0.94,52.6,1963,38.3,1,13,20,27.8,2.51,2.92,8.0,0,1,0,153,SUV,Petrol,Mumbai,3.08
23.83,2.26,58.3,2077,61.4,0,10,15,38.2,1.39,3.34,366.5,1,2,2,151,SUV,CNG,Hyderabad,4.06
19.54,2.15,62.0,1714,58.2,1,4,5,24.1,-0.24,1.15,259.7,0,2,1,87,Hatchback,CNG,Kolkata,3.3
26.14,1.8,55.8,1820,46.1,0,27,29,19.6,6.46,0.83,191.8,1,1,2,98,Hatchback,Diesel,Delhi,3.81
25.78,0.55,49.7,1618,25.9,0,2,16,30.0,0.89,1.47,279.9,0,2,1,80,Hatchback,Petrol,Bangalore,1.95
47.78,0.5,54.0,2182,27.1,2,18,10,24.2,-1.61,3.99,394.3,0,1,1,102,MUV,Diesel,Pune,1.85
35.2,0.79,55.4,1820,27.9,0,26,23,25.1,-0.62,4.38,120.8,0,1,0,168,SUV,Diesel,Hyderabad,1.98
47.42,0.29,51.0,1860,24.1,1,5,11,29.4,-1.86,0.38,797.0,0,1,1,134,MUV,Petrol,Mumbai,1.68
89.82,0.94,63.4,3085,42.3,1,3,9,31.1,-2.52,1.13,453.0,0,0,0,127,MUV,Diesel,Hyderabad,2.12
44.25,0.89,52.5,1754,31.9,2,8,19,36.7,2.61,3.05,302.8,0,1,0,145,SUV,Diesel,Chennai,3.23
29.32,0.49,43.4,1514,23.9,2,21,35,26.8,-3.88,3.94,92.0,1,1,0,124,MUV,Petrol,Mumbai,1.28
34.42,2.16,59.1,1945,63.0,1,10,14,38.8,1.01,4.04,747.6,1,2,1,132,Sedan,Diesel,Ahmedabad,3.38
23.95,0.98,53.3,1557,26.4,0,12,18,42.6,-0.93,2.2,285.8,0,2,1,79,Hatchback,Diesel,Ahmedabad,2.01
22.42,1.03,49.4,1615,35.5,2,11,21,32.0,-0.64,2.66,556.1,0,2,0,110,Sedan,Petrol,Hyderabad,2.89
75.28,1.41,60.7,2984,54.2,2,3,6,30.3,-0.29,4.35,609.1,0,0,0,114,MUV,Petrol,Kolkata,3.26
45.49,1.47,56.2,2176,40.2,2,25,30,42.4,-0.87,3.91,643.8,1,1,0,94,MUV,Diesel,Jaipur,2.73
57.16,1.78,65.3,2753,54.8,2,20,28,15.7,1.48,3.16,179.5,0,1,1,154,SUV,Petrol,Jaipur,4.76
20.01,0.82,51.1,1185,28.2,1,22,29,21.4,0.12,3.5,453.7,1,1,1,94,Hatchback,Diesel,Delhi,2.27
20.43,1.38,51.0,1724,37.9,2,11,23,34.8,-5.4,0.97,352.9,0,2,0,96,MUV,Petrol,Ahmedabad,2.37
26.53,0.38,49.7,1490,24.7,1,9,14,32.8,0.28,3.49,124.9,0,1,0,180,SUV,Diesel,Mumbai,2.13
27.77,0.24,44.8,1503,20.1,1,14,17,24.4,-0.62,1.36,174.3,0,1,0,183,SUV,Petrol,Delhi,1.77
111.43,1.69,69.3,3593,64.4,0,3,9,20.9,-0.27,2.33,491.0,0,0,0,189,SUV,Petrol,Pune,3.67
22.81,1.48,49.7,1439,54.4,1,8,26,18.7,2.11,4.15,209.9,1,1,1,135,MUV,Petrol,Delhi,3.47
26.37,1.62,56.6,2131,58.9,1,6,10,40.4,2.92,0.84,643.2,0,2,1,101,MUV,Diesel,Chennai,3.41
101.92,0.64,64.7,3111,43.1,0,3,8,38.6,-3.31,2.86,370.0,0,0,1,137,MUV,Petrol,Hyderabad,1.96
49.41,1.62,58.0,2354,53.4,1,11,30,32.4,-1.32,4.79,602.6,0,1,0,70,Hatchback,Petrol,Hyderabad,2.93
25.68,0.21,47.9,1265,17.4,1,11,15,19.0,-0.06,3.98,38.3,1,2,1,163,SUV,Petrol,Pune,1.95
20.53,1.78,53.0,1786,56.6,2,29,20,40.5,2.17,4.79,712.3,0,1,0,117,Sedan,Petrol,Lucknow,4.35
69.63,2.23,66.5,3072,64.9,1,2,4,32.4,0.09,3.59,276.5,0,0,0,181,SUV,Diesel,Delhi,3.46
33.55,1.04,51.2,1961,44.3,0,8,19,27.3,1.42,1.0,367.4,0,2,0,99,MUV,Diesel,Bangalore,2.08
77.14,2.09,60.4,3095,65.4,0,4,3,36.0,-3.51,4.06,408.0,0,0,0,110,MUV,CNG,Kolkata,2.06
28.58,0.92,48.8,1685,36.9,0,16,31,32.3,2.25,3.82,493.2,1,1,1,191,SUV,Petrol,Mumbai,3.17
28.59,2.45,57.1,1808,65.2,2,14,22,29.6,-1.36,0.63,364.8,0,2,2,171,SUV,Petrol,Kolkata,4.71
23.25,2.0,56.9,1814,56.9,2,22,23,36.7,1.04,1.51,153.5,1,1,1,91,Hatchback,Petrol,Delhi,4.31
29.36,1.08,51.3,1866,26.6,1,16,30,29.1,-0.64,2.2,402.3,1,1,1,110,Sedan,CNG,Bangalore,2.19
27.11,0.37,49.0,1384,22.9,1,7,7,33.4,0.09,3.43,61.1,0,2,0,195,SUV,Diesel,Kolkata,2.11
37.13,2.09,57.6,2204,46.0,1,17,25,28.0,2.36,1.18,526.4,1,1,0,124,MUV,CNG,Delhi,3.78
54.77,1.6,62.1,2579,56.2,2,14,12,39.0,0.26,3.64,464.5,0,1,1,143,SUV,CNG,Hyderabad,3.69
34.25,1.59,59.0,1844,52.1,0,8,21,28.6,3.4,4.98,628.8,0,2,0,186,SUV,Petrol,Delhi,4.21
115.25,0.1,60.2,3161,19.8,0,0,9,32.6,0.6,2.35,580.6,0,0,0,123,Sedan,Diesel,Mumbai,2.02
42.95,2.05,59.3,2239,54.4,0,6,16,38.8,-0.27,3.49,23.5,0,1,2,82,Hatchback,Diesel,Ahmedabad,3.06
31.23,0.47,53.6,1640,15.5,0,12,5,26.3,-0.2,0.6,688.5,0,2,0,77,Hatchback,Diesel,Jaipur,0.99
22.75,1.96,55.8,2024,52.7,0,15,14,18.0,-4.78,2.43,722.7,0,1,0,103,Sedan,Petrol,Lucknow,1.77
80.23,1.65,62.8,2993,53.7,0,1,2,31.0,3.47,1.59,499.8,0,0,1,109,Sedan,Petrol,Chennai,3.85
10.38,2.37,54.1,1662,57.6,1,12,6,36.7,4.41,3.58,676.4,0,2,1,83,Hatchback,Petrol,Ahmedabad,5.14
53.42,0.39,53.3,2168,22.7,0,29,35,28.0,0.28,0.83,74.4,0,1,0,93,MUV,Petrol,Jaipur,2.05
30.63,0.41,53.9,1480,35.0,1,18,18,35.9,2.93,4.78,76.2,0,1,2,92,Hatchback,Petrol,Chennai,3.1
45.38,0.74,57.0,2001,31.9,2,6,36,38.1,-1.45,1.78,522.3,1,1,1,114,Sedan,Diesel,Hyderabad,2.14
63.14,0.54,51.7,2100,37.9,0,2,2,39.7,0.33,3.2,593.8,0,0,1,192,SUV,Petrol,Delhi,2.29
75.6,0.33,57.2,2301,30.9,1,0,9,25.7,-2.14,2.96,207.2,0,0,0,168,SUV,Petrol,Pune,1.65
36.41,1.7,52.1,2074,48.5,2,22,25,28.0,-1.17,1.52,112.9,0,1,0,95,Hatchback,Petrol,Bangalore,3.09
17.42,0.15,42.8,1178,19.0,0,10,19,33.6,2.64,1.49,208.5,0,2,0,100,Sedan,Diesel,Chennai,1.7
35.58,1.78,60.0,2022,48.3,1,29,15,28.1,-3.19,2.05,379.0,1,1,0,133,Sedan,Petrol,Lucknow,2.42
114.74,1.44,68.9,3669,52.4,0,0,8,36.4,-0.49,4.69,667.5,0,0,1,145,SUV,Petrol,Kolkata,3.45
25.16,1.9,60.0,2136,53.5,1,7,13,24.2,-1.03,1.21,278.9,1,2,0,118,Sedan,Petrol,Chennai,2.89
78.51,0.99,61.2,2693,35.9,0,2,2,25.2,-5.95,4.44,324.8,1,0,2,127,Sedan,Petrol,Pune,0.85
116.49,2.13,78.5,3673,76.9,1,2,2,22.6,-3.86,1.22,715.4,0,0,2,106,Sedan,Petrol,Jaipur,3.74
31.3,2.25,52.8,2379,58.8,1,7,17,24.3,5.29,0.9,141.6,0,2,2,148,Sedan,Petrol,Hyderabad,5.31
30.36,2.43,59.0,2116,62.4,0,8,32,37.4,-1.29,4.31,776.2,0,1,1,165,SUV,Petrol,Kolkata,3.85
23.71,1.59,56.6,1577,49.3,1,12,38,25.9,-0.11,1.36,83.1,1,1,0,139,MUV,CNG,Ahmedabad,2.99
56.97,1.18,56.6,2435,54.1,2,17,28,30.3,4.03,3.71,566.9,1,1,0,151,SUV,Diesel,Kolkata,3.44
23.85,1.09,46.3,1712,45.7,2,7,38,21.5,1.58,2.6,246.9,0,1,1,85,Hatchback,Diesel,Pune,2.99
25.28,0.34,45.4,1413,17.6,1,24,37,30.5,-3.99,2.92,329.0,0,1,1,87,Hatchback,CNG,Delhi,1.14
49.76,0.56,59.7,2034,24.4,2,6,14,31.3,0.66,3.5,370.4,0,1,1,167,SUV,CNG,Kolkata,3.04
28.41,2.33,53.9,1940,58.1,2,7,21,42.9,6.22,3.01,561.2,1,2,0,166,SUV,Diesel,Ahmedabad,5.0
109.58,0.61,61.1,3037,36.2,0,0,6,33.5,-5.81,4.15,40.4,0,0,2,128,Sedan,Diesel,Ahmedabad,1.05
32.45,1.06,48.9,1942,32.8,1,2,8,37.3,-2.23,4.25,730.3,1,2,2,162,SUV,CNG,Chennai,2.4
56.5,0.41,49.7,2191,27.9,2,5,19,33.9,1.74,3.68,449.2,0,1,1,94,Hatchback,Petrol,Mumbai,3.03
36.91,0.35,48.4,1667,18.6,0,21,24,17.3,5.16,1.26,611.4,0,1,1,168,SUV,Petrol,Jaipur,3.51
57.06,1.52,59.2,2287,46.4,2,14,20,29.7,-0.18,1.33,763.0,0,1,0,144,Sedan,CNG,Delhi,3.35
67.67,0.11,53.0,2354,22.2,0,2,0,23.2,2.78,1.7,118.7,1,0,2,129,MUV,Petrol,Hyderabad,1.84
45.19,0.56,50.4,1691,35.9,1,5,33,22.3,-0.25,1.93,236.1,0,1,0,135,MUV,Petrol,Lucknow,2.18
15.26,1.44,50.4,1681,47.1,0,6,14,32.5,-0.5,0.75,188.4,0,2,1,72,Hatchback,Petrol,Kolkata,2.38
99.89,1.34,63.9,3230,49.2,0,4,7,37.0,0.99,3.3,216.7,0,0,0,179,SUV,Petrol,Ahmedabad,3.64
12.08,0.78,46.3,1320,30.7,0,4,19,28.1,0.94,0.85,708.2,0,2,0,133,Sedan,CNG,Hyderabad,1.94
118.57,1.23,63.0,3830,50.6,0,0,5,22.5,-0.22,1.09,300.6,0,0,2,174,SUV,Petrol,Bangalore,3.64
26.29,1.19,50.4,1741,41.8,0,14,20,24.0,2.82,3.99,407.5,0,2,0,140,Sedan,Petrol,Hyderabad,3.25
42.14,2.07,62.3,2166,57.5,2,20,11,15.5,-1.32,1.69,209.0,1,1,0,132,Sedan,Petrol,Lucknow,3.41
55.17,0.34,49.2,2106,20.7,2,26,32,21.7,3.0,2.48,670.4,0,1,0,135,Sedan,Petrol,Bangalore,3.19
29.83,2.22,63.2,1916,59.7,1,26,11,29.0,0.49,0.11,608.1,0,1,2,77,Hatchback,Petrol,Pune,3.87
31.1,0.36,49.8,1981,14.3,2,12,20,41.5,-1.33,3.01,410.4,1,1,0,93,MUV,Diesel,Chennai,1.86
30.5,0.81,48.5,1599,33.2,2,8,17,18.5,-2.14,0.17,311.1,0,2,0,78,Hatchback,Petrol,Pune,1.79
56.29,0.96,55.3,2410,46.5,0,27,28,27.1,1.39,2.57,386.0,0,1,1,136,Sedan,Diesel,Bangalore,2.45
24.48,1.28,45.1,1845,36.7,2,9,21,26.9,-3.45,1.18,737.3,1,2,0,114,Sedan,Petrol,Bangalore,2.07
11.48,2.42,55.6,1808,67.2,0,10,6,43.3,1.43,3.22,433.0,1,2,0,91,Hatchback,Petrol,Delhi,3.79
28.16,1.69,58.9,1677,52.4,2,10,11,36.3,-3.21,3.28,493.7,0,1,0,73,Hatchback,Diesel,Lucknow,2.41
98.88,2.32,71.8,3568,76.6,1,1,7,29.2,-1.95,4.27,130.7,1,0,0,127,MUV,Petrol,Mumbai,3.85
56.27,2.07,59.9,2539,63.4,2,16,30,41.4,0.82,4.89,39.1,1,1,0,161,SUV,CNG,Ahmedabad,4.41
100.39,0.2,66.5,2889,36.6,2,4,6,34.6,0.72,4.48,507.8,0,0,0,145,SUV,CNG,Pune,3.1
29.65,1.67,59.1,1813,49.5,1,6,22,40.2,0.88,2.08,191.6,1,1,1,125,Sedan,Petrol,Jaipur,3.78
27.79,0.81,42.6,1210,35.7,0,4,9,26.8,3.27,4.85,677.6,0,2,2,90,MUV,Petrol,Pune,2.52
54.87,2.43,64.9,2555,67.5,1,12,18,28.4,2.72,3.67,120.6,1,1,0,159,SUV,Petrol,Kolkata,4.74
86.65,1.72,64.1,3288,53.8,0,0,7,28.7,-6.06,2.47,675.5,0,0,0,146,SUV,Petrol,Jaipur,1.79
42.18,2.45,64.4,2591,64.5,2,9,29,29.4,1.94,2.29,528.3,1,1,0,168,SUV,Petrol,Bangalore,5.29
22.42,1.88,54.8,1699,50.7,1,13,30,35.5,6.63,3.04,718.1,0,1,0,148,Sedan,Diesel,Chennai,4.67
33.83,0.69,48.6,1693,31.3,1,15,26,26.3,-1.16,2.24,781.1,0,1,0,160,SUV,Petrol,Chennai,2.34
25.04,0.88,54.1,1537,30.2,1,5,15,41.7,-4.55,2.12,192.4,1,1,2,91,Hatchback,CNG,Ahmedabad,1.56
17.97,0.6,44.3,1609,21.7,2,10,23,35.2,1.18,1.28,575.3,1,2,0,91,Hatchback,Diesel,Hyderabad,2.17
47.77,2.41,62.5,2835,63.7,0,13,11,36.8,2.88,1.97,566.1,0,1,2,74,Hatchback,Diesel,Lucknow,3.8
53.93,0.43,51.8,2032,28.7,1,18,11,23.1,-1.34,0.45,1.5,0,1,0,126,Sedan,Petrol,Pune,1.59
18.22,2.47,54.5,1925,60.0,1,8,6,27.5,-3.54,3.45,34.7,0,2,1,193,SUV,Diesel,Jaipur,2.82
47.64,1.63,53.1,2300,45.5,0,7,28,25.2,-4.37,1.24,693.5,0,1,0,103,Sedan,Petrol,Mumbai,1.44
19.1,2.21,51.6,2050,55.5,1,11,7,37.7,-6.45,3.17,259.8,0,2,2,99,Hatchback,Petrol,Delhi,2.3
46.77,0.19,48.0,2050,19.4,1,8,38,35.7,-1.2,1.4,639.9,0,1,0,71,Hatchback,CNG,Mumbai,1.4
29.64,2.09,53.2,2069,50.4,1,9,11,36.4,-2.44,4.53,441.2,0,2,0,105,Sedan,Diesel,Delhi,2.35
94.61,1.59,73.6,3273,53.0,1,1,9,17.9,2.05,3.02,10.6,0,0,1,95,Hatchback,Diesel,Jaipur,3.84
34.62,0.12,48.1,1569,18.6,2,26,17,27.9,-3.17,4.13,67.2,0,1,2,150,SUV,Diesel,Bangalore,1.67
33.95,1.06,55.5,2393,40.7,1,10,13,28.3,-0.81,1.18,272.2,0,1,0,111,Sedan,Petrol,Bangalore,2.17
64.4,2.35,66.2,3200,72.9,1,1,6,39.2,-5.1,4.88,255.6,0,0,2,97,MUV,Petrol,Delhi,3.17
52.58,0.35,50.7,1949,30.3,1,12,36,43.2,3.77,1.31,367.0,1,1,1,125,Sedan,Diesel,Ahmedabad,3.11
27.28,0.4,45.0,1347,21.1,0,10,21,24.8,-3.45,4.52,694.8,0,2,0,78,Hatchback,Diesel,Pune,0.31
63.92,0.3,55.9,2158,16.2,2,1,3,31.3,-1.1,3.32,77.1,0,0,2,102,MUV,Diesel,Kolkata,1.76
12.06,0.53,48.4,1431,20.4,0,14,20,26.7,0.55,4.65,183.7,0,2,1,88,Hatchback,Diesel,Jaipur,1.6
47.61,0.29,55.2,1923,26.3,0,27,25,24.2,-0.89,3.18,324.8,1,1,0,118,MUV,Petrol,Pune,1.07
24.5,1.81,55.0,1943,38.4,0,6,13,21.3,-1.11,1.94,517.7,0,2,2,191,SUV,Petrol,Lucknow,3.11
45.6,1.84,61.5,2456,60.2,0,5,19,24.9,3.28,4.7,399.1,0,1,1,110,MUV,CNG,Bangalore,3.72
86.78,1.47,67.7,2910,54.0,0,1,4,34.3,-2.9,3.61,245.4,1,0,0,139,Sedan,Petrol,Delhi,2.24
16.92,1.41,48.8,1354,34.7,1,14,23,27.5,4.22,1.83,435.4,0,2,2,110,MUV,Diesel,Pune,3.62
59.63,0.88,55.3,2335,38.5,2,7,17,29.1,-0.93,4.24,531.3,1,1,1,185,SUV,Petrol,Ahmedabad,3.16
36.28,0.38,54.2,1895,17.0,1,14,17,25.0,1.18,2.23,736.8,0,1,0,140,Sedan,Diesel,Pune,2.04
18.24,2.46,59.4,1786,65.0,1,5,9,30.9,0.33,1.02,721.9,0,2,0,129,Sedan,Petrol,Bangalore,4.13
45.14,2.48,61.3,2348,65.2,1,10,37,24.3,-1.02,1.97,275.1,0,1,0,142,Sedan,Petrol,Kolkata,3.8
26.94,1.9,57.1,2034,55.0,0,11,10,26.0,-1.71,3.07,728.4,0,2,0,138,MUV,Petrol,Kolkata,2.43
34.95,1.32,52.4,1897,33.7,0,9,13,27.3,-0.1,0.36,41.0,0,2,0,178,SUV,Petrol,Lucknow,2.43
40.01,0.84,49.8,1914,33.8,1,14,16,25.8,1.41,1.31,160.7,1,1,0,166,SUV,Petrol,Mumbai,2.57
49.59,1.96,58.1,2281,52.7,1,11,39,39.1,-2.8,0.42,399.0,0,1,2,104,MUV,Diesel,Kolkata,2.84
10.3,1.08,50.2,1472,38.0,0,4,21,25.5,-3.05,1.37,313.2,0,2,0,164,SUV,Petrol,Lucknow,1.68
29.84,0.83,49.0,1468,28.1,2,12,14,35.3,-3.55,3.48,344.1,0,2,2,148,Sedan,Diesel,Pune,1.99
32.03,0.68,54.8,1627,26.9,0,2,12,29.6,2.7,3.19,109.0,1,2,0,132,MUV,Petrol,Jaipur,2.35
20.1,0.61,48.9,1302,33.6,0,27,16,28.6,2.65,2.75,545.9,0,1,0,118,MUV,CNG,Bangalore,2.38
11.88,1.86,54.2,1511,53.7,0,14,14,25.8,-3.01,2.25,98.4,1,2,1,89,Hatchback,Petrol,Bangalore,2.17
31.97,0.5,51.0,1623,17.8,1,13,17,22.0,5.73,1.48,225.2,0,2,0,135,Sedan,CNG,Pune,3.2
27.21,2.08,54.0,1827,48.2,0,7,11,19.7,6.42,2.52,130.1,0,2,1,105,Sedan,Diesel,Jaipur,3.81
22.27,1.52,55.0,1825,42.8,2,21,28,31.4,3.97,0.93,636.8,1,1,2,125,MUV,Petrol,Pune,4.66
30.7,1.94,58.4,2269,47.1,2,19,22,36.5,3.84,2.86,567.9,1,1,0,114,Sedan,Petrol,Mumbai,4.81
34.59,1.73,56.1,2051,55.9,2,27,22,34.5,4.78,0.22,56.7,1,1,0,97,Hatchback,Petrol,Pune,4.84
56.64,1.08,56.9,2322,39.7,1,16,18,36.1,2.87,0.41,424.3,0,1,0,94,Hatchback,Petrol,Hyderabad,3.44
25.62,2.36,61.3,2167,64.2,1,23,10,26.6,-2.23,1.29,594.4,1,1,0,103,MUV,Diesel,Pune,2.53
45.64,2.48,64.8,2694,72.7,1,29,39,31.7,1.18,3.55,117.0,0,1,0,136,Sedan,Petrol,Chennai,4.5
40.49,0.92,54.9,2125,32.8,0,25,28,36.9,1.18,1.95,170.3,0,1,0,98,MUV,Petrol,Chennai,2.42
31.56,1.47,53.5,1874,45.8,1,5,21,44.1,0.64,4.24,204.2,1,1,0,118,MUV,CNG,Delhi,3.1
41.22,0.63,52.0,1593,28.1,1,28,31,31.6,1.44,0.37,623.9,0,1,0,160,SUV,Diesel,Bangalore,2.52
39.96,0.5,49.7,1813,19.3,2,29,26,33.5,5.41,1.93,48.9,0,1,1,100,MUV,Diesel,Jaipur,3.52
23.51,0.53,49.1,1519,26.0,0,18,12,28.3,-5.35,0.56,798.2,0,1,0,160,SUV,Diesel,Mumbai,0.35
99.09,2.05,72.9,3309,64.8,1,1,7,23.9,-2.78,4.27,336.8,1,0,0,122,MUV,Petrol,Jaipur,3.08
24.93,1.45,56.3,1830,52.8,2,11,38,40.2,-2.89,2.27,77.0,0,1,1,114,Sedan,CNG,Lucknow,2.99
25.03,1.08,50.9,1762,37.2,2,18,31,32.3,3.88,4.23,600.3,0,1,0,150,SUV,Petrol,Lucknow,4.42
88.48,0.87,63.5,3217,42.6,1,0,6,36.6,-2.33,2.33,651.9,0,0,0,150,SUV,Petrol,Mumbai,2.43
27.18,0.33,49.0,1603,24.1,1,12,35,21.1,0.13,1.36,332.9,0,1,0,128,Sedan,Petrol,Pune,2.16
28.4,0.97,51.1,1676,25.6,2,17,38,27.2,-4.22,4.18,633.4,0,1,1,130,Sedan,Petrol,Mumbai,1.94
86.94,0.62,57.4,2782,37.8,0,0,1,20.1,2.25,3.86,129.6,1,0,0,113,Sedan,CNG,Lucknow,2.15
50.03,2.41,63.1,2524,68.5,0,29,13,36.1,0.75,2.06,19.3,1,1,1,95,MUV,Petrol,Mumbai,3.45
72.83,1.0,61.7,2814,40.9,0,2,5,39.7,-0.35,2.4,80.5,0,0,1,71,Hatchback,CNG,Lucknow,2.14
38.85,0.38,51.4,1708,25.0,2,18,18,24.4,4.92,1.14,203.4,0,1,1,153,SUV,Petrol,Hyderabad,3.94
64.52,1.5,60.2,2536,53.1,0,3,6,44.6,3.37,0.4,696.1,0,0,0,133,Sedan,Diesel,Delhi,3.24
20.78,2.18,47.5,1912,48.7,1,12,21,34.1,2.07,2.02,431.2,1,2,0,119,Sedan,Petrol,Hyderabad,3.93
54.34,1.24,58.4,2486,43.4,1,7,24,25.7,-1.82,1.92,194.0,0,1,1,117,Sedan,Diesel,Hyderabad,2.1
42.7,1.8,59.2,1992,66.2,1,7,29,28.7,-5.45,4.8,120.0,0,1,0,102,Sedan,Diesel,Pune,1.67
44.4,1.62,57.6,2220,46.5,0,16,32,22.9,3.44,0.62,378.4,0,1,0,137,MUV,CNG,Pune,3.17
15.65,2.1,58.0,1800,53.9,1,4,5,27.6,-4.12,0.68,79.1,0,2,0,97,Hatchback,Petrol,Hyderabad,2.7
33.76,1.53,51.4,2031,43.6,0,13,20,37.8,2.77,4.37,285.3,0,2,0,82,Hatchback,Petrol,Ahmedabad,3.3
20.43,0.86,53.0,1485,30.2,0,24,36,35.4,1.65,3.73,700.8,0,1,1,93,Hatchback,Diesel,Chennai,2.6
56.42,0.95,50.0,2389,36.2,1,14,36,24.7,-5.62,1.5,627.1,1,1,0,84,Hatchback,CNG,Pune,0.68
118.15,1.36,73.6,3633,57.0,1,1,1,28.3,-1.42,2.49,9.4,1,0,0,108,MUV,Diesel,Hyderabad,2.67
29.85,0.37,47.1,1833,16.8,1,26,28,24.4,-3.04,0.94,330.8,0,1,2,102,MUV,Petrol,Kolkata,1.56
28.54,1.13,51.0,1484,33.8,1,29,15,38.3,1.63,4.52,108.6,1,1,0,152,SUV,Diesel,Chennai,2.68
23.71,1.61,56.7,1776,48.2,0,3,7,34.3,3.8,4.03,549.2,0,2,0,101,Sedan,Petrol,Lucknow,3.55
